#2026 09 09 05:35:13.334#Z#DEBUG#125301ff-ac10-11f1-b39f-eeee0a9ef9bb.Insurance_claim_management-srv#flowable-async-job-executor-thread-6576#
[PollStageAppStatusExecution] 36814cef-ef5f-4c60-bb5c-9a0d13b8c81b [2026-09-09T05:34:25.654222] Updated app with guid 36814cef-ef5f-4c60-bb5c-9a0d13b8c81b ({"lifecycle"=>{"data"=>{"buildpacks"=>["nodejs_buildpack"]}, "type"=>"buildpack"}}) (STDOUT, API)#
#2026 09 09 05:35:13.334#Z#DEBUG#125301ff-ac10-11f1-b39f-eeee0a9ef9bb.Insurance_claim_management-srv#flowable-async-job-executor-thread-6576#
[PollStageAppStatusExecution] 36814cef-ef5f-4c60-bb5c-9a0d13b8c81b [2026-09-09T05:34:25.760787] Updating process: "web" (STDOUT, API)#
#2026 09 09 05:35:13.334#Z#DEBUG#125301ff-ac10-11f1-b39f-eeee0a9ef9bb.Insurance_claim_management-srv#flowable-async-job-executor-thread-6576#
[PollStageAppStatusExecution] 36814cef-ef5f-4c60-bb5c-9a0d13b8c81b [2026-09-09T05:34:53.694558] Uploading app package for app with guid 36814cef-ef5f-4c60-bb5c-9a0d13b8c81b (STDOUT, API)#
#2026 09 09 05:35:13.334#Z#DEBUG#125301ff-ac10-11f1-b39f-eeee0a9ef9bb.Insurance_claim_management-srv#flowable-async-job-executor-thread-6576#
[PollStageAppStatusExecution] 36814cef-ef5f-4c60-bb5c-9a0d13b8c81b [2026-09-09T05:34:53.865233] Updated app with guid 36814cef-ef5f-4c60-bb5c-9a0d13b8c81b ({"environment_variables"=>"[PRIVATE DATA HIDDEN]"}) (STDOUT, API)#
#2026 09 09 05:35:13.334#Z#DEBUG#125301ff-ac10-11f1-b39f-eeee0a9ef9bb.Insurance_claim_management-srv#flowable-async-job-executor-thread-6576#
[PollStageAppStatusExecution] 36814cef-ef5f-4c60-bb5c-9a0d13b8c81b [2026-09-09T05:35:03.597351] Stopping app with guid 36814cef-ef5f-4c60-bb5c-9a0d13b8c81b (STDOUT, API)#
#2026 09 09 05:35:13.334#Z#DEBUG#125301ff-ac10-11f1-b39f-eeee0a9ef9bb.Insurance_claim_management-srv#flowable-async-job-executor-thread-6576#
[PollStageAppStatusExecution] 36814cef-ef5f-4c60-bb5c-9a0d13b8c81b [2026-09-09T05:35:03.631071] Cell d1cc041a-d5a1-41d6-b9f6-6cda736ce3f0 stopping instance 963e7c58-d995-460f-63dd-3a12 (STDOUT, CELL)#
#2026 09 09 05:35:13.334#Z#DEBUG#125301ff-ac10-11f1-b39f-eeee0a9ef9bb.Insurance_claim_management-srv#flowable-async-job-executor-thread-6576#
[PollStageAppStatusExecution] 36814cef-ef5f-4c60-bb5c-9a0d13b8c81b [2026-09-09T05:35:03.815321] Creating build for app with guid 36814cef-ef5f-4c60-bb5c-9a0d13b8c81b (STDOUT, API)#
#2026 09 09 05:35:13.334#Z#DEBUG#125301ff-ac10-11f1-b39f-eeee0a9ef9bb.Insurance_claim_management-srv#flowable-async-job-executor-thread-6576#
[PollStageAppStatusExecution] 36814cef-ef5f-4c60-bb5c-9a0d13b8c81b [2026-09-09T05:35:04.213307] Downloading nodejs_buildpack... (STDOUT, STG)#
#2026 09 09 05:35:13.334#Z#DEBUG#125301ff-ac10-11f1-b39f-eeee0a9ef9bb.Insurance_claim_management-srv#flowable-async-job-executor-thread-6576#
[PollStageAppStatusExecution] 36814cef-ef5f-4c60-bb5c-9a0d13b8c81b [2026-09-09T05:35:04.254879] Downloaded nodejs_buildpack (STDOUT, STG)#
#2026 09 09 05:35:13.334#Z#DEBUG#125301ff-ac10-11f1-b39f-eeee0a9ef9bb.Insurance_claim_management-srv#flowable-async-job-executor-thread-6576#
[PollStageAppStatusExecution] 36814cef-ef5f-4c60-bb5c-9a0d13b8c81b [2026-09-09T05:35:04.255030] Cell c839c7b1-088e-41af-b9b7-66256aacd457 creating container for instance 1bec3566-c153-49a8-bf29-1a1506cc42d8 (STDOUT, STG)#
#2026 09 09 05:35:13.334#Z#DEBUG#125301ff-ac10-11f1-b39f-eeee0a9ef9bb.Insurance_claim_management-srv#flowable-async-job-executor-thread-6576#
[PollStageAppStatusExecution] 36814cef-ef5f-4c60-bb5c-9a0d13b8c81b [2026-09-09T05:35:05.050278] Security group rules were updated (STDOUT, STG)#
#2026 09 09 05:35:13.334#Z#DEBUG#125301ff-ac10-11f1-b39f-eeee0a9ef9bb.Insurance_claim_management-srv#flowable-async-job-executor-thread-6576#
[PollStageAppStatusExecution] 36814cef-ef5f-4c60-bb5c-9a0d13b8c81b [2026-09-09T05:35:05.154027] Cell c839c7b1-088e-41af-b9b7-66256aacd457 successfully created container for instance 1bec3566-c153-49a8-bf29-1a1506cc42d8 (STDOUT, STG)#
#2026 09 09 05:35:13.334#Z#DEBUG#125301ff-ac10-11f1-b39f-eeee0a9ef9bb.Insurance_claim_management-srv#flowable-async-job-executor-thread-6576#
[PollStageAppStatusExecution] 36814cef-ef5f-4c60-bb5c-9a0d13b8c81b [2026-09-09T05:35:06.626536] Downloading app package... (STDOUT, STG)#
#2026 09 09 05:35:13.334#Z#DEBUG#125301ff-ac10-11f1-b39f-eeee0a9ef9bb.Insurance_claim_management-srv#flowable-async-job-executor-thread-6576#
[PollStageAppStatusExecution] 36814cef-ef5f-4c60-bb5c-9a0d13b8c81b [2026-09-09T05:35:06.626635] Downloading build artifacts cache... (STDOUT, STG)#
#2026 09 09 05:35:13.334#Z#DEBUG#125301ff-ac10-11f1-b39f-eeee0a9ef9bb.Insurance_claim_management-srv#flowable-async-job-executor-thread-6576#
[PollStageAppStatusExecution] 36814cef-ef5f-4c60-bb5c-9a0d13b8c81b [2026-09-09T05:35:06.707657] Downloaded build artifacts cache (223B) (STDOUT, STG)#
#2026 09 09 05:35:13.334#Z#DEBUG#125301ff-ac10-11f1-b39f-eeee0a9ef9bb.Insurance_claim_management-srv#flowable-async-job-executor-thread-6576#
[PollStageAppStatusExecution] 36814cef-ef5f-4c60-bb5c-9a0d13b8c81b [2026-09-09T05:35:07.995194] Downloaded app package (13.7M) (STDOUT, STG)#
#2026 09 09 05:35:13.334#Z#DEBUG#125301ff-ac10-11f1-b39f-eeee0a9ef9bb.Insurance_claim_management-srv#flowable-async-job-executor-thread-6576#
[PollStageAppStatusExecution] 36814cef-ef5f-4c60-bb5c-9a0d13b8c81b [2026-09-09T05:35:08.093798] -----> Nodejs Buildpack version 1.9.3 (STDOUT, STG)#
#2026 09 09 05:35:13.334#Z#DEBUG#125301ff-ac10-11f1-b39f-eeee0a9ef9bb.Insurance_claim_management-srv#flowable-async-job-executor-thread-6576#
[PollStageAppStatusExecution] 36814cef-ef5f-4c60-bb5c-9a0d13b8c81b [2026-09-09T05:35:08.560658] -----> Bootstrapping python (STDOUT, STG)#
#2026 09 09 05:35:13.334#Z#DEBUG#125301ff-ac10-11f1-b39f-eeee0a9ef9bb.Insurance_claim_management-srv#flowable-async-job-executor-thread-6576#
[PollStageAppStatusExecution] 36814cef-ef5f-4c60-bb5c-9a0d13b8c81b [2026-09-09T05:35:08.560848] -----> Installing python 3.13.14 (STDOUT, STG)#
#2026 09 09 05:35:13.334#Z#DEBUG#125301ff-ac10-11f1-b39f-eeee0a9ef9bb.Insurance_claim_management-srv#flowable-async-job-executor-thread-6576#
[PollStageAppStatusExecution] 36814cef-ef5f-4c60-bb5c-9a0d13b8c81b [2026-09-09T05:35:08.561043] Copy [/tmp/buildpacks/336fb825d4d72bff/dependencies/4b4266a2ff36730aef37b88b668ca327/python_3.13.14_linux_x64_cflinuxfs4_b80d4954.tgz] (STDOUT, STG)#
#2026 09 09 05:35:13.334#Z#DEBUG#125301ff-ac10-11f1-b39f-eeee0a9ef9bb.Insurance_claim_management-srv#flowable-async-job-executor-thread-6576#
[PollStageAppStatusExecution] 36814cef-ef5f-4c60-bb5c-9a0d13b8c81b [2026-09-09T05:35:12.669715] -----> Installing binaries (STDOUT, STG)#
#2026 09 09 05:35:13.334#Z#DEBUG#125301ff-ac10-11f1-b39f-eeee0a9ef9bb.Insurance_claim_management-srv#flowable-async-job-executor-thread-6576#
[PollStageAppStatusExecution] 36814cef-ef5f-4c60-bb5c-9a0d13b8c81b [2026-09-09T05:35:12.669818] engines.node (package.json): >=20 (STDOUT, STG)#
#2026 09 09 05:35:13.334#Z#DEBUG#125301ff-ac10-11f1-b39f-eeee0a9ef9bb.Insurance_claim_management-srv#flowable-async-job-executor-thread-6576#
[PollStageAppStatusExecution] 36814cef-ef5f-4c60-bb5c-9a0d13b8c81b [2026-09-09T05:35:12.669844] engines.npm (package.json): unspecified (use default) (STDOUT, STG)#
#2026 09 09 05:35:13.334#Z#DEBUG#125301ff-ac10-11f1-b39f-eeee0a9ef9bb.Insurance_claim_management-srv#flowable-async-job-executor-thread-6576#
[PollStageAppStatusExecution] 36814cef-ef5f-4c60-bb5c-9a0d13b8c81b [2026-09-09T05:35:12.669933] [31;1m**WARNING**[0m Dangerous semver range (>) in engines.node. See: http://docs.cloudfoundry.org/buildpacks/node/node-tips.html (STDOUT, STG)#
#2026 09 09 05:35:13.334#Z#DEBUG#125301ff-ac10-11f1-b39f-eeee0a9ef9bb.Insurance_claim_management-srv#flowable-async-job-executor-thread-6576#
[PollStageAppStatusExecution] 36814cef-ef5f-4c60-bb5c-9a0d13b8c81b [2026-09-09T05:35:12.670101] -----> Installing node 24.18.0 (STDOUT, STG)#
#2026 09 09 05:35:13.334#Z#DEBUG#125301ff-ac10-11f1-b39f-eeee0a9ef9bb.Insurance_claim_management-srv#flowable-async-job-executor-thread-6576#
[PollStageAppStatusExecution] 36814cef-ef5f-4c60-bb5c-9a0d13b8c81b [2026-09-09T05:35:12.670447] Copy [/tmp/buildpacks/336fb825d4d72bff/dependencies/dffbbb835fcd073c4544f78eb6247fac/node_24.18.0_linux_x64_cflinuxfs4_cdfed650.tgz] (STDOUT, STG)#
#2026 09 09 05:35:23.346#Z#DEBUG#125301ff-ac10-11f1-b39f-eeee0a9ef9bb.Insurance_claim_management-srv#flowable-async-job-executor-thread-9345#
[PollStageAppStatusExecution] 36814cef-ef5f-4c60-bb5c-9a0d13b8c81b [2026-09-09T05:35:15.180943] Using default npm version: 11.16.0 (STDOUT, STG)#
#2026 09 09 05:35:23.346#Z#DEBUG#125301ff-ac10-11f1-b39f-eeee0a9ef9bb.Insurance_claim_management-srv#flowable-async-job-executor-thread-9345#
[PollStageAppStatusExecution] 36814cef-ef5f-4c60-bb5c-9a0d13b8c81b [2026-09-09T05:35:15.180977] -----> Installing yarn 1.22.22 (STDOUT, STG)#
#2026 09 09 05:35:23.346#Z#DEBUG#125301ff-ac10-11f1-b39f-eeee0a9ef9bb.Insurance_claim_management-srv#flowable-async-job-executor-thread-9345#
[PollStageAppStatusExecution] 36814cef-ef5f-4c60-bb5c-9a0d13b8c81b [2026-09-09T05:35:15.180982] Copy [/tmp/buildpacks/336fb825d4d72bff/dependencies/e4fe26756e9984a665478d350474fa2e/yarn_1.22.22_linux_noarch_any-stack_b6132b86.tgz] (STDOUT, STG)#
#2026 09 09 05:35:23.346#Z#DEBUG#125301ff-ac10-11f1-b39f-eeee0a9ef9bb.Insurance_claim_management-srv#flowable-async-job-executor-thread-9345#
[PollStageAppStatusExecution] 36814cef-ef5f-4c60-bb5c-9a0d13b8c81b [2026-09-09T05:35:15.555399] Installed yarn 1.22.22 (STDOUT, STG)#
#2026 09 09 05:35:23.346#Z#DEBUG#125301ff-ac10-11f1-b39f-eeee0a9ef9bb.Insurance_claim_management-srv#flowable-async-job-executor-thread-9345#
[PollStageAppStatusExecution] 36814cef-ef5f-4c60-bb5c-9a0d13b8c81b [2026-09-09T05:35:15.555418] -----> Creating runtime environment (STDOUT, STG)#
#2026 09 09 05:35:23.346#Z#DEBUG#125301ff-ac10-11f1-b39f-eeee0a9ef9bb.Insurance_claim_management-srv#flowable-async-job-executor-thread-9345#
[PollStageAppStatusExecution] 36814cef-ef5f-4c60-bb5c-9a0d13b8c81b [2026-09-09T05:35:15.557436] NODE_ENV=production (STDOUT, STG)#
#2026 09 09 05:35:23.346#Z#DEBUG#125301ff-ac10-11f1-b39f-eeee0a9ef9bb.Insurance_claim_management-srv#flowable-async-job-executor-thread-9345#
[PollStageAppStatusExecution] 36814cef-ef5f-4c60-bb5c-9a0d13b8c81b [2026-09-09T05:35:15.557463] NODE_HOME=/tmp/contents1265098893/deps/0/node (STDOUT, STG)#
#2026 09 09 05:35:23.346#Z#DEBUG#125301ff-ac10-11f1-b39f-eeee0a9ef9bb.Insurance_claim_management-srv#flowable-async-job-executor-thread-9345#
[PollStageAppStatusExecution] 36814cef-ef5f-4c60-bb5c-9a0d13b8c81b [2026-09-09T05:35:15.557466] NODE_MODULES_CACHE=true (STDOUT, STG)#
#2026 09 09 05:35:23.346#Z#DEBUG#125301ff-ac10-11f1-b39f-eeee0a9ef9bb.Insurance_claim_management-srv#flowable-async-job-executor-thread-9345#
[PollStageAppStatusExecution] 36814cef-ef5f-4c60-bb5c-9a0d13b8c81b [2026-09-09T05:35:15.557472] NODE_VERBOSE=false (STDOUT, STG)#
#2026 09 09 05:35:23.346#Z#DEBUG#125301ff-ac10-11f1-b39f-eeee0a9ef9bb.Insurance_claim_management-srv#flowable-async-job-executor-thread-9345#
[PollStageAppStatusExecution] 36814cef-ef5f-4c60-bb5c-9a0d13b8c81b [2026-09-09T05:35:15.557475] NPM_CONFIG_LOGLEVEL=error (STDOUT, STG)#
#2026 09 09 05:35:23.346#Z#DEBUG#125301ff-ac10-11f1-b39f-eeee0a9ef9bb.Insurance_claim_management-srv#flowable-async-job-executor-thread-9345#
[PollStageAppStatusExecution] 36814cef-ef5f-4c60-bb5c-9a0d13b8c81b [2026-09-09T05:35:15.557478] NPM_CONFIG_PRODUCTION=true (STDOUT, STG)#
#2026 09 09 05:35:23.346#Z#DEBUG#125301ff-ac10-11f1-b39f-eeee0a9ef9bb.Insurance_claim_management-srv#flowable-async-job-executor-thread-9345#
[PollStageAppStatusExecution] 36814cef-ef5f-4c60-bb5c-9a0d13b8c81b [2026-09-09T05:35:15.557481] -----> Building dependencies (STDOUT, STG)#
#2026 09 09 05:35:23.346#Z#DEBUG#125301ff-ac10-11f1-b39f-eeee0a9ef9bb.Insurance_claim_management-srv#flowable-async-job-executor-thread-9345#
[PollStageAppStatusExecution] 36814cef-ef5f-4c60-bb5c-9a0d13b8c81b [2026-09-09T05:35:15.557483] Prebuild detected (node_modules already exists) (STDOUT, STG)#
#2026 09 09 05:35:23.346#Z#DEBUG#125301ff-ac10-11f1-b39f-eeee0a9ef9bb.Insurance_claim_management-srv#flowable-async-job-executor-thread-9345#
[PollStageAppStatusExecution] 36814cef-ef5f-4c60-bb5c-9a0d13b8c81b [2026-09-09T05:35:15.557485] Rebuilding any native modules (STDOUT, STG)#
#2026 09 09 05:35:23.346#Z#DEBUG#125301ff-ac10-11f1-b39f-eeee0a9ef9bb.Insurance_claim_management-srv#flowable-async-job-executor-thread-9345#
[PollStageAppStatusExecution] 36814cef-ef5f-4c60-bb5c-9a0d13b8c81b [2026-09-09T05:35:16.421682] rebuilt dependencies successfully (STDOUT, STG)#
#2026 09 09 05:35:23.346#Z#DEBUG#125301ff-ac10-11f1-b39f-eeee0a9ef9bb.Insurance_claim_management-srv#flowable-async-job-executor-thread-9345#
[PollStageAppStatusExecution] 36814cef-ef5f-4c60-bb5c-9a0d13b8c81b [2026-09-09T05:35:16.424082] npm notice (STDOUT, STG)#
#2026 09 09 05:35:23.346#Z#DEBUG#125301ff-ac10-11f1-b39f-eeee0a9ef9bb.Insurance_claim_management-srv#flowable-async-job-executor-thread-9345#
[PollStageAppStatusExecution] 36814cef-ef5f-4c60-bb5c-9a0d13b8c81b [2026-09-09T05:35:16.424117] npm notice New major version of npm available! 11.16.0 -> 12.0.2 (STDOUT, STG)#
#2026 09 09 05:35:23.346#Z#DEBUG#125301ff-ac10-11f1-b39f-eeee0a9ef9bb.Insurance_claim_management-srv#flowable-async-job-executor-thread-9345#
[PollStageAppStatusExecution] 36814cef-ef5f-4c60-bb5c-9a0d13b8c81b [2026-09-09T05:35:16.424140] npm notice Changelog: https://github.com/npm/cli/releases/tag/v12.0.2 (STDOUT, STG)#
#2026 09 09 05:35:23.346#Z#DEBUG#125301ff-ac10-11f1-b39f-eeee0a9ef9bb.Insurance_claim_management-srv#flowable-async-job-executor-thread-9345#
[PollStageAppStatusExecution] 36814cef-ef5f-4c60-bb5c-9a0d13b8c81b [2026-09-09T05:35:16.424148] npm notice To update run: npm install -g npm@12.0.2 (STDOUT, STG)#
#2026 09 09 05:35:23.346#Z#DEBUG#125301ff-ac10-11f1-b39f-eeee0a9ef9bb.Insurance_claim_management-srv#flowable-async-job-executor-thread-9345#
[PollStageAppStatusExecution] 36814cef-ef5f-4c60-bb5c-9a0d13b8c81b [2026-09-09T05:35:16.424150] npm notice (STDOUT, STG)#
#2026 09 09 05:35:23.346#Z#DEBUG#125301ff-ac10-11f1-b39f-eeee0a9ef9bb.Insurance_claim_management-srv#flowable-async-job-executor-thread-9345#
[PollStageAppStatusExecution] 36814cef-ef5f-4c60-bb5c-9a0d13b8c81b [2026-09-09T05:35:16.496803] Installing any new modules (package.json + package-lock.json) (STDOUT, STG)#
#2026 09 09 05:35:23.346#Z#DEBUG#125301ff-ac10-11f1-b39f-eeee0a9ef9bb.Insurance_claim_management-srv#flowable-async-job-executor-thread-9345#
[PollStageAppStatusExecution] 36814cef-ef5f-4c60-bb5c-9a0d13b8c81b [2026-09-09T05:35:17.513288] up to date in 912ms (STDOUT, STG)#
#2026 09 09 05:35:23.346#Z#DEBUG#125301ff-ac10-11f1-b39f-eeee0a9ef9bb.Insurance_claim_management-srv#flowable-async-job-executor-thread-9345#
[PollStageAppStatusExecution] 36814cef-ef5f-4c60-bb5c-9a0d13b8c81b [2026-09-09T05:35:17.513558] 40 packages are looking for funding (STDOUT, STG)#
#2026 09 09 05:35:23.346#Z#DEBUG#125301ff-ac10-11f1-b39f-eeee0a9ef9bb.Insurance_claim_management-srv#flowable-async-job-executor-thread-9345#
[PollStageAppStatusExecution] 36814cef-ef5f-4c60-bb5c-9a0d13b8c81b [2026-09-09T05:35:17.513578] run `npm fund` for details (STDOUT, STG)#
#2026 09 09 05:35:23.346#Z#DEBUG#125301ff-ac10-11f1-b39f-eeee0a9ef9bb.Insurance_claim_management-srv#flowable-async-job-executor-thread-9345#
[PollStageAppStatusExecution] 36814cef-ef5f-4c60-bb5c-9a0d13b8c81b [2026-09-09T05:35:18.646325] Contrast Security no credentials found. Will not write environment files. (STDOUT, STG)#
#2026 09 09 05:35:33.352#Z#DEBUG#125301ff-ac10-11f1-b39f-eeee0a9ef9bb.Insurance_claim_management-srv#flowable-async-job-executor-thread-9351#
[PollStageAppStatusExecution] 36814cef-ef5f-4c60-bb5c-9a0d13b8c81b [2026-09-09T05:35:30.389303] Exit status 0 (STDOUT, STG)#
#2026 09 09 05:35:33.352#Z#DEBUG#125301ff-ac10-11f1-b39f-eeee0a9ef9bb.Insurance_claim_management-srv#flowable-async-job-executor-thread-9351#
[PollStageAppStatusExecution] 36814cef-ef5f-4c60-bb5c-9a0d13b8c81b [2026-09-09T05:35:30.389357] Uploading droplet, build artifacts cache... (STDOUT, STG)#
#2026 09 09 05:35:33.352#Z#DEBUG#125301ff-ac10-11f1-b39f-eeee0a9ef9bb.Insurance_claim_management-srv#flowable-async-job-executor-thread-9351#
[PollStageAppStatusExecution] 36814cef-ef5f-4c60-bb5c-9a0d13b8c81b [2026-09-09T05:35:30.389401] Uploading droplet... (STDOUT, STG)#
#2026 09 09 05:35:33.352#Z#DEBUG#125301ff-ac10-11f1-b39f-eeee0a9ef9bb.Insurance_claim_management-srv#flowable-async-job-executor-thread-9351#
[PollStageAppStatusExecution] 36814cef-ef5f-4c60-bb5c-9a0d13b8c81b [2026-09-09T05:35:30.389702] Uploading build artifacts cache... (STDOUT, STG)#
#2026 09 09 05:35:33.352#Z#DEBUG#125301ff-ac10-11f1-b39f-eeee0a9ef9bb.Insurance_claim_management-srv#flowable-async-job-executor-thread-9351#
[PollStageAppStatusExecution] 36814cef-ef5f-4c60-bb5c-9a0d13b8c81b [2026-09-09T05:35:30.414947] Uploaded build artifacts cache (225B) (STDOUT, STG)#
#2026 09 09 05:35:33.352#Z#DEBUG#125301ff-ac10-11f1-b39f-eeee0a9ef9bb.Insurance_claim_management-srv#flowable-async-job-executor-thread-9351#
[PollStageAppStatusExecution] 36814cef-ef5f-4c60-bb5c-9a0d13b8c81b [2026-09-09T05:35:31.185257] Creating droplet for app with guid 36814cef-ef5f-4c60-bb5c-9a0d13b8c81b (STDOUT, API)#
#2026 09 09 05:35:43.338#Z#DEBUG#125301ff-ac10-11f1-b39f-eeee0a9ef9bb.Insurance_claim_management-srv#flowable-async-job-executor-thread-15359#
[PollStageAppStatusExecution] 36814cef-ef5f-4c60-bb5c-9a0d13b8c81b [2026-09-09T05:35:34.261819] Uploaded droplet (68.5M) (STDOUT, STG)#
#2026 09 09 05:35:43.338#Z#DEBUG#125301ff-ac10-11f1-b39f-eeee0a9ef9bb.Insurance_claim_management-srv#flowable-async-job-executor-thread-15359#
[PollStageAppStatusExecution] 36814cef-ef5f-4c60-bb5c-9a0d13b8c81b [2026-09-09T05:35:34.284479] Uploading complete (STDOUT, STG)#
#2026 09 09 05:35:43.338#Z#DEBUG#125301ff-ac10-11f1-b39f-eeee0a9ef9bb.Insurance_claim_management-srv#flowable-async-job-executor-thread-15359#
[PollStageAppStatusExecution] 36814cef-ef5f-4c60-bb5c-9a0d13b8c81b [2026-09-09T05:35:35.090172] Cell c839c7b1-088e-41af-b9b7-66256aacd457 stopping instance 1bec3566-c153-49a8-bf29-1a1506cc42d8 (STDOUT, STG)#
#2026 09 09 05:35:43.338#Z#DEBUG#125301ff-ac10-11f1-b39f-eeee0a9ef9bb.Insurance_claim_management-srv#flowable-async-job-executor-thread-15359#
[PollStageAppStatusExecution] 36814cef-ef5f-4c60-bb5c-9a0d13b8c81b [2026-09-09T05:35:35.090214] Cell c839c7b1-088e-41af-b9b7-66256aacd457 destroying container for instance 1bec3566-c153-49a8-bf29-1a1506cc42d8 (STDOUT, STG)#
#2026 09 09 05:35:43.338#Z#DEBUG#125301ff-ac10-11f1-b39f-eeee0a9ef9bb.Insurance_claim_management-srv#flowable-async-job-executor-thread-15359#
[PollStageAppStatusExecution] 36814cef-ef5f-4c60-bb5c-9a0d13b8c81b [2026-09-09T05:35:35.139673] Staging complete for build 1bec3566-c153-49a8-bf29-1a1506cc42d8 (STDOUT, API)#
#2026 09 09 05:35:43.338#Z#DEBUG#125301ff-ac10-11f1-b39f-eeee0a9ef9bb.Insurance_claim_management-srv#flowable-async-job-executor-thread-15359#
[PollStageAppStatusExecution] 36814cef-ef5f-4c60-bb5c-9a0d13b8c81b [2026-09-09T05:35:37.846760] Cell c839c7b1-088e-41af-b9b7-66256aacd457 successfully destroyed container for instance 1bec3566-c153-49a8-bf29-1a1506cc42d8 (STDOUT, STG)#
#2026 09 09 05:35:53.366#Z#DEBUG#125301ff-ac10-11f1-b39f-eeee0a9ef9bb.Insurance_claim_management-srv#flowable-async-job-executor-thread-15367#
[PollStartAppStatusExecution] 36814cef-ef5f-4c60-bb5c-9a0d13b8c81b [2026-09-09T05:35:43.404699] Updated app with guid 36814cef-ef5f-4c60-bb5c-9a0d13b8c81b ({:droplet_guid=>"bb31e147-bd5d-4231-8ff2-8653711cff33"}) (STDOUT, API)#
#2026 09 09 05:35:53.366#Z#DEBUG#125301ff-ac10-11f1-b39f-eeee0a9ef9bb.Insurance_claim_management-srv#flowable-async-job-executor-thread-15367#
[PollStartAppStatusExecution] 36814cef-ef5f-4c60-bb5c-9a0d13b8c81b [2026-09-09T05:35:43.589830] Creating revision for app with guid 36814cef-ef5f-4c60-bb5c-9a0d13b8c81b (STDOUT, API)#
#2026 09 09 05:35:53.366#Z#DEBUG#125301ff-ac10-11f1-b39f-eeee0a9ef9bb.Insurance_claim_management-srv#flowable-async-job-executor-thread-15367#
[PollStartAppStatusExecution] 36814cef-ef5f-4c60-bb5c-9a0d13b8c81b [2026-09-09T05:35:43.628260] Starting app with guid 36814cef-ef5f-4c60-bb5c-9a0d13b8c81b (STDOUT, API)#
#2026 09 09 05:35:53.366#Z#DEBUG#125301ff-ac10-11f1-b39f-eeee0a9ef9bb.Insurance_claim_management-srv#flowable-async-job-executor-thread-15367#
[PollStartAppStatusExecution] 36814cef-ef5f-4c60-bb5c-9a0d13b8c81b [2026-09-09T05:35:43.886708] Cell c839c7b1-088e-41af-b9b7-66256aacd457 creating container for instance 08bf6bd4-c170-4944-4b1b-2c39 (STDOUT, CELL)#
#2026 09 09 05:35:53.366#Z#DEBUG#125301ff-ac10-11f1-b39f-eeee0a9ef9bb.Insurance_claim_management-srv#flowable-async-job-executor-thread-15367#
[PollStartAppStatusExecution] 36814cef-ef5f-4c60-bb5c-9a0d13b8c81b [2026-09-09T05:35:44.588292] Security group rules were updated (STDOUT, CELL)#
#2026 09 09 05:35:53.366#Z#DEBUG#125301ff-ac10-11f1-b39f-eeee0a9ef9bb.Insurance_claim_management-srv#flowable-async-job-executor-thread-15367#
[PollStartAppStatusExecution] 36814cef-ef5f-4c60-bb5c-9a0d13b8c81b [2026-09-09T05:35:44.675027] Cell c839c7b1-088e-41af-b9b7-66256aacd457 successfully created container for instance 08bf6bd4-c170-4944-4b1b-2c39 (STDOUT, CELL)#
#2026 09 09 05:35:53.366#Z#DEBUG#125301ff-ac10-11f1-b39f-eeee0a9ef9bb.Insurance_claim_management-srv#flowable-async-job-executor-thread-15367#
[PollStartAppStatusExecution] 36814cef-ef5f-4c60-bb5c-9a0d13b8c81b [2026-09-09T05:35:45.252700] Downloading droplet... (STDOUT, CELL)#
#2026 09 09 05:35:53.366#Z#DEBUG#125301ff-ac10-11f1-b39f-eeee0a9ef9bb.Insurance_claim_management-srv#flowable-async-job-executor-thread-15367#
[PollStartAppStatusExecution] 36814cef-ef5f-4c60-bb5c-9a0d13b8c81b [2026-09-09T05:35:49.741607] Downloaded droplet (68.5M) (STDOUT, CELL)#
#2026 09 09 05:35:53.366#Z#DEBUG#125301ff-ac10-11f1-b39f-eeee0a9ef9bb.Insurance_claim_management-srv#flowable-async-job-executor-thread-15367#
[PollStartAppStatusExecution] 36814cef-ef5f-4c60-bb5c-9a0d13b8c81b [2026-09-09T05:35:49.741842] Starting health monitoring of container (STDOUT, CELL)#
#2026 09 09 05:35:53.366#Z#DEBUG#125301ff-ac10-11f1-b39f-eeee0a9ef9bb.Insurance_claim_management-srv#flowable-async-job-executor-thread-15367#
[PollStartAppStatusExecution] 36814cef-ef5f-4c60-bb5c-9a0d13b8c81b [2026-09-09T05:35:49.889452] Invoking pre-start scripts. (STDOUT, APP/PROC/WEB)#
#2026 09 09 05:35:53.366#Z#DEBUG#125301ff-ac10-11f1-b39f-eeee0a9ef9bb.Insurance_claim_management-srv#flowable-async-job-executor-thread-15367#
[PollStartAppStatusExecution] 36814cef-ef5f-4c60-bb5c-9a0d13b8c81b [2026-09-09T05:35:50.116920] Invoking start command. (STDOUT, APP/PROC/WEB)#
#2026 09 09 05:35:53.366#Z#DEBUG#125301ff-ac10-11f1-b39f-eeee0a9ef9bb.Insurance_claim_management-srv#flowable-async-job-executor-thread-15367#
[PollStartAppStatusExecution] 36814cef-ef5f-4c60-bb5c-9a0d13b8c81b [2026-09-09T05:35:50.607679] > Insurance_claim_management@1.0.0 start (STDOUT, APP/PROC/WEB)#
#2026 09 09 05:35:53.366#Z#DEBUG#125301ff-ac10-11f1-b39f-eeee0a9ef9bb.Insurance_claim_management-srv#flowable-async-job-executor-thread-15367#
[PollStartAppStatusExecution] 36814cef-ef5f-4c60-bb5c-9a0d13b8c81b [2026-09-09T05:35:50.607702] > cds-serve (STDOUT, APP/PROC/WEB)#
#2026 09 09 05:35:53.366#Z#DEBUG#125301ff-ac10-11f1-b39f-eeee0a9ef9bb.Insurance_claim_management-srv#flowable-async-job-executor-thread-15367#
[PollStartAppStatusExecution] 36814cef-ef5f-4c60-bb5c-9a0d13b8c81b [2026-09-09T05:35:50.686804] [cds] - bootstrapping from { file: 'srv/server.js' } (STDOUT, APP/PROC/WEB)#
#2026 09 09 05:35:53.366#Z#DEBUG#125301ff-ac10-11f1-b39f-eeee0a9ef9bb.Insurance_claim_management-srv#flowable-async-job-executor-thread-15367#
[PollStartAppStatusExecution] 36814cef-ef5f-4c60-bb5c-9a0d13b8c81b [2026-09-09T05:35:50.978317] {"level":"info","logger":"cds","timestamp":"2026-09-09T05:35:50.977Z","layer":"cds","component_type":"application","container_id":"10.32.2.6","component_id":"36814cef-ef5f-4c60-bb5c-9a0d13b8c81b","component_name":"Insurance_claim_management-srv","component_instance":0,"source_instance":0,"organization_name":"547c31aatrial","organization_id":"a8788203-b551-47eb-923a-7c205db28329","space_name":"dev","space_id":"7e49670e-3a44-466e-ab78-1909884ded4e","msg":"loaded model from 1 file(s):\n ","type":"log"} (STDOUT, APP/PROC/WEB)#
#2026 09 09 05:35:53.366#Z#DEBUG#125301ff-ac10-11f1-b39f-eeee0a9ef9bb.Insurance_claim_management-srv#flowable-async-job-executor-thread-15367#
[PollStartAppStatusExecution] 36814cef-ef5f-4c60-bb5c-9a0d13b8c81b [2026-09-09T05:35:50.978359] srv/csn.json (STDOUT, APP/PROC/WEB)#
#2026 09 09 05:35:53.366#Z#DEBUG#125301ff-ac10-11f1-b39f-eeee0a9ef9bb.Insurance_claim_management-srv#flowable-async-job-executor-thread-15367#
[PollStartAppStatusExecution] 36814cef-ef5f-4c60-bb5c-9a0d13b8c81b [2026-09-09T05:35:51.238938] {"level":"info","logger":"cds","timestamp":"2026-09-09T05:35:51.238Z","layer":"cds","component_type":"application","container_id":"10.32.2.6","component_id":"36814cef-ef5f-4c60-bb5c-9a0d13b8c81b","component_name":"Insurance_claim_management-srv","component_instance":0,"source_instance":0,"organization_name":"547c31aatrial","organization_id":"a8788203-b551-47eb-923a-7c205db28329","space_name":"dev","space_id":"7e49670e-3a44-466e-ab78-1909884ded4e","msg":"connect to db > hana {\n  database_id: '9501111f-b680-4320-8ea6-d5aed2abc8eb',\n  host: '9501111f-b680-4320-8ea6-d5aed2abc8eb.hna1.prod-us10.hanacloud.ondemand.com',\n  port: '443',\n  driver: 'com.sap.db.jdbc.Driver',\n  url: 'jdbc:sap://9501111f-b680-4320-8ea6-d5aed2abc8eb.hna1.prod-us10.hanacloud.ondemand.com:443?encrypt=true&validateCertificate=true&currentschema=7A235FC8B8FB49948A4676FBA87E700E',\n  schema: '7A235FC8B8FB49948A4676FBA87E700E',\n  certificate: '...',\n  hdi_user: '7A235FC8B8FB49948A4676FBA87E700E_29O9C3HQWVZ25FKYI651BJXGX_DT',\n  hdi_password: '...',\n  user: '7A235FC8B8FB49948A4676FBA87E700E_29O9C3HQWVZ25FKYI651BJXGX_RT',\n  password: '...'\n}","type":"log"} (STDOUT, APP/PROC/WEB)#
#2026 09 09 05:35:53.366#Z#DEBUG#125301ff-ac10-11f1-b39f-eeee0a9ef9bb.Insurance_claim_management-srv#flowable-async-job-executor-thread-15367#
[PollStartAppStatusExecution] 36814cef-ef5f-4c60-bb5c-9a0d13b8c81b [2026-09-09T05:35:51.268921] /home/vcap/app/srv/service.js:6 (STDERR, APP/PROC/WEB)#
#2026 09 09 05:35:53.366#Z#DEBUG#125301ff-ac10-11f1-b39f-eeee0a9ef9bb.Insurance_claim_management-srv#flowable-async-job-executor-thread-15367#
[PollStartAppStatusExecution] 36814cef-ef5f-4c60-bb5c-9a0d13b8c81b [2026-09-09T05:35:51.268954] const cds = require("@sap/cds"); (STDERR, APP/PROC/WEB)#
#2026 09 09 05:35:53.366#Z#DEBUG#125301ff-ac10-11f1-b39f-eeee0a9ef9bb.Insurance_claim_management-srv#flowable-async-job-executor-thread-15367#
[PollStartAppStatusExecution] 36814cef-ef5f-4c60-bb5c-9a0d13b8c81b [2026-09-09T05:35:51.268963] ^ (STDERR, APP/PROC/WEB)#
#2026 09 09 05:35:53.366#Z#DEBUG#125301ff-ac10-11f1-b39f-eeee0a9ef9bb.Insurance_claim_management-srv#flowable-async-job-executor-thread-15367#
[PollStartAppStatusExecution] 36814cef-ef5f-4c60-bb5c-9a0d13b8c81b [2026-09-09T05:35:51.268984] SyntaxError: Identifier 'cds' has already been declared (STDERR, APP/PROC/WEB)#
#2026 09 09 05:35:53.366#Z#DEBUG#125301ff-ac10-11f1-b39f-eeee0a9ef9bb.Insurance_claim_management-srv#flowable-async-job-executor-thread-15367#
[PollStartAppStatusExecution] 36814cef-ef5f-4c60-bb5c-9a0d13b8c81b [2026-09-09T05:35:51.268987] at wrapSafe (node:internal/modules/cjs/loader:1804:18) (STDERR, APP/PROC/WEB)#
#2026 09 09 05:35:53.366#Z#DEBUG#125301ff-ac10-11f1-b39f-eeee0a9ef9bb.Insurance_claim_management-srv#flowable-async-job-executor-thread-15367#
[PollStartAppStatusExecution] 36814cef-ef5f-4c60-bb5c-9a0d13b8c81b [2026-09-09T05:35:51.269008] at Module._compile (node:internal/modules/cjs/loader:1845:20) (STDERR, APP/PROC/WEB)#
#2026 09 09 05:35:53.366#Z#DEBUG#125301ff-ac10-11f1-b39f-eeee0a9ef9bb.Insurance_claim_management-srv#flowable-async-job-executor-thread-15367#
[PollStartAppStatusExecution] 36814cef-ef5f-4c60-bb5c-9a0d13b8c81b [2026-09-09T05:35:51.269011] at Object..js (node:internal/modules/cjs/loader:2002:10) (STDERR, APP/PROC/WEB)#
#2026 09 09 05:35:53.366#Z#DEBUG#125301ff-ac10-11f1-b39f-eeee0a9ef9bb.Insurance_claim_management-srv#flowable-async-job-executor-thread-15367#
[PollStartAppStatusExecution] 36814cef-ef5f-4c60-bb5c-9a0d13b8c81b [2026-09-09T05:35:51.269014] at Module.load (node:internal/modules/cjs/loader:1594:32) (STDERR, APP/PROC/WEB)#
#2026 09 09 05:35:53.366#Z#DEBUG#125301ff-ac10-11f1-b39f-eeee0a9ef9bb.Insurance_claim_management-srv#flowable-async-job-executor-thread-15367#
[PollStartAppStatusExecution] 36814cef-ef5f-4c60-bb5c-9a0d13b8c81b [2026-09-09T05:35:51.269017] at Module._load (node:internal/modules/cjs/loader:1396:12) (STDERR, APP/PROC/WEB)#
#2026 09 09 05:35:53.366#Z#DEBUG#125301ff-ac10-11f1-b39f-eeee0a9ef9bb.Insurance_claim_management-srv#flowable-async-job-executor-thread-15367#
[PollStartAppStatusExecution] 36814cef-ef5f-4c60-bb5c-9a0d13b8c81b [2026-09-09T05:35:51.269022] at wrapModuleLoad (node:internal/modules/cjs/loader:255:19) (STDERR, APP/PROC/WEB)#
#2026 09 09 05:35:53.366#Z#DEBUG#125301ff-ac10-11f1-b39f-eeee0a9ef9bb.Insurance_claim_management-srv#flowable-async-job-executor-thread-15367#
[PollStartAppStatusExecution] 36814cef-ef5f-4c60-bb5c-9a0d13b8c81b [2026-09-09T05:35:51.269024] at Module.require (node:internal/modules/cjs/loader:1617:12) (STDERR, APP/PROC/WEB)#
#2026 09 09 05:35:53.366#Z#DEBUG#125301ff-ac10-11f1-b39f-eeee0a9ef9bb.Insurance_claim_management-srv#flowable-async-job-executor-thread-15367#
[PollStartAppStatusExecution] 36814cef-ef5f-4c60-bb5c-9a0d13b8c81b [2026-09-09T05:35:51.269027] at require (node:internal/modules/helpers:153:16) (STDERR, APP/PROC/WEB)#
#2026 09 09 05:35:53.366#Z#DEBUG#125301ff-ac10-11f1-b39f-eeee0a9ef9bb.Insurance_claim_management-srv#flowable-async-job-executor-thread-15367#
[PollStartAppStatusExecution] 36814cef-ef5f-4c60-bb5c-9a0d13b8c81b [2026-09-09T05:35:51.269035] at exports._import (/home/vcap/app/node_modules/@sap/cds/lib/utils/cds-utils.js:320:21) (STDERR, APP/PROC/WEB)#
#2026 09 09 05:35:53.366#Z#DEBUG#125301ff-ac10-11f1-b39f-eeee0a9ef9bb.Insurance_claim_management-srv#flowable-async-job-executor-thread-15367#
[PollStartAppStatusExecution] 36814cef-ef5f-4c60-bb5c-9a0d13b8c81b [2026-09-09T05:35:51.269037] at _use (/home/vcap/app/node_modules/@sap/cds/lib/srv/factory.js:32:30) (STDERR, APP/PROC/WEB)#
#2026 09 09 05:35:53.366#Z#DEBUG#125301ff-ac10-11f1-b39f-eeee0a9ef9bb.Insurance_claim_management-srv#flowable-async-job-executor-thread-15367#
[PollStartAppStatusExecution] 36814cef-ef5f-4c60-bb5c-9a0d13b8c81b [2026-09-09T05:35:51.269040] Node.js v24.18.0 (STDERR, APP/PROC/WEB)#
#2026 09 09 05:35:53.366#Z#DEBUG#125301ff-ac10-11f1-b39f-eeee0a9ef9bb.Insurance_claim_management-srv#flowable-async-job-executor-thread-15367#
[PollStartAppStatusExecution] 36814cef-ef5f-4c60-bb5c-9a0d13b8c81b [2026-09-09T05:35:51.290499] npm notice (STDERR, APP/PROC/WEB)#
#2026 09 09 05:35:53.366#Z#DEBUG#125301ff-ac10-11f1-b39f-eeee0a9ef9bb.Insurance_claim_management-srv#flowable-async-job-executor-thread-15367#
[PollStartAppStatusExecution] 36814cef-ef5f-4c60-bb5c-9a0d13b8c81b [2026-09-09T05:35:51.290533] npm notice New major version of npm available! 11.16.0 -> 12.0.2 (STDERR, APP/PROC/WEB)#
#2026 09 09 05:35:53.366#Z#DEBUG#125301ff-ac10-11f1-b39f-eeee0a9ef9bb.Insurance_claim_management-srv#flowable-async-job-executor-thread-15367#
[PollStartAppStatusExecution] 36814cef-ef5f-4c60-bb5c-9a0d13b8c81b [2026-09-09T05:35:51.290538] npm notice Changelog: https://github.com/npm/cli/releases/tag/v12.0.2 (STDERR, APP/PROC/WEB)#
#2026 09 09 05:35:53.366#Z#DEBUG#125301ff-ac10-11f1-b39f-eeee0a9ef9bb.Insurance_claim_management-srv#flowable-async-job-executor-thread-15367#
[PollStartAppStatusExecution] 36814cef-ef5f-4c60-bb5c-9a0d13b8c81b [2026-09-09T05:35:51.290540] npm notice To update run: npm install -g npm@12.0.2 (STDERR, APP/PROC/WEB)#
#2026 09 09 05:35:53.366#Z#DEBUG#125301ff-ac10-11f1-b39f-eeee0a9ef9bb.Insurance_claim_management-srv#flowable-async-job-executor-thread-15367#
[PollStartAppStatusExecution] 36814cef-ef5f-4c60-bb5c-9a0d13b8c81b [2026-09-09T05:35:51.290543] npm notice (STDERR, APP/PROC/WEB)#
#2026 09 09 05:35:53.366#Z#DEBUG#125301ff-ac10-11f1-b39f-eeee0a9ef9bb.Insurance_claim_management-srv#flowable-async-job-executor-thread-15367#
[PollStartAppStatusExecution] 36814cef-ef5f-4c60-bb5c-9a0d13b8c81b [2026-09-09T05:35:51.361724] Exit status 1 (STDOUT, APP/PROC/WEB)#
#2026 09 09 05:36:03.387#Z#DEBUG#125301ff-ac10-11f1-b39f-eeee0a9ef9bb.Insurance_claim_management-srv#flowable-async-job-executor-thread-15373#
[PollStartAppStatusExecution] 36814cef-ef5f-4c60-bb5c-9a0d13b8c81b [2026-09-09T05:35:58.103810] Process has crashed with type: "web" (STDOUT, API)#
#2026 09 09 05:36:03.387#Z#DEBUG#125301ff-ac10-11f1-b39f-eeee0a9ef9bb.Insurance_claim_management-srv#flowable-async-job-executor-thread-15373#
[PollStartAppStatusExecution] 36814cef-ef5f-4c60-bb5c-9a0d13b8c81b [2026-09-09T05:35:58.109079] Cell c839c7b1-088e-41af-b9b7-66256aacd457 stopping instance 08bf6bd4-c170-4944-4b1b-2c39 (STDOUT, CELL)#
#2026 09 09 05:36:03.387#Z#DEBUG#125301ff-ac10-11f1-b39f-eeee0a9ef9bb.Insurance_claim_management-srv#flowable-async-job-executor-thread-15373#
[PollStartAppStatusExecution] 36814cef-ef5f-4c60-bb5c-9a0d13b8c81b [2026-09-09T05:35:58.109120] Cell c839c7b1-088e-41af-b9b7-66256aacd457 destroying container for instance 08bf6bd4-c170-4944-4b1b-2c39 (STDOUT, CELL)#
#2026 09 09 05:36:03.387#Z#DEBUG#125301ff-ac10-11f1-b39f-eeee0a9ef9bb.Insurance_claim_management-srv#flowable-async-job-executor-thread-15373#
[PollStartAppStatusExecution] 36814cef-ef5f-4c60-bb5c-9a0d13b8c81b [2026-09-09T05:35:58.117079] App instance exited with guid 36814cef-ef5f-4c60-bb5c-9a0d13b8c81b payload: {"instance"=>"08bf6bd4-c170-4944-4b1b-2c39", "index"=>0, "cell_id"=>"c839c7b1-088e-41af-b9b7-66256aacd457", "reason"=>"CRASHED", "exit_description"=>"APP/PROC/WEB: Exited with status 1", "crash_count"=>1, "crash_timestamp"=>1788932158082206147, "version"=>"f08c8132-13bc-4931-8325-89cad3ec4d8d"} (STDOUT, API)#
#2026 09 09 05:36:03.387#Z#DEBUG#125301ff-ac10-11f1-b39f-eeee0a9ef9bb.Insurance_claim_management-srv#flowable-async-job-executor-thread-15373#
[PollStartAppStatusExecution] 36814cef-ef5f-4c60-bb5c-9a0d13b8c81b [2026-09-09T05:35:58.382523] Cell 684caff8-89cd-492b-be01-b3d0835f1763 creating container for instance 28f2e16c-d873-4347-6a40-8ec9 (STDOUT, CELL)#
#2026 09 09 05:36:03.387#Z#DEBUG#125301ff-ac10-11f1-b39f-eeee0a9ef9bb.Insurance_claim_management-srv#flowable-async-job-executor-thread-15373#
[PollStartAppStatusExecution] 36814cef-ef5f-4c60-bb5c-9a0d13b8c81b [2026-09-09T05:35:58.644630] Exit status 137 (STDOUT, PROXY)#
#2026 09 09 05:36:03.387#Z#DEBUG#125301ff-ac10-11f1-b39f-eeee0a9ef9bb.Insurance_claim_management-srv#flowable-async-job-executor-thread-15373#
[PollStartAppStatusExecution] 36814cef-ef5f-4c60-bb5c-9a0d13b8c81b [2026-09-09T05:35:59.048266] Security group rules were updated (STDOUT, CELL)#
#2026 09 09 05:36:03.387#Z#DEBUG#125301ff-ac10-11f1-b39f-eeee0a9ef9bb.Insurance_claim_management-srv#flowable-async-job-executor-thread-15373#
[PollStartAppStatusExecution] 36814cef-ef5f-4c60-bb5c-9a0d13b8c81b [2026-09-09T05:35:59.127152] Cell 684caff8-89cd-492b-be01-b3d0835f1763 successfully created container for instance 28f2e16c-d873-4347-6a40-8ec9 (STDOUT, CELL)#
#2026 09 09 05:36:03.387#Z#DEBUG#125301ff-ac10-11f1-b39f-eeee0a9ef9bb.Insurance_claim_management-srv#flowable-async-job-executor-thread-15373#
[PollStartAppStatusExecution] 36814cef-ef5f-4c60-bb5c-9a0d13b8c81b [2026-09-09T05:35:59.756097] Downloading droplet... (STDOUT, CELL)#
#2026 09 09 05:36:03.387#Z#DEBUG#125301ff-ac10-11f1-b39f-eeee0a9ef9bb.Insurance_claim_management-srv#flowable-async-job-executor-thread-15373#
[PollStartAppStatusExecution] 36814cef-ef5f-4c60-bb5c-9a0d13b8c81b [2026-09-09T05:36:00.609859] Cell c839c7b1-088e-41af-b9b7-66256aacd457 successfully destroyed container for instance 08bf6bd4-c170-4944-4b1b-2c39 (STDOUT, CELL)#
#2026 09 09 05:36:13.395#Z#DEBUG#125301ff-ac10-11f1-b39f-eeee0a9ef9bb.Insurance_claim_management-srv#flowable-async-job-executor-thread-15370#
[PollStartAppStatusExecution] 36814cef-ef5f-4c60-bb5c-9a0d13b8c81b [2026-09-09T05:36:04.111179] Downloaded droplet (68.5M) (STDOUT, CELL)#
#2026 09 09 05:36:13.395#Z#DEBUG#125301ff-ac10-11f1-b39f-eeee0a9ef9bb.Insurance_claim_management-srv#flowable-async-job-executor-thread-15370#
[PollStartAppStatusExecution] 36814cef-ef5f-4c60-bb5c-9a0d13b8c81b [2026-09-09T05:36:04.111306] Starting health monitoring of container (STDOUT, CELL)#
#2026 09 09 05:36:13.395#Z#DEBUG#125301ff-ac10-11f1-b39f-eeee0a9ef9bb.Insurance_claim_management-srv#flowable-async-job-executor-thread-15370#
[PollStartAppStatusExecution] 36814cef-ef5f-4c60-bb5c-9a0d13b8c81b [2026-09-09T05:36:04.232063] Invoking pre-start scripts. (STDOUT, APP/PROC/WEB)#
#2026 09 09 05:36:13.395#Z#DEBUG#125301ff-ac10-11f1-b39f-eeee0a9ef9bb.Insurance_claim_management-srv#flowable-async-job-executor-thread-15370#
[PollStartAppStatusExecution] 36814cef-ef5f-4c60-bb5c-9a0d13b8c81b [2026-09-09T05:36:04.468795] Invoking start command. (STDOUT, APP/PROC/WEB)#
#2026 09 09 05:36:13.395#Z#DEBUG#125301ff-ac10-11f1-b39f-eeee0a9ef9bb.Insurance_claim_management-srv#flowable-async-job-executor-thread-15370#
[PollStartAppStatusExecution] 36814cef-ef5f-4c60-bb5c-9a0d13b8c81b [2026-09-09T05:36:04.950225] > Insurance_claim_management@1.0.0 start (STDOUT, APP/PROC/WEB)#
#2026 09 09 05:36:13.395#Z#DEBUG#125301ff-ac10-11f1-b39f-eeee0a9ef9bb.Insurance_claim_management-srv#flowable-async-job-executor-thread-15370#
[PollStartAppStatusExecution] 36814cef-ef5f-4c60-bb5c-9a0d13b8c81b [2026-09-09T05:36:04.950257] > cds-serve (STDOUT, APP/PROC/WEB)#
#2026 09 09 05:36:13.395#Z#DEBUG#125301ff-ac10-11f1-b39f-eeee0a9ef9bb.Insurance_claim_management-srv#flowable-async-job-executor-thread-15370#
[PollStartAppStatusExecution] 36814cef-ef5f-4c60-bb5c-9a0d13b8c81b [2026-09-09T05:36:05.041145] [cds] - bootstrapping from { file: 'srv/server.js' } (STDOUT, APP/PROC/WEB)#
#2026 09 09 05:36:13.395#Z#DEBUG#125301ff-ac10-11f1-b39f-eeee0a9ef9bb.Insurance_claim_management-srv#flowable-async-job-executor-thread-15370#
[PollStartAppStatusExecution] 36814cef-ef5f-4c60-bb5c-9a0d13b8c81b [2026-09-09T05:36:05.327528] {"level":"info","logger":"cds","timestamp":"2026-09-09T05:36:05.326Z","layer":"cds","component_type":"application","container_id":"10.32.1.6","component_id":"36814cef-ef5f-4c60-bb5c-9a0d13b8c81b","component_name":"Insurance_claim_management-srv","component_instance":0,"source_instance":0,"organization_name":"547c31aatrial","organization_id":"a8788203-b551-47eb-923a-7c205db28329","space_name":"dev","space_id":"7e49670e-3a44-466e-ab78-1909884ded4e","msg":"loaded model from 1 file(s):\n ","type":"log"} (STDOUT, APP/PROC/WEB)#
#2026 09 09 05:36:13.395#Z#DEBUG#125301ff-ac10-11f1-b39f-eeee0a9ef9bb.Insurance_claim_management-srv#flowable-async-job-executor-thread-15370#
[PollStartAppStatusExecution] 36814cef-ef5f-4c60-bb5c-9a0d13b8c81b [2026-09-09T05:36:05.327559] srv/csn.json (STDOUT, APP/PROC/WEB)#
#2026 09 09 05:36:13.395#Z#DEBUG#125301ff-ac10-11f1-b39f-eeee0a9ef9bb.Insurance_claim_management-srv#flowable-async-job-executor-thread-15370#
[PollStartAppStatusExecution] 36814cef-ef5f-4c60-bb5c-9a0d13b8c81b [2026-09-09T05:36:05.582417] {"level":"info","logger":"cds","timestamp":"2026-09-09T05:36:05.581Z","layer":"cds","component_type":"application","container_id":"10.32.1.6","component_id":"36814cef-ef5f-4c60-bb5c-9a0d13b8c81b","component_name":"Insurance_claim_management-srv","component_instance":0,"source_instance":0,"organization_name":"547c31aatrial","organization_id":"a8788203-b551-47eb-923a-7c205db28329","space_name":"dev","space_id":"7e49670e-3a44-466e-ab78-1909884ded4e","msg":"connect to db > hana {\n  database_id: '9501111f-b680-4320-8ea6-d5aed2abc8eb',\n  host: '9501111f-b680-4320-8ea6-d5aed2abc8eb.hna1.prod-us10.hanacloud.ondemand.com',\n  port: '443',\n  driver: 'com.sap.db.jdbc.Driver',\n  url: 'jdbc:sap://9501111f-b680-4320-8ea6-d5aed2abc8eb.hna1.prod-us10.hanacloud.ondemand.com:443?encrypt=true&validateCertificate=true&currentschema=7A235FC8B8FB49948A4676FBA87E700E',\n  schema: '7A235FC8B8FB49948A4676FBA87E700E',\n  certificate: '...',\n  hdi_user: '7A235FC8B8FB49948A4676FBA87E700E_29O9C3HQWVZ25FKYI651BJXGX_DT',\n  hdi_password: '...',\n  user: '7A235FC8B8FB49948A4676FBA87E700E_29O9C3HQWVZ25FKYI651BJXGX_RT',\n  password: '...'\n}","type":"log"} (STDOUT, APP/PROC/WEB)#
#2026 09 09 05:36:13.395#Z#DEBUG#125301ff-ac10-11f1-b39f-eeee0a9ef9bb.Insurance_claim_management-srv#flowable-async-job-executor-thread-15370#
[PollStartAppStatusExecution] 36814cef-ef5f-4c60-bb5c-9a0d13b8c81b [2026-09-09T05:36:05.613322] /home/vcap/app/srv/service.js:6 (STDERR, APP/PROC/WEB)#
#2026 09 09 05:36:13.395#Z#DEBUG#125301ff-ac10-11f1-b39f-eeee0a9ef9bb.Insurance_claim_management-srv#flowable-async-job-executor-thread-15370#
[PollStartAppStatusExecution] 36814cef-ef5f-4c60-bb5c-9a0d13b8c81b [2026-09-09T05:36:05.613359] const cds = require("@sap/cds"); (STDERR, APP/PROC/WEB)#
#2026 09 09 05:36:13.395#Z#DEBUG#125301ff-ac10-11f1-b39f-eeee0a9ef9bb.Insurance_claim_management-srv#flowable-async-job-executor-thread-15370#
[PollStartAppStatusExecution] 36814cef-ef5f-4c60-bb5c-9a0d13b8c81b [2026-09-09T05:36:05.613367] ^ (STDERR, APP/PROC/WEB)#
#2026 09 09 05:36:13.395#Z#DEBUG#125301ff-ac10-11f1-b39f-eeee0a9ef9bb.Insurance_claim_management-srv#flowable-async-job-executor-thread-15370#
[PollStartAppStatusExecution] 36814cef-ef5f-4c60-bb5c-9a0d13b8c81b [2026-09-09T05:36:05.613373] SyntaxError: Identifier 'cds' has already been declared (STDERR, APP/PROC/WEB)#
#2026 09 09 05:36:13.395#Z#DEBUG#125301ff-ac10-11f1-b39f-eeee0a9ef9bb.Insurance_claim_management-srv#flowable-async-job-executor-thread-15370#
[PollStartAppStatusExecution] 36814cef-ef5f-4c60-bb5c-9a0d13b8c81b [2026-09-09T05:36:05.613376] at wrapSafe (node:internal/modules/cjs/loader:1804:18) (STDERR, APP/PROC/WEB)#
#2026 09 09 05:36:13.395#Z#DEBUG#125301ff-ac10-11f1-b39f-eeee0a9ef9bb.Insurance_claim_management-srv#flowable-async-job-executor-thread-15370#
[PollStartAppStatusExecution] 36814cef-ef5f-4c60-bb5c-9a0d13b8c81b [2026-09-09T05:36:05.613382] at Module._compile (node:internal/modules/cjs/loader:1845:20) (STDERR, APP/PROC/WEB)#
#2026 09 09 05:36:13.395#Z#DEBUG#125301ff-ac10-11f1-b39f-eeee0a9ef9bb.Insurance_claim_management-srv#flowable-async-job-executor-thread-15370#
[PollStartAppStatusExecution] 36814cef-ef5f-4c60-bb5c-9a0d13b8c81b [2026-09-09T05:36:05.613386] at Object..js (node:internal/modules/cjs/loader:2002:10) (STDERR, APP/PROC/WEB)#
#2026 09 09 05:36:13.395#Z#DEBUG#125301ff-ac10-11f1-b39f-eeee0a9ef9bb.Insurance_claim_management-srv#flowable-async-job-executor-thread-15370#
[PollStartAppStatusExecution] 36814cef-ef5f-4c60-bb5c-9a0d13b8c81b [2026-09-09T05:36:05.613389] at Module.load (node:internal/modules/cjs/loader:1594:32) (STDERR, APP/PROC/WEB)#
#2026 09 09 05:36:13.395#Z#DEBUG#125301ff-ac10-11f1-b39f-eeee0a9ef9bb.Insurance_claim_management-srv#flowable-async-job-executor-thread-15370#
[PollStartAppStatusExecution] 36814cef-ef5f-4c60-bb5c-9a0d13b8c81b [2026-09-09T05:36:05.613392] at Module._load (node:internal/modules/cjs/loader:1396:12) (STDERR, APP/PROC/WEB)#
#2026 09 09 05:36:13.395#Z#DEBUG#125301ff-ac10-11f1-b39f-eeee0a9ef9bb.Insurance_claim_management-srv#flowable-async-job-executor-thread-15370#
[PollStartAppStatusExecution] 36814cef-ef5f-4c60-bb5c-9a0d13b8c81b [2026-09-09T05:36:05.613395] at wrapModuleLoad (node:internal/modules/cjs/loader:255:19) (STDERR, APP/PROC/WEB)#
#2026 09 09 05:36:13.395#Z#DEBUG#125301ff-ac10-11f1-b39f-eeee0a9ef9bb.Insurance_claim_management-srv#flowable-async-job-executor-thread-15370#
[PollStartAppStatusExecution] 36814cef-ef5f-4c60-bb5c-9a0d13b8c81b [2026-09-09T05:36:05.613399] at Module.require (node:internal/modules/cjs/loader:1617:12) (STDERR, APP/PROC/WEB)#
#2026 09 09 05:36:13.395#Z#DEBUG#125301ff-ac10-11f1-b39f-eeee0a9ef9bb.Insurance_claim_management-srv#flowable-async-job-executor-thread-15370#
[PollStartAppStatusExecution] 36814cef-ef5f-4c60-bb5c-9a0d13b8c81b [2026-09-09T05:36:05.613429] at require (node:internal/modules/helpers:153:16) (STDERR, APP/PROC/WEB)#
#2026 09 09 05:36:13.395#Z#DEBUG#125301ff-ac10-11f1-b39f-eeee0a9ef9bb.Insurance_claim_management-srv#flowable-async-job-executor-thread-15370#
[PollStartAppStatusExecution] 36814cef-ef5f-4c60-bb5c-9a0d13b8c81b [2026-09-09T05:36:05.613442] at exports._import (/home/vcap/app/node_modules/@sap/cds/lib/utils/cds-utils.js:320:21) (STDERR, APP/PROC/WEB)#
#2026 09 09 05:36:13.395#Z#DEBUG#125301ff-ac10-11f1-b39f-eeee0a9ef9bb.Insurance_claim_management-srv#flowable-async-job-executor-thread-15370#
[PollStartAppStatusExecution] 36814cef-ef5f-4c60-bb5c-9a0d13b8c81b [2026-09-09T05:36:05.613449] at _use (/home/vcap/app/node_modules/@sap/cds/lib/srv/factory.js:32:30) (STDERR, APP/PROC/WEB)#
#2026 09 09 05:36:13.395#Z#DEBUG#125301ff-ac10-11f1-b39f-eeee0a9ef9bb.Insurance_claim_management-srv#flowable-async-job-executor-thread-15370#
[PollStartAppStatusExecution] 36814cef-ef5f-4c60-bb5c-9a0d13b8c81b [2026-09-09T05:36:05.613529] Node.js v24.18.0 (STDERR, APP/PROC/WEB)#
#2026 09 09 05:36:13.395#Z#DEBUG#125301ff-ac10-11f1-b39f-eeee0a9ef9bb.Insurance_claim_management-srv#flowable-async-job-executor-thread-15370#
[PollStartAppStatusExecution] 36814cef-ef5f-4c60-bb5c-9a0d13b8c81b [2026-09-09T05:36:05.631925] npm notice (STDERR, APP/PROC/WEB)#
#2026 09 09 05:36:13.395#Z#DEBUG#125301ff-ac10-11f1-b39f-eeee0a9ef9bb.Insurance_claim_management-srv#flowable-async-job-executor-thread-15370#
[PollStartAppStatusExecution] 36814cef-ef5f-4c60-bb5c-9a0d13b8c81b [2026-09-09T05:36:05.631954] npm notice New major version of npm available! 11.16.0 -> 12.0.2 (STDERR, APP/PROC/WEB)#
#2026 09 09 05:36:13.395#Z#DEBUG#125301ff-ac10-11f1-b39f-eeee0a9ef9bb.Insurance_claim_management-srv#flowable-async-job-executor-thread-15370#
[PollStartAppStatusExecution] 36814cef-ef5f-4c60-bb5c-9a0d13b8c81b [2026-09-09T05:36:05.631960] npm notice Changelog: https://github.com/npm/cli/releases/tag/v12.0.2 (STDERR, APP/PROC/WEB)#
#2026 09 09 05:36:13.395#Z#DEBUG#125301ff-ac10-11f1-b39f-eeee0a9ef9bb.Insurance_claim_management-srv#flowable-async-job-executor-thread-15370#
[PollStartAppStatusExecution] 36814cef-ef5f-4c60-bb5c-9a0d13b8c81b [2026-09-09T05:36:05.631963] npm notice To update run: npm install -g npm@12.0.2 (STDERR, APP/PROC/WEB)#
#2026 09 09 05:36:13.395#Z#DEBUG#125301ff-ac10-11f1-b39f-eeee0a9ef9bb.Insurance_claim_management-srv#flowable-async-job-executor-thread-15370#
[PollStartAppStatusExecution] 36814cef-ef5f-4c60-bb5c-9a0d13b8c81b [2026-09-09T05:36:05.631966] npm notice (STDERR, APP/PROC/WEB)#
#2026 09 09 05:36:13.395#Z#DEBUG#125301ff-ac10-11f1-b39f-eeee0a9ef9bb.Insurance_claim_management-srv#flowable-async-job-executor-thread-15370#
[PollStartAppStatusExecution] 36814cef-ef5f-4c60-bb5c-9a0d13b8c81b [2026-09-09T05:36:05.708337] Exit status 1 (STDOUT, APP/PROC/WEB)#
#2026 09 09 05:36:13.395#Z#DEBUG#125301ff-ac10-11f1-b39f-eeee0a9ef9bb.Insurance_claim_management-srv#flowable-async-job-executor-thread-15370#
[PollStartAppStatusExecution] 36814cef-ef5f-4c60-bb5c-9a0d13b8c81b [2026-09-09T05:36:10.136445] Cell d1cc041a-d5a1-41d6-b9f6-6cda736ce3f0 destroying container for instance 963e7c58-d995-460f-63dd-3a12 (STDOUT, CELL)#
#2026 09 09 05:36:13.395#Z#DEBUG#125301ff-ac10-11f1-b39f-eeee0a9ef9bb.Insurance_claim_management-srv#flowable-async-job-executor-thread-15370#
[PollStartAppStatusExecution] 36814cef-ef5f-4c60-bb5c-9a0d13b8c81b [2026-09-09T05:36:10.361055] Exit status 137 (STDOUT, PROXY)#
#2026 09 09 05:36:13.395#Z#DEBUG#125301ff-ac10-11f1-b39f-eeee0a9ef9bb.Insurance_claim_management-srv#flowable-async-job-executor-thread-15370#
[PollStartAppStatusExecution] 36814cef-ef5f-4c60-bb5c-9a0d13b8c81b [2026-09-09T05:36:12.424015] Cell 684caff8-89cd-492b-be01-b3d0835f1763 stopping instance 28f2e16c-d873-4347-6a40-8ec9 (STDOUT, CELL)#
#2026 09 09 05:36:13.395#Z#DEBUG#125301ff-ac10-11f1-b39f-eeee0a9ef9bb.Insurance_claim_management-srv#flowable-async-job-executor-thread-15370#
[PollStartAppStatusExecution] 36814cef-ef5f-4c60-bb5c-9a0d13b8c81b [2026-09-09T05:36:12.424054] Cell 684caff8-89cd-492b-be01-b3d0835f1763 destroying container for instance 28f2e16c-d873-4347-6a40-8ec9 (STDOUT, CELL)#
#2026 09 09 05:36:13.395#Z#DEBUG#125301ff-ac10-11f1-b39f-eeee0a9ef9bb.Insurance_claim_management-srv#flowable-async-job-executor-thread-15370#
[PollStartAppStatusExecution] 36814cef-ef5f-4c60-bb5c-9a0d13b8c81b [2026-09-09T05:36:12.427634] Process has crashed with type: "web" (STDOUT, API)#
#2026 09 09 05:36:13.395#Z#DEBUG#125301ff-ac10-11f1-b39f-eeee0a9ef9bb.Insurance_claim_management-srv#flowable-async-job-executor-thread-15370#
[PollStartAppStatusExecution] 36814cef-ef5f-4c60-bb5c-9a0d13b8c81b [2026-09-09T05:36:12.440286] App instance exited with guid 36814cef-ef5f-4c60-bb5c-9a0d13b8c81b payload: {"instance"=>"28f2e16c-d873-4347-6a40-8ec9", "index"=>0, "cell_id"=>"684caff8-89cd-492b-be01-b3d0835f1763", "reason"=>"CRASHED", "exit_description"=>"APP/PROC/WEB: Exited with status 1", "crash_count"=>2, "crash_timestamp"=>1788932172398994731, "version"=>"f08c8132-13bc-4931-8325-89cad3ec4d8d"} (STDOUT, API)#
#2026 09 09 05:36:13.395#Z#DEBUG#125301ff-ac10-11f1-b39f-eeee0a9ef9bb.Insurance_claim_management-srv#flowable-async-job-executor-thread-15370#
[PollStartAppStatusExecution] 36814cef-ef5f-4c60-bb5c-9a0d13b8c81b [2026-09-09T05:36:12.640835] Exit status 137 (STDOUT, PROXY)#
#2026 09 09 05:36:13.395#Z#DEBUG#125301ff-ac10-11f1-b39f-eeee0a9ef9bb.Insurance_claim_management-srv#flowable-async-job-executor-thread-15370#
[PollStartAppStatusExecution] 36814cef-ef5f-4c60-bb5c-9a0d13b8c81b [2026-09-09T05:36:12.679944] Cell c839c7b1-088e-41af-b9b7-66256aacd457 creating container for instance 94e4ac3c-281f-4d39-6338-7462 (STDOUT, CELL)#
#2026 09 09 05:36:23.487#Z#DEBUG#125301ff-ac10-11f1-b39f-eeee0a9ef9bb.Insurance_claim_management-srv#flowable-async-job-executor-thread-15387#
[PollStartAppStatusExecution] 36814cef-ef5f-4c60-bb5c-9a0d13b8c81b [2026-09-09T05:36:13.357809] Security group rules were updated (STDOUT, CELL)#
#2026 09 09 05:36:23.487#Z#DEBUG#125301ff-ac10-11f1-b39f-eeee0a9ef9bb.Insurance_claim_management-srv#flowable-async-job-executor-thread-15387#
[PollStartAppStatusExecution] 36814cef-ef5f-4c60-bb5c-9a0d13b8c81b [2026-09-09T05:36:13.375833] Cell d1cc041a-d5a1-41d6-b9f6-6cda736ce3f0 successfully destroyed container for instance 963e7c58-d995-460f-63dd-3a12 (STDOUT, CELL)#
#2026 09 09 05:36:23.487#Z#DEBUG#125301ff-ac10-11f1-b39f-eeee0a9ef9bb.Insurance_claim_management-srv#flowable-async-job-executor-thread-15387#
[PollStartAppStatusExecution] 36814cef-ef5f-4c60-bb5c-9a0d13b8c81b [2026-09-09T05:36:13.446266] Cell c839c7b1-088e-41af-b9b7-66256aacd457 successfully created container for instance 94e4ac3c-281f-4d39-6338-7462 (STDOUT, CELL)#
#2026 09 09 05:36:23.487#Z#DEBUG#125301ff-ac10-11f1-b39f-eeee0a9ef9bb.Insurance_claim_management-srv#flowable-async-job-executor-thread-15387#
[PollStartAppStatusExecution] 36814cef-ef5f-4c60-bb5c-9a0d13b8c81b [2026-09-09T05:36:13.959483] Downloading droplet... (STDOUT, CELL)#
#2026 09 09 05:36:23.487#Z#DEBUG#125301ff-ac10-11f1-b39f-eeee0a9ef9bb.Insurance_claim_management-srv#flowable-async-job-executor-thread-15387#
[PollStartAppStatusExecution] 36814cef-ef5f-4c60-bb5c-9a0d13b8c81b [2026-09-09T05:36:14.858445] Cell 684caff8-89cd-492b-be01-b3d0835f1763 successfully destroyed container for instance 28f2e16c-d873-4347-6a40-8ec9 (STDOUT, CELL)#
#2026 09 09 05:36:23.487#Z#DEBUG#125301ff-ac10-11f1-b39f-eeee0a9ef9bb.Insurance_claim_management-srv#flowable-async-job-executor-thread-15387#
[PollStartAppStatusExecution] 36814cef-ef5f-4c60-bb5c-9a0d13b8c81b [2026-09-09T05:36:15.895016] Downloaded droplet (STDOUT, CELL)#
#2026 09 09 05:36:23.487#Z#DEBUG#125301ff-ac10-11f1-b39f-eeee0a9ef9bb.Insurance_claim_management-srv#flowable-async-job-executor-thread-15387#
[PollStartAppStatusExecution] 36814cef-ef5f-4c60-bb5c-9a0d13b8c81b [2026-09-09T05:36:15.895217] Starting health monitoring of container (STDOUT, CELL)#
#2026 09 09 05:36:23.487#Z#DEBUG#125301ff-ac10-11f1-b39f-eeee0a9ef9bb.Insurance_claim_management-srv#flowable-async-job-executor-thread-15387#
[PollStartAppStatusExecution] 36814cef-ef5f-4c60-bb5c-9a0d13b8c81b [2026-09-09T05:36:16.010156] Invoking pre-start scripts. (STDOUT, APP/PROC/WEB)#
#2026 09 09 05:36:23.487#Z#DEBUG#125301ff-ac10-11f1-b39f-eeee0a9ef9bb.Insurance_claim_management-srv#flowable-async-job-executor-thread-15387#
[PollStartAppStatusExecution] 36814cef-ef5f-4c60-bb5c-9a0d13b8c81b [2026-09-09T05:36:16.258569] Invoking start command. (STDOUT, APP/PROC/WEB)#
#2026 09 09 05:36:23.487#Z#DEBUG#125301ff-ac10-11f1-b39f-eeee0a9ef9bb.Insurance_claim_management-srv#flowable-async-job-executor-thread-15387#
[PollStartAppStatusExecution] 36814cef-ef5f-4c60-bb5c-9a0d13b8c81b [2026-09-09T05:36:16.765501] > Insurance_claim_management@1.0.0 start (STDOUT, APP/PROC/WEB)#
#2026 09 09 05:36:23.487#Z#DEBUG#125301ff-ac10-11f1-b39f-eeee0a9ef9bb.Insurance_claim_management-srv#flowable-async-job-executor-thread-15387#
[PollStartAppStatusExecution] 36814cef-ef5f-4c60-bb5c-9a0d13b8c81b [2026-09-09T05:36:16.765535] > cds-serve (STDOUT, APP/PROC/WEB)#
#2026 09 09 05:36:23.487#Z#DEBUG#125301ff-ac10-11f1-b39f-eeee0a9ef9bb.Insurance_claim_management-srv#flowable-async-job-executor-thread-15387#
[PollStartAppStatusExecution] 36814cef-ef5f-4c60-bb5c-9a0d13b8c81b [2026-09-09T05:36:16.851730] [cds] - bootstrapping from { file: 'srv/server.js' } (STDOUT, APP/PROC/WEB)#
#2026 09 09 05:36:23.487#Z#DEBUG#125301ff-ac10-11f1-b39f-eeee0a9ef9bb.Insurance_claim_management-srv#flowable-async-job-executor-thread-15387#
[PollStartAppStatusExecution] 36814cef-ef5f-4c60-bb5c-9a0d13b8c81b [2026-09-09T05:36:17.149211] {"level":"info","logger":"cds","timestamp":"2026-09-09T05:36:17.148Z","layer":"cds","component_type":"application","container_id":"10.32.2.6","component_id":"36814cef-ef5f-4c60-bb5c-9a0d13b8c81b","component_name":"Insurance_claim_management-srv","component_instance":0,"source_instance":0,"organization_name":"547c31aatrial","organization_id":"a8788203-b551-47eb-923a-7c205db28329","space_name":"dev","space_id":"7e49670e-3a44-466e-ab78-1909884ded4e","msg":"loaded model from 1 file(s):\n ","type":"log"} (STDOUT, APP/PROC/WEB)#
#2026 09 09 05:36:23.487#Z#DEBUG#125301ff-ac10-11f1-b39f-eeee0a9ef9bb.Insurance_claim_management-srv#flowable-async-job-executor-thread-15387#
[PollStartAppStatusExecution] 36814cef-ef5f-4c60-bb5c-9a0d13b8c81b [2026-09-09T05:36:17.149252] srv/csn.json (STDOUT, APP/PROC/WEB)#
#2026 09 09 05:36:23.487#Z#DEBUG#125301ff-ac10-11f1-b39f-eeee0a9ef9bb.Insurance_claim_management-srv#flowable-async-job-executor-thread-15387#
[PollStartAppStatusExecution] 36814cef-ef5f-4c60-bb5c-9a0d13b8c81b [2026-09-09T05:36:17.423745] {"level":"info","logger":"cds","timestamp":"2026-09-09T05:36:17.423Z","layer":"cds","component_type":"application","container_id":"10.32.2.6","component_id":"36814cef-ef5f-4c60-bb5c-9a0d13b8c81b","component_name":"Insurance_claim_management-srv","component_instance":0,"source_instance":0,"organization_name":"547c31aatrial","organization_id":"a8788203-b551-47eb-923a-7c205db28329","space_name":"dev","space_id":"7e49670e-3a44-466e-ab78-1909884ded4e","msg":"connect to db > hana {\n  database_id: '9501111f-b680-4320-8ea6-d5aed2abc8eb',\n  host: '9501111f-b680-4320-8ea6-d5aed2abc8eb.hna1.prod-us10.hanacloud.ondemand.com',\n  port: '443',\n  driver: 'com.sap.db.jdbc.Driver',\n  url: 'jdbc:sap://9501111f-b680-4320-8ea6-d5aed2abc8eb.hna1.prod-us10.hanacloud.ondemand.com:443?encrypt=true&validateCertificate=true&currentschema=7A235FC8B8FB49948A4676FBA87E700E',\n  schema: '7A235FC8B8FB49948A4676FBA87E700E',\n  certificate: '...',\n  hdi_user: '7A235FC8B8FB49948A4676FBA87E700E_29O9C3HQWVZ25FKYI651BJXGX_DT',\n  hdi_password: '...',\n  user: '7A235FC8B8FB49948A4676FBA87E700E_29O9C3HQWVZ25FKYI651BJXGX_RT',\n  password: '...'\n}","type":"log"} (STDOUT, APP/PROC/WEB)#
#2026 09 09 05:36:23.487#Z#DEBUG#125301ff-ac10-11f1-b39f-eeee0a9ef9bb.Insurance_claim_management-srv#flowable-async-job-executor-thread-15387#
[PollStartAppStatusExecution] 36814cef-ef5f-4c60-bb5c-9a0d13b8c81b [2026-09-09T05:36:17.453418] /home/vcap/app/srv/service.js:6 (STDERR, APP/PROC/WEB)#
#2026 09 09 05:36:23.487#Z#DEBUG#125301ff-ac10-11f1-b39f-eeee0a9ef9bb.Insurance_claim_management-srv#flowable-async-job-executor-thread-15387#
[PollStartAppStatusExecution] 36814cef-ef5f-4c60-bb5c-9a0d13b8c81b [2026-09-09T05:36:17.453448] const cds = require("@sap/cds"); (STDERR, APP/PROC/WEB)#
#2026 09 09 05:36:23.487#Z#DEBUG#125301ff-ac10-11f1-b39f-eeee0a9ef9bb.Insurance_claim_management-srv#flowable-async-job-executor-thread-15387#
[PollStartAppStatusExecution] 36814cef-ef5f-4c60-bb5c-9a0d13b8c81b [2026-09-09T05:36:17.453456] ^ (STDERR, APP/PROC/WEB)#
#2026 09 09 05:36:23.487#Z#DEBUG#125301ff-ac10-11f1-b39f-eeee0a9ef9bb.Insurance_claim_management-srv#flowable-async-job-executor-thread-15387#
[PollStartAppStatusExecution] 36814cef-ef5f-4c60-bb5c-9a0d13b8c81b [2026-09-09T05:36:17.453465] SyntaxError: Identifier 'cds' has already been declared (STDERR, APP/PROC/WEB)#
#2026 09 09 05:36:23.487#Z#DEBUG#125301ff-ac10-11f1-b39f-eeee0a9ef9bb.Insurance_claim_management-srv#flowable-async-job-executor-thread-15387#
[PollStartAppStatusExecution] 36814cef-ef5f-4c60-bb5c-9a0d13b8c81b [2026-09-09T05:36:17.453469] at wrapSafe (node:internal/modules/cjs/loader:1804:18) (STDERR, APP/PROC/WEB)#
#2026 09 09 05:36:23.487#Z#DEBUG#125301ff-ac10-11f1-b39f-eeee0a9ef9bb.Insurance_claim_management-srv#flowable-async-job-executor-thread-15387#
[PollStartAppStatusExecution] 36814cef-ef5f-4c60-bb5c-9a0d13b8c81b [2026-09-09T05:36:17.453496] at Module._compile (node:internal/modules/cjs/loader:1845:20) (STDERR, APP/PROC/WEB)#
#2026 09 09 05:36:23.487#Z#DEBUG#125301ff-ac10-11f1-b39f-eeee0a9ef9bb.Insurance_claim_management-srv#flowable-async-job-executor-thread-15387#
[PollStartAppStatusExecution] 36814cef-ef5f-4c60-bb5c-9a0d13b8c81b [2026-09-09T05:36:17.453500] at Object..js (node:internal/modules/cjs/loader:2002:10) (STDERR, APP/PROC/WEB)#
#2026 09 09 05:36:23.487#Z#DEBUG#125301ff-ac10-11f1-b39f-eeee0a9ef9bb.Insurance_claim_management-srv#flowable-async-job-executor-thread-15387#
[PollStartAppStatusExecution] 36814cef-ef5f-4c60-bb5c-9a0d13b8c81b [2026-09-09T05:36:17.453506] at Module.load (node:internal/modules/cjs/loader:1594:32) (STDERR, APP/PROC/WEB)#
#2026 09 09 05:36:23.487#Z#DEBUG#125301ff-ac10-11f1-b39f-eeee0a9ef9bb.Insurance_claim_management-srv#flowable-async-job-executor-thread-15387#
[PollStartAppStatusExecution] 36814cef-ef5f-4c60-bb5c-9a0d13b8c81b [2026-09-09T05:36:17.453510] at Module._load (node:internal/modules/cjs/loader:1396:12) (STDERR, APP/PROC/WEB)#
#2026 09 09 05:36:23.487#Z#DEBUG#125301ff-ac10-11f1-b39f-eeee0a9ef9bb.Insurance_claim_management-srv#flowable-async-job-executor-thread-15387#
[PollStartAppStatusExecution] 36814cef-ef5f-4c60-bb5c-9a0d13b8c81b [2026-09-09T05:36:17.453513] at wrapModuleLoad (node:internal/modules/cjs/loader:255:19) (STDERR, APP/PROC/WEB)#
#2026 09 09 05:36:23.487#Z#DEBUG#125301ff-ac10-11f1-b39f-eeee0a9ef9bb.Insurance_claim_management-srv#flowable-async-job-executor-thread-15387#
[PollStartAppStatusExecution] 36814cef-ef5f-4c60-bb5c-9a0d13b8c81b [2026-09-09T05:36:17.453516] at Module.require (node:internal/modules/cjs/loader:1617:12) (STDERR, APP/PROC/WEB)#
#2026 09 09 05:36:23.487#Z#DEBUG#125301ff-ac10-11f1-b39f-eeee0a9ef9bb.Insurance_claim_management-srv#flowable-async-job-executor-thread-15387#
[PollStartAppStatusExecution] 36814cef-ef5f-4c60-bb5c-9a0d13b8c81b [2026-09-09T05:36:17.453519] at require (node:internal/modules/helpers:153:16) (STDERR, APP/PROC/WEB)#
#2026 09 09 05:36:23.487#Z#DEBUG#125301ff-ac10-11f1-b39f-eeee0a9ef9bb.Insurance_claim_management-srv#flowable-async-job-executor-thread-15387#
[PollStartAppStatusExecution] 36814cef-ef5f-4c60-bb5c-9a0d13b8c81b [2026-09-09T05:36:17.453524] at exports._import (/home/vcap/app/node_modules/@sap/cds/lib/utils/cds-utils.js:320:21) (STDERR, APP/PROC/WEB)#
#2026 09 09 05:36:23.487#Z#DEBUG#125301ff-ac10-11f1-b39f-eeee0a9ef9bb.Insurance_claim_management-srv#flowable-async-job-executor-thread-15387#
[PollStartAppStatusExecution] 36814cef-ef5f-4c60-bb5c-9a0d13b8c81b [2026-09-09T05:36:17.453527] at _use (/home/vcap/app/node_modules/@sap/cds/lib/srv/factory.js:32:30) (STDERR, APP/PROC/WEB)#
#2026 09 09 05:36:23.487#Z#DEBUG#125301ff-ac10-11f1-b39f-eeee0a9ef9bb.Insurance_claim_management-srv#flowable-async-job-executor-thread-15387#
[PollStartAppStatusExecution] 36814cef-ef5f-4c60-bb5c-9a0d13b8c81b [2026-09-09T05:36:17.453530] Node.js v24.18.0 (STDERR, APP/PROC/WEB)#
#2026 09 09 05:36:23.487#Z#DEBUG#125301ff-ac10-11f1-b39f-eeee0a9ef9bb.Insurance_claim_management-srv#flowable-async-job-executor-thread-15387#
[PollStartAppStatusExecution] 36814cef-ef5f-4c60-bb5c-9a0d13b8c81b [2026-09-09T05:36:17.474252] npm notice (STDERR, APP/PROC/WEB)#
#2026 09 09 05:36:23.487#Z#DEBUG#125301ff-ac10-11f1-b39f-eeee0a9ef9bb.Insurance_claim_management-srv#flowable-async-job-executor-thread-15387#
[PollStartAppStatusExecution] 36814cef-ef5f-4c60-bb5c-9a0d13b8c81b [2026-09-09T05:36:17.474282] npm notice New major version of npm available! 11.16.0 -> 12.0.2 (STDERR, APP/PROC/WEB)#
#2026 09 09 05:36:23.487#Z#DEBUG#125301ff-ac10-11f1-b39f-eeee0a9ef9bb.Insurance_claim_management-srv#flowable-async-job-executor-thread-15387#
[PollStartAppStatusExecution] 36814cef-ef5f-4c60-bb5c-9a0d13b8c81b [2026-09-09T05:36:17.474292] npm notice Changelog: https://github.com/npm/cli/releases/tag/v12.0.2 (STDERR, APP/PROC/WEB)#
#2026 09 09 05:36:23.487#Z#DEBUG#125301ff-ac10-11f1-b39f-eeee0a9ef9bb.Insurance_claim_management-srv#flowable-async-job-executor-thread-15387#
[PollStartAppStatusExecution] 36814cef-ef5f-4c60-bb5c-9a0d13b8c81b [2026-09-09T05:36:17.474295] npm notice To update run: npm install -g npm@12.0.2 (STDERR, APP/PROC/WEB)#
#2026 09 09 05:36:23.487#Z#DEBUG#125301ff-ac10-11f1-b39f-eeee0a9ef9bb.Insurance_claim_management-srv#flowable-async-job-executor-thread-15387#
[PollStartAppStatusExecution] 36814cef-ef5f-4c60-bb5c-9a0d13b8c81b [2026-09-09T05:36:17.474297] npm notice (STDERR, APP/PROC/WEB)#
#2026 09 09 05:36:23.487#Z#DEBUG#125301ff-ac10-11f1-b39f-eeee0a9ef9bb.Insurance_claim_management-srv#flowable-async-job-executor-thread-15387#
[PollStartAppStatusExecution] 36814cef-ef5f-4c60-bb5c-9a0d13b8c81b [2026-09-09T05:36:17.551563] Exit status 1 (STDOUT, APP/PROC/WEB)#
#2026 09 09 05:36:33.519#Z#DEBUG#125301ff-ac10-11f1-b39f-eeee0a9ef9bb.Insurance_claim_management-srv#flowable-async-job-executor-thread-15396#
[PollStartAppStatusExecution] 36814cef-ef5f-4c60-bb5c-9a0d13b8c81b [2026-09-09T05:36:24.136700] Cell c839c7b1-088e-41af-b9b7-66256aacd457 stopping instance 94e4ac3c-281f-4d39-6338-7462 (STDOUT, CELL)#
#2026 09 09 05:36:33.519#Z#DEBUG#125301ff-ac10-11f1-b39f-eeee0a9ef9bb.Insurance_claim_management-srv#flowable-async-job-executor-thread-15396#
[PollStartAppStatusExecution] 36814cef-ef5f-4c60-bb5c-9a0d13b8c81b [2026-09-09T05:36:24.136746] Cell c839c7b1-088e-41af-b9b7-66256aacd457 destroying container for instance 94e4ac3c-281f-4d39-6338-7462 (STDOUT, CELL)#
#2026 09 09 05:36:33.519#Z#DEBUG#125301ff-ac10-11f1-b39f-eeee0a9ef9bb.Insurance_claim_management-srv#flowable-async-job-executor-thread-15396#
[PollStartAppStatusExecution] 36814cef-ef5f-4c60-bb5c-9a0d13b8c81b [2026-09-09T05:36:24.154675] Process has crashed with type: "web" (STDOUT, API)#
#2026 09 09 05:36:33.519#Z#DEBUG#125301ff-ac10-11f1-b39f-eeee0a9ef9bb.Insurance_claim_management-srv#flowable-async-job-executor-thread-15396#
[PollStartAppStatusExecution] 36814cef-ef5f-4c60-bb5c-9a0d13b8c81b [2026-09-09T05:36:24.167792] App instance exited with guid 36814cef-ef5f-4c60-bb5c-9a0d13b8c81b payload: {"instance"=>"94e4ac3c-281f-4d39-6338-7462", "index"=>0, "cell_id"=>"c839c7b1-088e-41af-b9b7-66256aacd457", "reason"=>"CRASHED", "exit_description"=>"APP/PROC/WEB: Exited with status 1", "crash_count"=>3, "crash_timestamp"=>1788932184133235195, "version"=>"f08c8132-13bc-4931-8325-89cad3ec4d8d"} (STDOUT, API)#
#2026 09 09 05:36:33.519#Z#DEBUG#125301ff-ac10-11f1-b39f-eeee0a9ef9bb.Insurance_claim_management-srv#flowable-async-job-executor-thread-15396#
[PollStartAppStatusExecution] 36814cef-ef5f-4c60-bb5c-9a0d13b8c81b [2026-09-09T05:36:24.329932] Exit status 137 (STDOUT, PROXY)#
#2026 09 09 05:36:33.519#Z#DEBUG#125301ff-ac10-11f1-b39f-eeee0a9ef9bb.Insurance_claim_management-srv#flowable-async-job-executor-thread-15396#
[PollStartAppStatusExecution] 36814cef-ef5f-4c60-bb5c-9a0d13b8c81b [2026-09-09T05:36:26.637723] Cell c839c7b1-088e-41af-b9b7-66256aacd457 successfully destroyed container for instance 94e4ac3c-281f-4d39-6338-7462 (STDOUT, CELL)#
#2026 09 09 05:36:43.599#Z#DEBUG#125301ff-ac10-11f1-b39f-eeee0a9ef9bb.Insurance_claim_management-srv#flowable-async-job-executor-thread-15405#
[PollStartAppStatusExecution] 36814cef-ef5f-4c60-bb5c-9a0d13b8c81b [2026-09-09T05:36:24.136700] Cell c839c7b1-088e-41af-b9b7-66256aacd457 stopping instance 94e4ac3c-281f-4d39-6338-7462 (STDOUT, CELL)#
#2026 09 09 05:36:43.599#Z#DEBUG#125301ff-ac10-11f1-b39f-eeee0a9ef9bb.Insurance_claim_management-srv#flowable-async-job-executor-thread-15405#
[PollStartAppStatusExecution] 36814cef-ef5f-4c60-bb5c-9a0d13b8c81b [2026-09-09T05:36:24.136746] Cell c839c7b1-088e-41af-b9b7-66256aacd457 destroying container for instance 94e4ac3c-281f-4d39-6338-7462 (STDOUT, CELL)#
#2026 09 09 05:36:43.599#Z#DEBUG#125301ff-ac10-11f1-b39f-eeee0a9ef9bb.Insurance_claim_management-srv#flowable-async-job-executor-thread-15405#
[PollStartAppStatusExecution] 36814cef-ef5f-4c60-bb5c-9a0d13b8c81b [2026-09-09T05:36:24.154675] Process has crashed with type: "web" (STDOUT, API)#
#2026 09 09 05:36:43.599#Z#DEBUG#125301ff-ac10-11f1-b39f-eeee0a9ef9bb.Insurance_claim_management-srv#flowable-async-job-executor-thread-15405#
[PollStartAppStatusExecution] 36814cef-ef5f-4c60-bb5c-9a0d13b8c81b [2026-09-09T05:36:24.167792] App instance exited with guid 36814cef-ef5f-4c60-bb5c-9a0d13b8c81b payload: {"instance"=>"94e4ac3c-281f-4d39-6338-7462", "index"=>0, "cell_id"=>"c839c7b1-088e-41af-b9b7-66256aacd457", "reason"=>"CRASHED", "exit_description"=>"APP/PROC/WEB: Exited with status 1", "crash_count"=>3, "crash_timestamp"=>1788932184133235195, "version"=>"f08c8132-13bc-4931-8325-89cad3ec4d8d"} (STDOUT, API)#
#2026 09 09 05:36:43.599#Z#DEBUG#125301ff-ac10-11f1-b39f-eeee0a9ef9bb.Insurance_claim_management-srv#flowable-async-job-executor-thread-15405#
[PollStartAppStatusExecution] 36814cef-ef5f-4c60-bb5c-9a0d13b8c81b [2026-09-09T05:36:24.329932] Exit status 137 (STDOUT, PROXY)#
#2026 09 09 05:36:43.599#Z#DEBUG#125301ff-ac10-11f1-b39f-eeee0a9ef9bb.Insurance_claim_management-srv#flowable-async-job-executor-thread-15405#
[PollStartAppStatusExecution] 36814cef-ef5f-4c60-bb5c-9a0d13b8c81b [2026-09-09T05:36:26.637723] Cell c839c7b1-088e-41af-b9b7-66256aacd457 successfully destroyed container for instance 94e4ac3c-281f-4d39-6338-7462 (STDOUT, CELL)#
#2026 09 09 05:36:43.599#Z#DEBUG#125301ff-ac10-11f1-b39f-eeee0a9ef9bb.Insurance_claim_management-srv#flowable-async-job-executor-thread-15405#
[PollStartAppStatusExecution] 36814cef-ef5f-4c60-bb5c-9a0d13b8c81b [2026-09-09T05:36:34.580838] Stopping app with guid 36814cef-ef5f-4c60-bb5c-9a0d13b8c81b (STDOUT, API)#
#2026 09 09 05:36:43.599#Z#DEBUG#125301ff-ac10-11f1-b39f-eeee0a9ef9bb.Insurance_claim_management-srv#flowable-async-job-executor-thread-15405#
[PollStartAppStatusExecution] 36814cef-ef5f-4c60-bb5c-9a0d13b8c81b [2026-09-09T05:36:34.757144] Starting app with guid 36814cef-ef5f-4c60-bb5c-9a0d13b8c81b (STDOUT, API)#
#2026 09 09 05:36:43.599#Z#DEBUG#125301ff-ac10-11f1-b39f-eeee0a9ef9bb.Insurance_claim_management-srv#flowable-async-job-executor-thread-15405#
[PollStartAppStatusExecution] 36814cef-ef5f-4c60-bb5c-9a0d13b8c81b [2026-09-09T05:36:35.002578] Cell c839c7b1-088e-41af-b9b7-66256aacd457 creating container for instance 402e341f-eaa6-40c6-7971-1c4a (STDOUT, CELL)#
#2026 09 09 05:36:43.599#Z#DEBUG#125301ff-ac10-11f1-b39f-eeee0a9ef9bb.Insurance_claim_management-srv#flowable-async-job-executor-thread-15405#
[PollStartAppStatusExecution] 36814cef-ef5f-4c60-bb5c-9a0d13b8c81b [2026-09-09T05:36:35.781798] Security group rules were updated (STDOUT, CELL)#
#2026 09 09 05:36:43.599#Z#DEBUG#125301ff-ac10-11f1-b39f-eeee0a9ef9bb.Insurance_claim_management-srv#flowable-async-job-executor-thread-15405#
[PollStartAppStatusExecution] 36814cef-ef5f-4c60-bb5c-9a0d13b8c81b [2026-09-09T05:36:35.871178] Cell c839c7b1-088e-41af-b9b7-66256aacd457 successfully created container for instance 402e341f-eaa6-40c6-7971-1c4a (STDOUT, CELL)#
#2026 09 09 05:36:43.599#Z#DEBUG#125301ff-ac10-11f1-b39f-eeee0a9ef9bb.Insurance_claim_management-srv#flowable-async-job-executor-thread-15405#
[PollStartAppStatusExecution] 36814cef-ef5f-4c60-bb5c-9a0d13b8c81b [2026-09-09T05:36:36.295995] Downloading droplet... (STDOUT, CELL)#
#2026 09 09 05:36:43.599#Z#DEBUG#125301ff-ac10-11f1-b39f-eeee0a9ef9bb.Insurance_claim_management-srv#flowable-async-job-executor-thread-15405#
[PollStartAppStatusExecution] 36814cef-ef5f-4c60-bb5c-9a0d13b8c81b [2026-09-09T05:36:41.679121] Downloaded droplet (68.5M) (STDOUT, CELL)#
#2026 09 09 05:36:43.599#Z#DEBUG#125301ff-ac10-11f1-b39f-eeee0a9ef9bb.Insurance_claim_management-srv#flowable-async-job-executor-thread-15405#
[PollStartAppStatusExecution] 36814cef-ef5f-4c60-bb5c-9a0d13b8c81b [2026-09-09T05:36:41.679289] Starting health monitoring of container (STDOUT, CELL)#
#2026 09 09 05:36:43.599#Z#DEBUG#125301ff-ac10-11f1-b39f-eeee0a9ef9bb.Insurance_claim_management-srv#flowable-async-job-executor-thread-15405#
[PollStartAppStatusExecution] 36814cef-ef5f-4c60-bb5c-9a0d13b8c81b [2026-09-09T05:36:41.827189] Invoking pre-start scripts. (STDOUT, APP/PROC/WEB)#
#2026 09 09 05:36:43.599#Z#DEBUG#125301ff-ac10-11f1-b39f-eeee0a9ef9bb.Insurance_claim_management-srv#flowable-async-job-executor-thread-15405#
[PollStartAppStatusExecution] 36814cef-ef5f-4c60-bb5c-9a0d13b8c81b [2026-09-09T05:36:42.049083] Invoking start command. (STDOUT, APP/PROC/WEB)#
#2026 09 09 05:36:43.599#Z#DEBUG#125301ff-ac10-11f1-b39f-eeee0a9ef9bb.Insurance_claim_management-srv#flowable-async-job-executor-thread-15405#
[PollStartAppStatusExecution] 36814cef-ef5f-4c60-bb5c-9a0d13b8c81b [2026-09-09T05:36:42.510320] > Insurance_claim_management@1.0.0 start (STDOUT, APP/PROC/WEB)#
#2026 09 09 05:36:43.599#Z#DEBUG#125301ff-ac10-11f1-b39f-eeee0a9ef9bb.Insurance_claim_management-srv#flowable-async-job-executor-thread-15405#
[PollStartAppStatusExecution] 36814cef-ef5f-4c60-bb5c-9a0d13b8c81b [2026-09-09T05:36:42.510375] > cds-serve (STDOUT, APP/PROC/WEB)#
#2026 09 09 05:36:43.599#Z#DEBUG#125301ff-ac10-11f1-b39f-eeee0a9ef9bb.Insurance_claim_management-srv#flowable-async-job-executor-thread-15405#
[PollStartAppStatusExecution] 36814cef-ef5f-4c60-bb5c-9a0d13b8c81b [2026-09-09T05:36:42.593235] [cds] - bootstrapping from { file: 'srv/server.js' } (STDOUT, APP/PROC/WEB)#
#2026 09 09 05:36:43.599#Z#DEBUG#125301ff-ac10-11f1-b39f-eeee0a9ef9bb.Insurance_claim_management-srv#flowable-async-job-executor-thread-15405#
[PollStartAppStatusExecution] 36814cef-ef5f-4c60-bb5c-9a0d13b8c81b [2026-09-09T05:36:42.914610] {"level":"info","logger":"cds","timestamp":"2026-09-09T05:36:42.913Z","layer":"cds","component_type":"application","container_id":"10.32.2.6","component_id":"36814cef-ef5f-4c60-bb5c-9a0d13b8c81b","component_name":"Insurance_claim_management-srv","component_instance":0,"source_instance":0,"organization_name":"547c31aatrial","organization_id":"a8788203-b551-47eb-923a-7c205db28329","space_name":"dev","space_id":"7e49670e-3a44-466e-ab78-1909884ded4e","msg":"loaded model from 1 file(s):\n ","type":"log"} (STDOUT, APP/PROC/WEB)#
#2026 09 09 05:36:43.599#Z#DEBUG#125301ff-ac10-11f1-b39f-eeee0a9ef9bb.Insurance_claim_management-srv#flowable-async-job-executor-thread-15405#
[PollStartAppStatusExecution] 36814cef-ef5f-4c60-bb5c-9a0d13b8c81b [2026-09-09T05:36:42.914641] srv/csn.json (STDOUT, APP/PROC/WEB)#
#2026 09 09 05:36:43.599#Z#DEBUG#125301ff-ac10-11f1-b39f-eeee0a9ef9bb.Insurance_claim_management-srv#flowable-async-job-executor-thread-15405#
[PollStartAppStatusExecution] 36814cef-ef5f-4c60-bb5c-9a0d13b8c81b [2026-09-09T05:36:43.186984] {"level":"info","logger":"cds","timestamp":"2026-09-09T05:36:43.186Z","layer":"cds","component_type":"application","container_id":"10.32.2.6","component_id":"36814cef-ef5f-4c60-bb5c-9a0d13b8c81b","component_name":"Insurance_claim_management-srv","component_instance":0,"source_instance":0,"organization_name":"547c31aatrial","organization_id":"a8788203-b551-47eb-923a-7c205db28329","space_name":"dev","space_id":"7e49670e-3a44-466e-ab78-1909884ded4e","msg":"connect to db > hana {\n  database_id: '9501111f-b680-4320-8ea6-d5aed2abc8eb',\n  host: '9501111f-b680-4320-8ea6-d5aed2abc8eb.hna1.prod-us10.hanacloud.ondemand.com',\n  port: '443',\n  driver: 'com.sap.db.jdbc.Driver',\n  url: 'jdbc:sap://9501111f-b680-4320-8ea6-d5aed2abc8eb.hna1.prod-us10.hanacloud.ondemand.com:443?encrypt=true&validateCertificate=true&currentschema=7A235FC8B8FB49948A4676FBA87E700E',\n  schema: '7A235FC8B8FB49948A4676FBA87E700E',\n  certificate: '...',\n  hdi_user: '7A235FC8B8FB49948A4676FBA87E700E_29O9C3HQWVZ25FKYI651BJXGX_DT',\n  hdi_password: '...',\n  user: '7A235FC8B8FB49948A4676FBA87E700E_29O9C3HQWVZ25FKYI651BJXGX_RT',\n  password: '...'\n}","type":"log"} (STDOUT, APP/PROC/WEB)#
#2026 09 09 05:36:43.599#Z#DEBUG#125301ff-ac10-11f1-b39f-eeee0a9ef9bb.Insurance_claim_management-srv#flowable-async-job-executor-thread-15405#
[PollStartAppStatusExecution] 36814cef-ef5f-4c60-bb5c-9a0d13b8c81b [2026-09-09T05:36:43.221491] /home/vcap/app/srv/service.js:6 (STDERR, APP/PROC/WEB)#
#2026 09 09 05:36:43.599#Z#DEBUG#125301ff-ac10-11f1-b39f-eeee0a9ef9bb.Insurance_claim_management-srv#flowable-async-job-executor-thread-15405#
[PollStartAppStatusExecution] 36814cef-ef5f-4c60-bb5c-9a0d13b8c81b [2026-09-09T05:36:43.221526] const cds = require("@sap/cds"); (STDERR, APP/PROC/WEB)#
#2026 09 09 05:36:43.599#Z#DEBUG#125301ff-ac10-11f1-b39f-eeee0a9ef9bb.Insurance_claim_management-srv#flowable-async-job-executor-thread-15405#
[PollStartAppStatusExecution] 36814cef-ef5f-4c60-bb5c-9a0d13b8c81b [2026-09-09T05:36:43.221530] ^ (STDERR, APP/PROC/WEB)#
#2026 09 09 05:36:43.599#Z#DEBUG#125301ff-ac10-11f1-b39f-eeee0a9ef9bb.Insurance_claim_management-srv#flowable-async-job-executor-thread-15405#
[PollStartAppStatusExecution] 36814cef-ef5f-4c60-bb5c-9a0d13b8c81b [2026-09-09T05:36:43.221534] SyntaxError: Identifier 'cds' has already been declared (STDERR, APP/PROC/WEB)#
#2026 09 09 05:36:43.599#Z#DEBUG#125301ff-ac10-11f1-b39f-eeee0a9ef9bb.Insurance_claim_management-srv#flowable-async-job-executor-thread-15405#
[PollStartAppStatusExecution] 36814cef-ef5f-4c60-bb5c-9a0d13b8c81b [2026-09-09T05:36:43.221563] at wrapSafe (node:internal/modules/cjs/loader:1804:18) (STDERR, APP/PROC/WEB)#
#2026 09 09 05:36:43.599#Z#DEBUG#125301ff-ac10-11f1-b39f-eeee0a9ef9bb.Insurance_claim_management-srv#flowable-async-job-executor-thread-15405#
[PollStartAppStatusExecution] 36814cef-ef5f-4c60-bb5c-9a0d13b8c81b [2026-09-09T05:36:43.221567] at Module._compile (node:internal/modules/cjs/loader:1845:20) (STDERR, APP/PROC/WEB)#
#2026 09 09 05:36:43.599#Z#DEBUG#125301ff-ac10-11f1-b39f-eeee0a9ef9bb.Insurance_claim_management-srv#flowable-async-job-executor-thread-15405#
[PollStartAppStatusExecution] 36814cef-ef5f-4c60-bb5c-9a0d13b8c81b [2026-09-09T05:36:43.221573] at Object..js (node:internal/modules/cjs/loader:2002:10) (STDERR, APP/PROC/WEB)#
#2026 09 09 05:36:43.599#Z#DEBUG#125301ff-ac10-11f1-b39f-eeee0a9ef9bb.Insurance_claim_management-srv#flowable-async-job-executor-thread-15405#
[PollStartAppStatusExecution] 36814cef-ef5f-4c60-bb5c-9a0d13b8c81b [2026-09-09T05:36:43.221576] at Module.load (node:internal/modules/cjs/loader:1594:32) (STDERR, APP/PROC/WEB)#
#2026 09 09 05:36:43.599#Z#DEBUG#125301ff-ac10-11f1-b39f-eeee0a9ef9bb.Insurance_claim_management-srv#flowable-async-job-executor-thread-15405#
[PollStartAppStatusExecution] 36814cef-ef5f-4c60-bb5c-9a0d13b8c81b [2026-09-09T05:36:43.221590] at Module._load (node:internal/modules/cjs/loader:1396:12) (STDERR, APP/PROC/WEB)#
#2026 09 09 05:36:43.599#Z#DEBUG#125301ff-ac10-11f1-b39f-eeee0a9ef9bb.Insurance_claim_management-srv#flowable-async-job-executor-thread-15405#
[PollStartAppStatusExecution] 36814cef-ef5f-4c60-bb5c-9a0d13b8c81b [2026-09-09T05:36:43.221592] at wrapModuleLoad (node:internal/modules/cjs/loader:255:19) (STDERR, APP/PROC/WEB)#
#2026 09 09 05:36:43.599#Z#DEBUG#125301ff-ac10-11f1-b39f-eeee0a9ef9bb.Insurance_claim_management-srv#flowable-async-job-executor-thread-15405#
[PollStartAppStatusExecution] 36814cef-ef5f-4c60-bb5c-9a0d13b8c81b [2026-09-09T05:36:43.221595] at Module.require (node:internal/modules/cjs/loader:1617:12) (STDERR, APP/PROC/WEB)#
#2026 09 09 05:36:43.599#Z#DEBUG#125301ff-ac10-11f1-b39f-eeee0a9ef9bb.Insurance_claim_management-srv#flowable-async-job-executor-thread-15405#
[PollStartAppStatusExecution] 36814cef-ef5f-4c60-bb5c-9a0d13b8c81b [2026-09-09T05:36:43.221596] at require (node:internal/modules/helpers:153:16) (STDERR, APP/PROC/WEB)#
#2026 09 09 05:36:43.599#Z#DEBUG#125301ff-ac10-11f1-b39f-eeee0a9ef9bb.Insurance_claim_management-srv#flowable-async-job-executor-thread-15405#
[PollStartAppStatusExecution] 36814cef-ef5f-4c60-bb5c-9a0d13b8c81b [2026-09-09T05:36:43.221600] at exports._import (/home/vcap/app/node_modules/@sap/cds/lib/utils/cds-utils.js:320:21) (STDERR, APP/PROC/WEB)#
#2026 09 09 05:36:43.599#Z#DEBUG#125301ff-ac10-11f1-b39f-eeee0a9ef9bb.Insurance_claim_management-srv#flowable-async-job-executor-thread-15405#
[PollStartAppStatusExecution] 36814cef-ef5f-4c60-bb5c-9a0d13b8c81b [2026-09-09T05:36:43.221608] at _use (/home/vcap/app/node_modules/@sap/cds/lib/srv/factory.js:32:30) (STDERR, APP/PROC/WEB)#
#2026 09 09 05:36:43.599#Z#DEBUG#125301ff-ac10-11f1-b39f-eeee0a9ef9bb.Insurance_claim_management-srv#flowable-async-job-executor-thread-15405#
[PollStartAppStatusExecution] 36814cef-ef5f-4c60-bb5c-9a0d13b8c81b [2026-09-09T05:36:43.221610] Node.js v24.18.0 (STDERR, APP/PROC/WEB)#
#2026 09 09 05:36:43.599#Z#DEBUG#125301ff-ac10-11f1-b39f-eeee0a9ef9bb.Insurance_claim_management-srv#flowable-async-job-executor-thread-15405#
[PollStartAppStatusExecution] 36814cef-ef5f-4c60-bb5c-9a0d13b8c81b [2026-09-09T05:36:43.241421] npm notice (STDERR, APP/PROC/WEB)#
#2026 09 09 05:36:43.599#Z#DEBUG#125301ff-ac10-11f1-b39f-eeee0a9ef9bb.Insurance_claim_management-srv#flowable-async-job-executor-thread-15405#
[PollStartAppStatusExecution] 36814cef-ef5f-4c60-bb5c-9a0d13b8c81b [2026-09-09T05:36:43.241441] npm notice New major version of npm available! 11.16.0 -> 12.0.2 (STDERR, APP/PROC/WEB)#
#2026 09 09 05:36:43.599#Z#DEBUG#125301ff-ac10-11f1-b39f-eeee0a9ef9bb.Insurance_claim_management-srv#flowable-async-job-executor-thread-15405#
[PollStartAppStatusExecution] 36814cef-ef5f-4c60-bb5c-9a0d13b8c81b [2026-09-09T05:36:43.241471] npm notice Changelog: https://github.com/npm/cli/releases/tag/v12.0.2 (STDERR, APP/PROC/WEB)#
#2026 09 09 05:36:43.599#Z#DEBUG#125301ff-ac10-11f1-b39f-eeee0a9ef9bb.Insurance_claim_management-srv#flowable-async-job-executor-thread-15405#
[PollStartAppStatusExecution] 36814cef-ef5f-4c60-bb5c-9a0d13b8c81b [2026-09-09T05:36:43.241476] npm notice To update run: npm install -g npm@12.0.2 (STDERR, APP/PROC/WEB)#
#2026 09 09 05:36:43.599#Z#DEBUG#125301ff-ac10-11f1-b39f-eeee0a9ef9bb.Insurance_claim_management-srv#flowable-async-job-executor-thread-15405#
[PollStartAppStatusExecution] 36814cef-ef5f-4c60-bb5c-9a0d13b8c81b [2026-09-09T05:36:43.241479] npm notice (STDERR, APP/PROC/WEB)#
#2026 09 09 05:36:43.599#Z#DEBUG#125301ff-ac10-11f1-b39f-eeee0a9ef9bb.Insurance_claim_management-srv#flowable-async-job-executor-thread-15405#
[PollStartAppStatusExecution] 36814cef-ef5f-4c60-bb5c-9a0d13b8c81b [2026-09-09T05:36:43.320271] Exit status 1 (STDOUT, APP/PROC/WEB)#
#2026 09 09 05:36:53.553#Z#DEBUG#125301ff-ac10-11f1-b39f-eeee0a9ef9bb.Insurance_claim_management-srv#flowable-async-job-executor-thread-15413#
[PollStartAppStatusExecution] 36814cef-ef5f-4c60-bb5c-9a0d13b8c81b [2026-09-09T05:36:49.882282] Cell c839c7b1-088e-41af-b9b7-66256aacd457 stopping instance 402e341f-eaa6-40c6-7971-1c4a (STDOUT, CELL)#
#2026 09 09 05:36:53.553#Z#DEBUG#125301ff-ac10-11f1-b39f-eeee0a9ef9bb.Insurance_claim_management-srv#flowable-async-job-executor-thread-15413#
[PollStartAppStatusExecution] 36814cef-ef5f-4c60-bb5c-9a0d13b8c81b [2026-09-09T05:36:49.882327] Cell c839c7b1-088e-41af-b9b7-66256aacd457 destroying container for instance 402e341f-eaa6-40c6-7971-1c4a (STDOUT, CELL)#
#2026 09 09 05:36:53.553#Z#DEBUG#125301ff-ac10-11f1-b39f-eeee0a9ef9bb.Insurance_claim_management-srv#flowable-async-job-executor-thread-15413#
[PollStartAppStatusExecution] 36814cef-ef5f-4c60-bb5c-9a0d13b8c81b [2026-09-09T05:36:49.888845] Process has crashed with type: "web" (STDOUT, API)#
#2026 09 09 05:36:53.553#Z#DEBUG#125301ff-ac10-11f1-b39f-eeee0a9ef9bb.Insurance_claim_management-srv#flowable-async-job-executor-thread-15413#
[PollStartAppStatusExecution] 36814cef-ef5f-4c60-bb5c-9a0d13b8c81b [2026-09-09T05:36:49.903876] App instance exited with guid 36814cef-ef5f-4c60-bb5c-9a0d13b8c81b payload: {"instance"=>"402e341f-eaa6-40c6-7971-1c4a", "index"=>0, "cell_id"=>"c839c7b1-088e-41af-b9b7-66256aacd457", "reason"=>"CRASHED", "exit_description"=>"APP/PROC/WEB: Exited with status 1", "crash_count"=>1, "crash_timestamp"=>1788932209864748468, "version"=>"5af548be-80b9-4523-8c06-13035adcb2c4"} (STDOUT, API)#
#2026 09 09 05:36:53.553#Z#DEBUG#125301ff-ac10-11f1-b39f-eeee0a9ef9bb.Insurance_claim_management-srv#flowable-async-job-executor-thread-15413#
[PollStartAppStatusExecution] 36814cef-ef5f-4c60-bb5c-9a0d13b8c81b [2026-09-09T05:36:50.008318] Cell d1cc041a-d5a1-41d6-b9f6-6cda736ce3f0 creating container for instance 19f2836c-0eb7-4776-52e6-5762 (STDOUT, CELL)#
#2026 09 09 05:36:53.553#Z#DEBUG#125301ff-ac10-11f1-b39f-eeee0a9ef9bb.Insurance_claim_management-srv#flowable-async-job-executor-thread-15413#
[PollStartAppStatusExecution] 36814cef-ef5f-4c60-bb5c-9a0d13b8c81b [2026-09-09T05:36:50.118287] Exit status 137 (STDOUT, PROXY)#
#2026 09 09 05:36:53.553#Z#DEBUG#125301ff-ac10-11f1-b39f-eeee0a9ef9bb.Insurance_claim_management-srv#flowable-async-job-executor-thread-15413#
[PollStartAppStatusExecution] 36814cef-ef5f-4c60-bb5c-9a0d13b8c81b [2026-09-09T05:36:50.968898] Security group rules were updated (STDOUT, CELL)#
#2026 09 09 05:36:53.553#Z#DEBUG#125301ff-ac10-11f1-b39f-eeee0a9ef9bb.Insurance_claim_management-srv#flowable-async-job-executor-thread-15413#
[PollStartAppStatusExecution] 36814cef-ef5f-4c60-bb5c-9a0d13b8c81b [2026-09-09T05:36:51.241033] Cell d1cc041a-d5a1-41d6-b9f6-6cda736ce3f0 successfully created container for instance 19f2836c-0eb7-4776-52e6-5762 (STDOUT, CELL)#
#2026 09 09 05:36:53.553#Z#DEBUG#125301ff-ac10-11f1-b39f-eeee0a9ef9bb.Insurance_claim_management-srv#flowable-async-job-executor-thread-15413#
[PollStartAppStatusExecution] 36814cef-ef5f-4c60-bb5c-9a0d13b8c81b [2026-09-09T05:36:51.541565] Downloading droplet... (STDOUT, CELL)#
#2026 09 09 05:36:53.553#Z#DEBUG#125301ff-ac10-11f1-b39f-eeee0a9ef9bb.Insurance_claim_management-srv#flowable-async-job-executor-thread-15413#
[PollStartAppStatusExecution] 36814cef-ef5f-4c60-bb5c-9a0d13b8c81b [2026-09-09T05:36:52.198339] Cell c839c7b1-088e-41af-b9b7-66256aacd457 successfully destroyed container for instance 402e341f-eaa6-40c6-7971-1c4a (STDOUT, CELL)#
#2026 09 09 05:37:03.583#Z#DEBUG#125301ff-ac10-11f1-b39f-eeee0a9ef9bb.Insurance_claim_management-srv#flowable-async-job-executor-thread-15421#
[PollStartAppStatusExecution] 36814cef-ef5f-4c60-bb5c-9a0d13b8c81b [2026-09-09T05:36:57.107201] Downloaded droplet (68.5M) (STDOUT, CELL)#
#2026 09 09 05:37:03.583#Z#DEBUG#125301ff-ac10-11f1-b39f-eeee0a9ef9bb.Insurance_claim_management-srv#flowable-async-job-executor-thread-15421#
[PollStartAppStatusExecution] 36814cef-ef5f-4c60-bb5c-9a0d13b8c81b [2026-09-09T05:36:57.107465] Starting health monitoring of container (STDOUT, CELL)#
#2026 09 09 05:37:03.583#Z#DEBUG#125301ff-ac10-11f1-b39f-eeee0a9ef9bb.Insurance_claim_management-srv#flowable-async-job-executor-thread-15421#
[PollStartAppStatusExecution] 36814cef-ef5f-4c60-bb5c-9a0d13b8c81b [2026-09-09T05:36:57.273711] Invoking pre-start scripts. (STDOUT, APP/PROC/WEB)#
#2026 09 09 05:37:03.583#Z#DEBUG#125301ff-ac10-11f1-b39f-eeee0a9ef9bb.Insurance_claim_management-srv#flowable-async-job-executor-thread-15421#
[PollStartAppStatusExecution] 36814cef-ef5f-4c60-bb5c-9a0d13b8c81b [2026-09-09T05:36:57.539907] Invoking start command. (STDOUT, APP/PROC/WEB)#
#2026 09 09 05:37:03.583#Z#DEBUG#125301ff-ac10-11f1-b39f-eeee0a9ef9bb.Insurance_claim_management-srv#flowable-async-job-executor-thread-15421#
[PollStartAppStatusExecution] 36814cef-ef5f-4c60-bb5c-9a0d13b8c81b [2026-09-09T05:36:58.155053] > Insurance_claim_management@1.0.0 start (STDOUT, APP/PROC/WEB)#
#2026 09 09 05:37:03.583#Z#DEBUG#125301ff-ac10-11f1-b39f-eeee0a9ef9bb.Insurance_claim_management-srv#flowable-async-job-executor-thread-15421#
[PollStartAppStatusExecution] 36814cef-ef5f-4c60-bb5c-9a0d13b8c81b [2026-09-09T05:36:58.155093] > cds-serve (STDOUT, APP/PROC/WEB)#
#2026 09 09 05:37:03.583#Z#DEBUG#125301ff-ac10-11f1-b39f-eeee0a9ef9bb.Insurance_claim_management-srv#flowable-async-job-executor-thread-15421#
[PollStartAppStatusExecution] 36814cef-ef5f-4c60-bb5c-9a0d13b8c81b [2026-09-09T05:36:58.250395] [cds] - bootstrapping from { file: 'srv/server.js' } (STDOUT, APP/PROC/WEB)#
#2026 09 09 05:37:03.583#Z#DEBUG#125301ff-ac10-11f1-b39f-eeee0a9ef9bb.Insurance_claim_management-srv#flowable-async-job-executor-thread-15421#
[PollStartAppStatusExecution] 36814cef-ef5f-4c60-bb5c-9a0d13b8c81b [2026-09-09T05:36:58.654471] {"level":"info","logger":"cds","timestamp":"2026-09-09T05:36:58.653Z","layer":"cds","component_type":"application","container_id":"10.32.1.5","component_id":"36814cef-ef5f-4c60-bb5c-9a0d13b8c81b","component_name":"Insurance_claim_management-srv","component_instance":0,"source_instance":0,"organization_name":"547c31aatrial","organization_id":"a8788203-b551-47eb-923a-7c205db28329","space_name":"dev","space_id":"7e49670e-3a44-466e-ab78-1909884ded4e","msg":"loaded model from 1 file(s):\n ","type":"log"} (STDOUT, APP/PROC/WEB)#
#2026 09 09 05:37:03.583#Z#DEBUG#125301ff-ac10-11f1-b39f-eeee0a9ef9bb.Insurance_claim_management-srv#flowable-async-job-executor-thread-15421#
[PollStartAppStatusExecution] 36814cef-ef5f-4c60-bb5c-9a0d13b8c81b [2026-09-09T05:36:58.654522] srv/csn.json (STDOUT, APP/PROC/WEB)#
#2026 09 09 05:37:03.583#Z#DEBUG#125301ff-ac10-11f1-b39f-eeee0a9ef9bb.Insurance_claim_management-srv#flowable-async-job-executor-thread-15421#
[PollStartAppStatusExecution] 36814cef-ef5f-4c60-bb5c-9a0d13b8c81b [2026-09-09T05:36:59.043171] {"level":"info","logger":"cds","timestamp":"2026-09-09T05:36:59.042Z","layer":"cds","component_type":"application","container_id":"10.32.1.5","component_id":"36814cef-ef5f-4c60-bb5c-9a0d13b8c81b","component_name":"Insurance_claim_management-srv","component_instance":0,"source_instance":0,"organization_name":"547c31aatrial","organization_id":"a8788203-b551-47eb-923a-7c205db28329","space_name":"dev","space_id":"7e49670e-3a44-466e-ab78-1909884ded4e","msg":"connect to db > hana {\n  database_id: '9501111f-b680-4320-8ea6-d5aed2abc8eb',\n  host: '9501111f-b680-4320-8ea6-d5aed2abc8eb.hna1.prod-us10.hanacloud.ondemand.com',\n  port: '443',\n  driver: 'com.sap.db.jdbc.Driver',\n  url: 'jdbc:sap://9501111f-b680-4320-8ea6-d5aed2abc8eb.hna1.prod-us10.hanacloud.ondemand.com:443?encrypt=true&validateCertificate=true&currentschema=7A235FC8B8FB49948A4676FBA87E700E',\n  schema: '7A235FC8B8FB49948A4676FBA87E700E',\n  certificate: '...',\n  hdi_user: '7A235FC8B8FB49948A4676FBA87E700E_29O9C3HQWVZ25FKYI651BJXGX_DT',\n  hdi_password: '...',\n  user: '7A235FC8B8FB49948A4676FBA87E700E_29O9C3HQWVZ25FKYI651BJXGX_RT',\n  password: '...'\n}","type":"log"} (STDOUT, APP/PROC/WEB)#
#2026 09 09 05:37:03.583#Z#DEBUG#125301ff-ac10-11f1-b39f-eeee0a9ef9bb.Insurance_claim_management-srv#flowable-async-job-executor-thread-15421#
[PollStartAppStatusExecution] 36814cef-ef5f-4c60-bb5c-9a0d13b8c81b [2026-09-09T05:36:59.093544] /home/vcap/app/srv/service.js:6 (STDERR, APP/PROC/WEB)#
#2026 09 09 05:37:03.583#Z#DEBUG#125301ff-ac10-11f1-b39f-eeee0a9ef9bb.Insurance_claim_management-srv#flowable-async-job-executor-thread-15421#
[PollStartAppStatusExecution] 36814cef-ef5f-4c60-bb5c-9a0d13b8c81b [2026-09-09T05:36:59.093579] const cds = require("@sap/cds"); (STDERR, APP/PROC/WEB)#
#2026 09 09 05:37:03.583#Z#DEBUG#125301ff-ac10-11f1-b39f-eeee0a9ef9bb.Insurance_claim_management-srv#flowable-async-job-executor-thread-15421#
[PollStartAppStatusExecution] 36814cef-ef5f-4c60-bb5c-9a0d13b8c81b [2026-09-09T05:36:59.093583] ^ (STDERR, APP/PROC/WEB)#
#2026 09 09 05:37:03.583#Z#DEBUG#125301ff-ac10-11f1-b39f-eeee0a9ef9bb.Insurance_claim_management-srv#flowable-async-job-executor-thread-15421#
[PollStartAppStatusExecution] 36814cef-ef5f-4c60-bb5c-9a0d13b8c81b [2026-09-09T05:36:59.093588] SyntaxError: Identifier 'cds' has already been declared (STDERR, APP/PROC/WEB)#
#2026 09 09 05:37:03.583#Z#DEBUG#125301ff-ac10-11f1-b39f-eeee0a9ef9bb.Insurance_claim_management-srv#flowable-async-job-executor-thread-15421#
[PollStartAppStatusExecution] 36814cef-ef5f-4c60-bb5c-9a0d13b8c81b [2026-09-09T05:36:59.093597] at wrapSafe (node:internal/modules/cjs/loader:1804:18) (STDERR, APP/PROC/WEB)#
#2026 09 09 05:37:03.583#Z#DEBUG#125301ff-ac10-11f1-b39f-eeee0a9ef9bb.Insurance_claim_management-srv#flowable-async-job-executor-thread-15421#
[PollStartAppStatusExecution] 36814cef-ef5f-4c60-bb5c-9a0d13b8c81b [2026-09-09T05:36:59.093602] at Module._compile (node:internal/modules/cjs/loader:1845:20) (STDERR, APP/PROC/WEB)#
#2026 09 09 05:37:03.583#Z#DEBUG#125301ff-ac10-11f1-b39f-eeee0a9ef9bb.Insurance_claim_management-srv#flowable-async-job-executor-thread-15421#
[PollStartAppStatusExecution] 36814cef-ef5f-4c60-bb5c-9a0d13b8c81b [2026-09-09T05:36:59.093605] at Object..js (node:internal/modules/cjs/loader:2002:10) (STDERR, APP/PROC/WEB)#
#2026 09 09 05:37:03.583#Z#DEBUG#125301ff-ac10-11f1-b39f-eeee0a9ef9bb.Insurance_claim_management-srv#flowable-async-job-executor-thread-15421#
[PollStartAppStatusExecution] 36814cef-ef5f-4c60-bb5c-9a0d13b8c81b [2026-09-09T05:36:59.093608] at Module.load (node:internal/modules/cjs/loader:1594:32) (STDERR, APP/PROC/WEB)#
#2026 09 09 05:37:03.583#Z#DEBUG#125301ff-ac10-11f1-b39f-eeee0a9ef9bb.Insurance_claim_management-srv#flowable-async-job-executor-thread-15421#
[PollStartAppStatusExecution] 36814cef-ef5f-4c60-bb5c-9a0d13b8c81b [2026-09-09T05:36:59.093610] at Module._load (node:internal/modules/cjs/loader:1396:12) (STDERR, APP/PROC/WEB)#
#2026 09 09 05:37:03.583#Z#DEBUG#125301ff-ac10-11f1-b39f-eeee0a9ef9bb.Insurance_claim_management-srv#flowable-async-job-executor-thread-15421#
[PollStartAppStatusExecution] 36814cef-ef5f-4c60-bb5c-9a0d13b8c81b [2026-09-09T05:36:59.093613] at wrapModuleLoad (node:internal/modules/cjs/loader:255:19) (STDERR, APP/PROC/WEB)#
#2026 09 09 05:37:03.583#Z#DEBUG#125301ff-ac10-11f1-b39f-eeee0a9ef9bb.Insurance_claim_management-srv#flowable-async-job-executor-thread-15421#
[PollStartAppStatusExecution] 36814cef-ef5f-4c60-bb5c-9a0d13b8c81b [2026-09-09T05:36:59.093616] at Module.require (node:internal/modules/cjs/loader:1617:12) (STDERR, APP/PROC/WEB)#
#2026 09 09 05:37:03.583#Z#DEBUG#125301ff-ac10-11f1-b39f-eeee0a9ef9bb.Insurance_claim_management-srv#flowable-async-job-executor-thread-15421#
[PollStartAppStatusExecution] 36814cef-ef5f-4c60-bb5c-9a0d13b8c81b [2026-09-09T05:36:59.093618] at require (node:internal/modules/helpers:153:16) (STDERR, APP/PROC/WEB)#
#2026 09 09 05:37:03.583#Z#DEBUG#125301ff-ac10-11f1-b39f-eeee0a9ef9bb.Insurance_claim_management-srv#flowable-async-job-executor-thread-15421#
[PollStartAppStatusExecution] 36814cef-ef5f-4c60-bb5c-9a0d13b8c81b [2026-09-09T05:36:59.093621] at exports._import (/home/vcap/app/node_modules/@sap/cds/lib/utils/cds-utils.js:320:21) (STDERR, APP/PROC/WEB)#
#2026 09 09 05:37:03.583#Z#DEBUG#125301ff-ac10-11f1-b39f-eeee0a9ef9bb.Insurance_claim_management-srv#flowable-async-job-executor-thread-15421#
[PollStartAppStatusExecution] 36814cef-ef5f-4c60-bb5c-9a0d13b8c81b [2026-09-09T05:36:59.093623] at _use (/home/vcap/app/node_modules/@sap/cds/lib/srv/factory.js:32:30) (STDERR, APP/PROC/WEB)#
#2026 09 09 05:37:03.583#Z#DEBUG#125301ff-ac10-11f1-b39f-eeee0a9ef9bb.Insurance_claim_management-srv#flowable-async-job-executor-thread-15421#
[PollStartAppStatusExecution] 36814cef-ef5f-4c60-bb5c-9a0d13b8c81b [2026-09-09T05:36:59.093629] Node.js v24.18.0 (STDERR, APP/PROC/WEB)#
#2026 09 09 05:37:03.583#Z#DEBUG#125301ff-ac10-11f1-b39f-eeee0a9ef9bb.Insurance_claim_management-srv#flowable-async-job-executor-thread-15421#
[PollStartAppStatusExecution] 36814cef-ef5f-4c60-bb5c-9a0d13b8c81b [2026-09-09T05:36:59.118506] npm notice (STDERR, APP/PROC/WEB)#
#2026 09 09 05:37:03.583#Z#DEBUG#125301ff-ac10-11f1-b39f-eeee0a9ef9bb.Insurance_claim_management-srv#flowable-async-job-executor-thread-15421#
[PollStartAppStatusExecution] 36814cef-ef5f-4c60-bb5c-9a0d13b8c81b [2026-09-09T05:36:59.118554] npm notice New major version of npm available! 11.16.0 -> 12.0.2 (STDERR, APP/PROC/WEB)#
#2026 09 09 05:37:03.583#Z#DEBUG#125301ff-ac10-11f1-b39f-eeee0a9ef9bb.Insurance_claim_management-srv#flowable-async-job-executor-thread-15421#
[PollStartAppStatusExecution] 36814cef-ef5f-4c60-bb5c-9a0d13b8c81b [2026-09-09T05:36:59.118563] npm notice Changelog: https://github.com/npm/cli/releases/tag/v12.0.2 (STDERR, APP/PROC/WEB)#
#2026 09 09 05:37:03.583#Z#DEBUG#125301ff-ac10-11f1-b39f-eeee0a9ef9bb.Insurance_claim_management-srv#flowable-async-job-executor-thread-15421#
[PollStartAppStatusExecution] 36814cef-ef5f-4c60-bb5c-9a0d13b8c81b [2026-09-09T05:36:59.118566] npm notice To update run: npm install -g npm@12.0.2 (STDERR, APP/PROC/WEB)#
#2026 09 09 05:37:03.583#Z#DEBUG#125301ff-ac10-11f1-b39f-eeee0a9ef9bb.Insurance_claim_management-srv#flowable-async-job-executor-thread-15421#
[PollStartAppStatusExecution] 36814cef-ef5f-4c60-bb5c-9a0d13b8c81b [2026-09-09T05:36:59.118569] npm notice (STDERR, APP/PROC/WEB)#
#2026 09 09 05:37:03.583#Z#DEBUG#125301ff-ac10-11f1-b39f-eeee0a9ef9bb.Insurance_claim_management-srv#flowable-async-job-executor-thread-15421#
[PollStartAppStatusExecution] 36814cef-ef5f-4c60-bb5c-9a0d13b8c81b [2026-09-09T05:36:59.200500] Exit status 1 (STDOUT, APP/PROC/WEB)#
#2026 09 09 05:37:13.617#Z#DEBUG#125301ff-ac10-11f1-b39f-eeee0a9ef9bb.Insurance_claim_management-srv#flowable-async-job-executor-thread-15427#
[PollStartAppStatusExecution] 36814cef-ef5f-4c60-bb5c-9a0d13b8c81b [2026-09-09T05:37:06.419937] Cell d1cc041a-d5a1-41d6-b9f6-6cda736ce3f0 stopping instance 19f2836c-0eb7-4776-52e6-5762 (STDOUT, CELL)#
#2026 09 09 05:37:13.617#Z#DEBUG#125301ff-ac10-11f1-b39f-eeee0a9ef9bb.Insurance_claim_management-srv#flowable-async-job-executor-thread-15427#
[PollStartAppStatusExecution] 36814cef-ef5f-4c60-bb5c-9a0d13b8c81b [2026-09-09T05:37:06.419980] Cell d1cc041a-d5a1-41d6-b9f6-6cda736ce3f0 destroying container for instance 19f2836c-0eb7-4776-52e6-5762 (STDOUT, CELL)#
#2026 09 09 05:37:13.617#Z#DEBUG#125301ff-ac10-11f1-b39f-eeee0a9ef9bb.Insurance_claim_management-srv#flowable-async-job-executor-thread-15427#
[PollStartAppStatusExecution] 36814cef-ef5f-4c60-bb5c-9a0d13b8c81b [2026-09-09T05:37:06.422087] Process has crashed with type: "web" (STDOUT, API)#
#2026 09 09 05:37:13.617#Z#DEBUG#125301ff-ac10-11f1-b39f-eeee0a9ef9bb.Insurance_claim_management-srv#flowable-async-job-executor-thread-15427#
[PollStartAppStatusExecution] 36814cef-ef5f-4c60-bb5c-9a0d13b8c81b [2026-09-09T05:37:06.437738] App instance exited with guid 36814cef-ef5f-4c60-bb5c-9a0d13b8c81b payload: {"instance"=>"19f2836c-0eb7-4776-52e6-5762", "index"=>0, "cell_id"=>"d1cc041a-d5a1-41d6-b9f6-6cda736ce3f0", "reason"=>"CRASHED", "exit_description"=>"APP/PROC/WEB: Exited with status 1", "crash_count"=>2, "crash_timestamp"=>1788932226400925077, "version"=>"5af548be-80b9-4523-8c06-13035adcb2c4"} (STDOUT, API)#
#2026 09 09 05:37:13.617#Z#DEBUG#125301ff-ac10-11f1-b39f-eeee0a9ef9bb.Insurance_claim_management-srv#flowable-async-job-executor-thread-15427#
[PollStartAppStatusExecution] 36814cef-ef5f-4c60-bb5c-9a0d13b8c81b [2026-09-09T05:37:06.546087] Cell 77283d80-dfa7-40ba-ba4e-265aef112085 creating container for instance a713a476-dd35-493a-5e81-424e (STDOUT, CELL)#
#2026 09 09 05:37:13.617#Z#DEBUG#125301ff-ac10-11f1-b39f-eeee0a9ef9bb.Insurance_claim_management-srv#flowable-async-job-executor-thread-15427#
[PollStartAppStatusExecution] 36814cef-ef5f-4c60-bb5c-9a0d13b8c81b [2026-09-09T05:37:06.641889] Exit status 137 (STDOUT, PROXY)#
#2026 09 09 05:37:13.617#Z#DEBUG#125301ff-ac10-11f1-b39f-eeee0a9ef9bb.Insurance_claim_management-srv#flowable-async-job-executor-thread-15427#
[PollStartAppStatusExecution] 36814cef-ef5f-4c60-bb5c-9a0d13b8c81b [2026-09-09T05:37:07.272183] Security group rules were updated (STDOUT, CELL)#
#2026 09 09 05:37:13.617#Z#DEBUG#125301ff-ac10-11f1-b39f-eeee0a9ef9bb.Insurance_claim_management-srv#flowable-async-job-executor-thread-15427#
[PollStartAppStatusExecution] 36814cef-ef5f-4c60-bb5c-9a0d13b8c81b [2026-09-09T05:37:07.374657] Cell 77283d80-dfa7-40ba-ba4e-265aef112085 successfully created container for instance a713a476-dd35-493a-5e81-424e (STDOUT, CELL)#
#2026 09 09 05:37:13.617#Z#DEBUG#125301ff-ac10-11f1-b39f-eeee0a9ef9bb.Insurance_claim_management-srv#flowable-async-job-executor-thread-15427#
[PollStartAppStatusExecution] 36814cef-ef5f-4c60-bb5c-9a0d13b8c81b [2026-09-09T05:37:07.928370] Downloading droplet... (STDOUT, CELL)#
#2026 09 09 05:37:13.617#Z#DEBUG#125301ff-ac10-11f1-b39f-eeee0a9ef9bb.Insurance_claim_management-srv#flowable-async-job-executor-thread-15427#
[PollStartAppStatusExecution] 36814cef-ef5f-4c60-bb5c-9a0d13b8c81b [2026-09-09T05:37:09.595231] Cell d1cc041a-d5a1-41d6-b9f6-6cda736ce3f0 successfully destroyed container for instance 19f2836c-0eb7-4776-52e6-5762 (STDOUT, CELL)#
#2026 09 09 05:37:13.617#Z#DEBUG#125301ff-ac10-11f1-b39f-eeee0a9ef9bb.Insurance_claim_management-srv#flowable-async-job-executor-thread-15427#
[PollStartAppStatusExecution] 36814cef-ef5f-4c60-bb5c-9a0d13b8c81b [2026-09-09T05:37:12.338917] Downloaded droplet (68.5M) (STDOUT, CELL)#
#2026 09 09 05:37:13.617#Z#DEBUG#125301ff-ac10-11f1-b39f-eeee0a9ef9bb.Insurance_claim_management-srv#flowable-async-job-executor-thread-15427#
[PollStartAppStatusExecution] 36814cef-ef5f-4c60-bb5c-9a0d13b8c81b [2026-09-09T05:37:12.339488] Starting health monitoring of container (STDOUT, CELL)#
#2026 09 09 05:37:13.617#Z#DEBUG#125301ff-ac10-11f1-b39f-eeee0a9ef9bb.Insurance_claim_management-srv#flowable-async-job-executor-thread-15427#
[PollStartAppStatusExecution] 36814cef-ef5f-4c60-bb5c-9a0d13b8c81b [2026-09-09T05:37:12.468843] Invoking pre-start scripts. (STDOUT, APP/PROC/WEB)#
#2026 09 09 05:37:13.617#Z#DEBUG#125301ff-ac10-11f1-b39f-eeee0a9ef9bb.Insurance_claim_management-srv#flowable-async-job-executor-thread-15427#
[PollStartAppStatusExecution] 36814cef-ef5f-4c60-bb5c-9a0d13b8c81b [2026-09-09T05:37:12.696761] Invoking start command. (STDOUT, APP/PROC/WEB)#
#2026 09 09 05:37:23.621#Z#DEBUG#125301ff-ac10-11f1-b39f-eeee0a9ef9bb.Insurance_claim_management-srv#flowable-async-job-executor-thread-15433#
[PollStartAppStatusExecution] 36814cef-ef5f-4c60-bb5c-9a0d13b8c81b [2026-09-09T05:37:13.248780] > Insurance_claim_management@1.0.0 start (STDOUT, APP/PROC/WEB)#
#2026 09 09 05:37:23.621#Z#DEBUG#125301ff-ac10-11f1-b39f-eeee0a9ef9bb.Insurance_claim_management-srv#flowable-async-job-executor-thread-15433#
[PollStartAppStatusExecution] 36814cef-ef5f-4c60-bb5c-9a0d13b8c81b [2026-09-09T05:37:13.248871] > cds-serve (STDOUT, APP/PROC/WEB)#
#2026 09 09 05:37:23.621#Z#DEBUG#125301ff-ac10-11f1-b39f-eeee0a9ef9bb.Insurance_claim_management-srv#flowable-async-job-executor-thread-15433#
[PollStartAppStatusExecution] 36814cef-ef5f-4c60-bb5c-9a0d13b8c81b [2026-09-09T05:37:13.347424] [cds] - bootstrapping from { file: 'srv/server.js' } (STDOUT, APP/PROC/WEB)#
#2026 09 09 05:37:23.621#Z#DEBUG#125301ff-ac10-11f1-b39f-eeee0a9ef9bb.Insurance_claim_management-srv#flowable-async-job-executor-thread-15433#
[PollStartAppStatusExecution] 36814cef-ef5f-4c60-bb5c-9a0d13b8c81b [2026-09-09T05:37:13.639431] {"level":"info","logger":"cds","timestamp":"2026-09-09T05:37:13.638Z","layer":"cds","component_type":"application","container_id":"10.32.3.6","component_id":"36814cef-ef5f-4c60-bb5c-9a0d13b8c81b","component_name":"Insurance_claim_management-srv","component_instance":0,"source_instance":0,"organization_name":"547c31aatrial","organization_id":"a8788203-b551-47eb-923a-7c205db28329","space_name":"dev","space_id":"7e49670e-3a44-466e-ab78-1909884ded4e","msg":"loaded model from 1 file(s):\n ","type":"log"} (STDOUT, APP/PROC/WEB)#
#2026 09 09 05:37:23.621#Z#DEBUG#125301ff-ac10-11f1-b39f-eeee0a9ef9bb.Insurance_claim_management-srv#flowable-async-job-executor-thread-15433#
[PollStartAppStatusExecution] 36814cef-ef5f-4c60-bb5c-9a0d13b8c81b [2026-09-09T05:37:13.639922] srv/csn.json (STDOUT, APP/PROC/WEB)#
#2026 09 09 05:37:23.621#Z#DEBUG#125301ff-ac10-11f1-b39f-eeee0a9ef9bb.Insurance_claim_management-srv#flowable-async-job-executor-thread-15433#
[PollStartAppStatusExecution] 36814cef-ef5f-4c60-bb5c-9a0d13b8c81b [2026-09-09T05:37:13.910810] {"level":"info","logger":"cds","timestamp":"2026-09-09T05:37:13.909Z","layer":"cds","component_type":"application","container_id":"10.32.3.6","component_id":"36814cef-ef5f-4c60-bb5c-9a0d13b8c81b","component_name":"Insurance_claim_management-srv","component_instance":0,"source_instance":0,"organization_name":"547c31aatrial","organization_id":"a8788203-b551-47eb-923a-7c205db28329","space_name":"dev","space_id":"7e49670e-3a44-466e-ab78-1909884ded4e","msg":"connect to db > hana {\n  database_id: '9501111f-b680-4320-8ea6-d5aed2abc8eb',\n  host: '9501111f-b680-4320-8ea6-d5aed2abc8eb.hna1.prod-us10.hanacloud.ondemand.com',\n  port: '443',\n  driver: 'com.sap.db.jdbc.Driver',\n  url: 'jdbc:sap://9501111f-b680-4320-8ea6-d5aed2abc8eb.hna1.prod-us10.hanacloud.ondemand.com:443?encrypt=true&validateCertificate=true&currentschema=7A235FC8B8FB49948A4676FBA87E700E',\n  schema: '7A235FC8B8FB49948A4676FBA87E700E',\n  certificate: '...',\n  hdi_user: '7A235FC8B8FB49948A4676FBA87E700E_29O9C3HQWVZ25FKYI651BJXGX_DT',\n  hdi_password: '...',\n  user: '7A235FC8B8FB49948A4676FBA87E700E_29O9C3HQWVZ25FKYI651BJXGX_RT',\n  password: '...'\n}","type":"log"} (STDOUT, APP/PROC/WEB)#
#2026 09 09 05:37:23.621#Z#DEBUG#125301ff-ac10-11f1-b39f-eeee0a9ef9bb.Insurance_claim_management-srv#flowable-async-job-executor-thread-15433#
[PollStartAppStatusExecution] 36814cef-ef5f-4c60-bb5c-9a0d13b8c81b [2026-09-09T05:37:13.942161] /home/vcap/app/srv/service.js:6 (STDERR, APP/PROC/WEB)#
#2026 09 09 05:37:23.621#Z#DEBUG#125301ff-ac10-11f1-b39f-eeee0a9ef9bb.Insurance_claim_management-srv#flowable-async-job-executor-thread-15433#
[PollStartAppStatusExecution] 36814cef-ef5f-4c60-bb5c-9a0d13b8c81b [2026-09-09T05:37:13.942199] const cds = require("@sap/cds"); (STDERR, APP/PROC/WEB)#
#2026 09 09 05:37:23.621#Z#DEBUG#125301ff-ac10-11f1-b39f-eeee0a9ef9bb.Insurance_claim_management-srv#flowable-async-job-executor-thread-15433#
[PollStartAppStatusExecution] 36814cef-ef5f-4c60-bb5c-9a0d13b8c81b [2026-09-09T05:37:13.942204] ^ (STDERR, APP/PROC/WEB)#
#2026 09 09 05:37:23.621#Z#DEBUG#125301ff-ac10-11f1-b39f-eeee0a9ef9bb.Insurance_claim_management-srv#flowable-async-job-executor-thread-15433#
[PollStartAppStatusExecution] 36814cef-ef5f-4c60-bb5c-9a0d13b8c81b [2026-09-09T05:37:13.942208] SyntaxError: Identifier 'cds' has already been declared (STDERR, APP/PROC/WEB)#
#2026 09 09 05:37:23.621#Z#DEBUG#125301ff-ac10-11f1-b39f-eeee0a9ef9bb.Insurance_claim_management-srv#flowable-async-job-executor-thread-15433#
[PollStartAppStatusExecution] 36814cef-ef5f-4c60-bb5c-9a0d13b8c81b [2026-09-09T05:37:13.942211] at wrapSafe (node:internal/modules/cjs/loader:1804:18) (STDERR, APP/PROC/WEB)#
#2026 09 09 05:37:23.621#Z#DEBUG#125301ff-ac10-11f1-b39f-eeee0a9ef9bb.Insurance_claim_management-srv#flowable-async-job-executor-thread-15433#
[PollStartAppStatusExecution] 36814cef-ef5f-4c60-bb5c-9a0d13b8c81b [2026-09-09T05:37:13.942219] at Module._compile (node:internal/modules/cjs/loader:1845:20) (STDERR, APP/PROC/WEB)#
#2026 09 09 05:37:23.621#Z#DEBUG#125301ff-ac10-11f1-b39f-eeee0a9ef9bb.Insurance_claim_management-srv#flowable-async-job-executor-thread-15433#
[PollStartAppStatusExecution] 36814cef-ef5f-4c60-bb5c-9a0d13b8c81b [2026-09-09T05:37:13.942222] at Object..js (node:internal/modules/cjs/loader:2002:10) (STDERR, APP/PROC/WEB)#
#2026 09 09 05:37:23.621#Z#DEBUG#125301ff-ac10-11f1-b39f-eeee0a9ef9bb.Insurance_claim_management-srv#flowable-async-job-executor-thread-15433#
[PollStartAppStatusExecution] 36814cef-ef5f-4c60-bb5c-9a0d13b8c81b [2026-09-09T05:37:13.942225] at Module.load (node:internal/modules/cjs/loader:1594:32) (STDERR, APP/PROC/WEB)#
#2026 09 09 05:37:23.621#Z#DEBUG#125301ff-ac10-11f1-b39f-eeee0a9ef9bb.Insurance_claim_management-srv#flowable-async-job-executor-thread-15433#
[PollStartAppStatusExecution] 36814cef-ef5f-4c60-bb5c-9a0d13b8c81b [2026-09-09T05:37:13.942229] at Module._load (node:internal/modules/cjs/loader:1396:12) (STDERR, APP/PROC/WEB)#
#2026 09 09 05:37:23.621#Z#DEBUG#125301ff-ac10-11f1-b39f-eeee0a9ef9bb.Insurance_claim_management-srv#flowable-async-job-executor-thread-15433#
[PollStartAppStatusExecution] 36814cef-ef5f-4c60-bb5c-9a0d13b8c81b [2026-09-09T05:37:13.942232] at wrapModuleLoad (node:internal/modules/cjs/loader:255:19) (STDERR, APP/PROC/WEB)#
#2026 09 09 05:37:23.621#Z#DEBUG#125301ff-ac10-11f1-b39f-eeee0a9ef9bb.Insurance_claim_management-srv#flowable-async-job-executor-thread-15433#
[PollStartAppStatusExecution] 36814cef-ef5f-4c60-bb5c-9a0d13b8c81b [2026-09-09T05:37:13.942234] at Module.require (node:internal/modules/cjs/loader:1617:12) (STDERR, APP/PROC/WEB)#
#2026 09 09 05:37:23.621#Z#DEBUG#125301ff-ac10-11f1-b39f-eeee0a9ef9bb.Insurance_claim_management-srv#flowable-async-job-executor-thread-15433#
[PollStartAppStatusExecution] 36814cef-ef5f-4c60-bb5c-9a0d13b8c81b [2026-09-09T05:37:13.942240] at require (node:internal/modules/helpers:153:16) (STDERR, APP/PROC/WEB)#
#2026 09 09 05:37:23.621#Z#DEBUG#125301ff-ac10-11f1-b39f-eeee0a9ef9bb.Insurance_claim_management-srv#flowable-async-job-executor-thread-15433#
[PollStartAppStatusExecution] 36814cef-ef5f-4c60-bb5c-9a0d13b8c81b [2026-09-09T05:37:13.942244] at exports._import (/home/vcap/app/node_modules/@sap/cds/lib/utils/cds-utils.js:320:21) (STDERR, APP/PROC/WEB)#
#2026 09 09 05:37:23.621#Z#DEBUG#125301ff-ac10-11f1-b39f-eeee0a9ef9bb.Insurance_claim_management-srv#flowable-async-job-executor-thread-15433#
[PollStartAppStatusExecution] 36814cef-ef5f-4c60-bb5c-9a0d13b8c81b [2026-09-09T05:37:13.942247] at _use (/home/vcap/app/node_modules/@sap/cds/lib/srv/factory.js:32:30) (STDERR, APP/PROC/WEB)#
#2026 09 09 05:37:23.621#Z#DEBUG#125301ff-ac10-11f1-b39f-eeee0a9ef9bb.Insurance_claim_management-srv#flowable-async-job-executor-thread-15433#
[PollStartAppStatusExecution] 36814cef-ef5f-4c60-bb5c-9a0d13b8c81b [2026-09-09T05:37:13.942250] Node.js v24.18.0 (STDERR, APP/PROC/WEB)#
#2026 09 09 05:37:23.621#Z#DEBUG#125301ff-ac10-11f1-b39f-eeee0a9ef9bb.Insurance_claim_management-srv#flowable-async-job-executor-thread-15433#
[PollStartAppStatusExecution] 36814cef-ef5f-4c60-bb5c-9a0d13b8c81b [2026-09-09T05:37:13.962665] npm notice (STDERR, APP/PROC/WEB)#
#2026 09 09 05:37:23.621#Z#DEBUG#125301ff-ac10-11f1-b39f-eeee0a9ef9bb.Insurance_claim_management-srv#flowable-async-job-executor-thread-15433#
[PollStartAppStatusExecution] 36814cef-ef5f-4c60-bb5c-9a0d13b8c81b [2026-09-09T05:37:13.962707] npm notice New major version of npm available! 11.16.0 -> 12.0.2 (STDERR, APP/PROC/WEB)#
#2026 09 09 05:37:23.621#Z#DEBUG#125301ff-ac10-11f1-b39f-eeee0a9ef9bb.Insurance_claim_management-srv#flowable-async-job-executor-thread-15433#
[PollStartAppStatusExecution] 36814cef-ef5f-4c60-bb5c-9a0d13b8c81b [2026-09-09T05:37:13.962715] npm notice Changelog: https://github.com/npm/cli/releases/tag/v12.0.2 (STDERR, APP/PROC/WEB)#
#2026 09 09 05:37:23.621#Z#DEBUG#125301ff-ac10-11f1-b39f-eeee0a9ef9bb.Insurance_claim_management-srv#flowable-async-job-executor-thread-15433#
[PollStartAppStatusExecution] 36814cef-ef5f-4c60-bb5c-9a0d13b8c81b [2026-09-09T05:37:13.962720] npm notice To update run: npm install -g npm@12.0.2 (STDERR, APP/PROC/WEB)#
#2026 09 09 05:37:23.621#Z#DEBUG#125301ff-ac10-11f1-b39f-eeee0a9ef9bb.Insurance_claim_management-srv#flowable-async-job-executor-thread-15433#
[PollStartAppStatusExecution] 36814cef-ef5f-4c60-bb5c-9a0d13b8c81b [2026-09-09T05:37:13.962723] npm notice (STDERR, APP/PROC/WEB)#
#2026 09 09 05:37:23.621#Z#DEBUG#125301ff-ac10-11f1-b39f-eeee0a9ef9bb.Insurance_claim_management-srv#flowable-async-job-executor-thread-15433#
[PollStartAppStatusExecution] 36814cef-ef5f-4c60-bb5c-9a0d13b8c81b [2026-09-09T05:37:14.042377] Exit status 1 (STDOUT, APP/PROC/WEB)#
#2026 09 09 05:37:23.621#Z#DEBUG#125301ff-ac10-11f1-b39f-eeee0a9ef9bb.Insurance_claim_management-srv#flowable-async-job-executor-thread-15433#
[PollStartAppStatusExecution] 36814cef-ef5f-4c60-bb5c-9a0d13b8c81b [2026-09-09T05:37:20.616561] Cell 77283d80-dfa7-40ba-ba4e-265aef112085 stopping instance a713a476-dd35-493a-5e81-424e (STDOUT, CELL)#
#2026 09 09 05:37:23.621#Z#DEBUG#125301ff-ac10-11f1-b39f-eeee0a9ef9bb.Insurance_claim_management-srv#flowable-async-job-executor-thread-15433#
[PollStartAppStatusExecution] 36814cef-ef5f-4c60-bb5c-9a0d13b8c81b [2026-09-09T05:37:20.616604] Cell 77283d80-dfa7-40ba-ba4e-265aef112085 destroying container for instance a713a476-dd35-493a-5e81-424e (STDOUT, CELL)#
#2026 09 09 05:37:23.621#Z#DEBUG#125301ff-ac10-11f1-b39f-eeee0a9ef9bb.Insurance_claim_management-srv#flowable-async-job-executor-thread-15433#
[PollStartAppStatusExecution] 36814cef-ef5f-4c60-bb5c-9a0d13b8c81b [2026-09-09T05:37:20.633819] Process has crashed with type: "web" (STDOUT, API)#
#2026 09 09 05:37:23.621#Z#DEBUG#125301ff-ac10-11f1-b39f-eeee0a9ef9bb.Insurance_claim_management-srv#flowable-async-job-executor-thread-15433#
[PollStartAppStatusExecution] 36814cef-ef5f-4c60-bb5c-9a0d13b8c81b [2026-09-09T05:37:20.650271] App instance exited with guid 36814cef-ef5f-4c60-bb5c-9a0d13b8c81b payload: {"instance"=>"a713a476-dd35-493a-5e81-424e", "index"=>0, "cell_id"=>"77283d80-dfa7-40ba-ba4e-265aef112085", "reason"=>"CRASHED", "exit_description"=>"APP/PROC/WEB: Exited with status 1", "crash_count"=>3, "crash_timestamp"=>1788932240612908715, "version"=>"5af548be-80b9-4523-8c06-13035adcb2c4"} (STDOUT, API)#
#2026 09 09 05:37:23.621#Z#DEBUG#125301ff-ac10-11f1-b39f-eeee0a9ef9bb.Insurance_claim_management-srv#flowable-async-job-executor-thread-15433#
[PollStartAppStatusExecution] 36814cef-ef5f-4c60-bb5c-9a0d13b8c81b [2026-09-09T05:37:20.808899] Exit status 137 (STDOUT, PROXY)#
#2026 09 09 05:37:23.621#Z#DEBUG#125301ff-ac10-11f1-b39f-eeee0a9ef9bb.Insurance_claim_management-srv#flowable-async-job-executor-thread-15433#
[PollStartAppStatusExecution] 36814cef-ef5f-4c60-bb5c-9a0d13b8c81b [2026-09-09T05:37:23.088207] Cell 77283d80-dfa7-40ba-ba4e-265aef112085 successfully destroyed container for instance a713a476-dd35-493a-5e81-424e (STDOUT, CELL)#
#2026 09 09 05:37:33.725#Z#DEBUG#125301ff-ac10-11f1-b39f-eeee0a9ef9bb.Insurance_claim_management-srv#flowable-async-job-executor-thread-15438#
[PollStartAppStatusExecution] 36814cef-ef5f-4c60-bb5c-9a0d13b8c81b [2026-09-09T05:37:13.248780] > Insurance_claim_management@1.0.0 start (STDOUT, APP/PROC/WEB)#
#2026 09 09 05:37:33.725#Z#DEBUG#125301ff-ac10-11f1-b39f-eeee0a9ef9bb.Insurance_claim_management-srv#flowable-async-job-executor-thread-15438#
[PollStartAppStatusExecution] 36814cef-ef5f-4c60-bb5c-9a0d13b8c81b [2026-09-09T05:37:13.248871] > cds-serve (STDOUT, APP/PROC/WEB)#
#2026 09 09 05:37:33.725#Z#DEBUG#125301ff-ac10-11f1-b39f-eeee0a9ef9bb.Insurance_claim_management-srv#flowable-async-job-executor-thread-15438#
[PollStartAppStatusExecution] 36814cef-ef5f-4c60-bb5c-9a0d13b8c81b [2026-09-09T05:37:13.347424] [cds] - bootstrapping from { file: 'srv/server.js' } (STDOUT, APP/PROC/WEB)#
#2026 09 09 05:37:33.725#Z#DEBUG#125301ff-ac10-11f1-b39f-eeee0a9ef9bb.Insurance_claim_management-srv#flowable-async-job-executor-thread-15438#
[PollStartAppStatusExecution] 36814cef-ef5f-4c60-bb5c-9a0d13b8c81b [2026-09-09T05:37:13.639431] {"level":"info","logger":"cds","timestamp":"2026-09-09T05:37:13.638Z","layer":"cds","component_type":"application","container_id":"10.32.3.6","component_id":"36814cef-ef5f-4c60-bb5c-9a0d13b8c81b","component_name":"Insurance_claim_management-srv","component_instance":0,"source_instance":0,"organization_name":"547c31aatrial","organization_id":"a8788203-b551-47eb-923a-7c205db28329","space_name":"dev","space_id":"7e49670e-3a44-466e-ab78-1909884ded4e","msg":"loaded model from 1 file(s):\n ","type":"log"} (STDOUT, APP/PROC/WEB)#
#2026 09 09 05:37:33.725#Z#DEBUG#125301ff-ac10-11f1-b39f-eeee0a9ef9bb.Insurance_claim_management-srv#flowable-async-job-executor-thread-15438#
[PollStartAppStatusExecution] 36814cef-ef5f-4c60-bb5c-9a0d13b8c81b [2026-09-09T05:37:13.639922] srv/csn.json (STDOUT, APP/PROC/WEB)#
#2026 09 09 05:37:33.725#Z#DEBUG#125301ff-ac10-11f1-b39f-eeee0a9ef9bb.Insurance_claim_management-srv#flowable-async-job-executor-thread-15438#
[PollStartAppStatusExecution] 36814cef-ef5f-4c60-bb5c-9a0d13b8c81b [2026-09-09T05:37:13.910810] {"level":"info","logger":"cds","timestamp":"2026-09-09T05:37:13.909Z","layer":"cds","component_type":"application","container_id":"10.32.3.6","component_id":"36814cef-ef5f-4c60-bb5c-9a0d13b8c81b","component_name":"Insurance_claim_management-srv","component_instance":0,"source_instance":0,"organization_name":"547c31aatrial","organization_id":"a8788203-b551-47eb-923a-7c205db28329","space_name":"dev","space_id":"7e49670e-3a44-466e-ab78-1909884ded4e","msg":"connect to db > hana {\n  database_id: '9501111f-b680-4320-8ea6-d5aed2abc8eb',\n  host: '9501111f-b680-4320-8ea6-d5aed2abc8eb.hna1.prod-us10.hanacloud.ondemand.com',\n  port: '443',\n  driver: 'com.sap.db.jdbc.Driver',\n  url: 'jdbc:sap://9501111f-b680-4320-8ea6-d5aed2abc8eb.hna1.prod-us10.hanacloud.ondemand.com:443?encrypt=true&validateCertificate=true&currentschema=7A235FC8B8FB49948A4676FBA87E700E',\n  schema: '7A235FC8B8FB49948A4676FBA87E700E',\n  certificate: '...',\n  hdi_user: '7A235FC8B8FB49948A4676FBA87E700E_29O9C3HQWVZ25FKYI651BJXGX_DT',\n  hdi_password: '...',\n  user: '7A235FC8B8FB49948A4676FBA87E700E_29O9C3HQWVZ25FKYI651BJXGX_RT',\n  password: '...'\n}","type":"log"} (STDOUT, APP/PROC/WEB)#
#2026 09 09 05:37:33.725#Z#DEBUG#125301ff-ac10-11f1-b39f-eeee0a9ef9bb.Insurance_claim_management-srv#flowable-async-job-executor-thread-15438#
[PollStartAppStatusExecution] 36814cef-ef5f-4c60-bb5c-9a0d13b8c81b [2026-09-09T05:37:13.942161] /home/vcap/app/srv/service.js:6 (STDERR, APP/PROC/WEB)#
#2026 09 09 05:37:33.725#Z#DEBUG#125301ff-ac10-11f1-b39f-eeee0a9ef9bb.Insurance_claim_management-srv#flowable-async-job-executor-thread-15438#
[PollStartAppStatusExecution] 36814cef-ef5f-4c60-bb5c-9a0d13b8c81b [2026-09-09T05:37:13.942199] const cds = require("@sap/cds"); (STDERR, APP/PROC/WEB)#
#2026 09 09 05:37:33.725#Z#DEBUG#125301ff-ac10-11f1-b39f-eeee0a9ef9bb.Insurance_claim_management-srv#flowable-async-job-executor-thread-15438#
[PollStartAppStatusExecution] 36814cef-ef5f-4c60-bb5c-9a0d13b8c81b [2026-09-09T05:37:13.942204] ^ (STDERR, APP/PROC/WEB)#
#2026 09 09 05:37:33.725#Z#DEBUG#125301ff-ac10-11f1-b39f-eeee0a9ef9bb.Insurance_claim_management-srv#flowable-async-job-executor-thread-15438#
[PollStartAppStatusExecution] 36814cef-ef5f-4c60-bb5c-9a0d13b8c81b [2026-09-09T05:37:13.942208] SyntaxError: Identifier 'cds' has already been declared (STDERR, APP/PROC/WEB)#
#2026 09 09 05:37:33.725#Z#DEBUG#125301ff-ac10-11f1-b39f-eeee0a9ef9bb.Insurance_claim_management-srv#flowable-async-job-executor-thread-15438#
[PollStartAppStatusExecution] 36814cef-ef5f-4c60-bb5c-9a0d13b8c81b [2026-09-09T05:37:13.942211] at wrapSafe (node:internal/modules/cjs/loader:1804:18) (STDERR, APP/PROC/WEB)#
#2026 09 09 05:37:33.725#Z#DEBUG#125301ff-ac10-11f1-b39f-eeee0a9ef9bb.Insurance_claim_management-srv#flowable-async-job-executor-thread-15438#
[PollStartAppStatusExecution] 36814cef-ef5f-4c60-bb5c-9a0d13b8c81b [2026-09-09T05:37:13.942219] at Module._compile (node:internal/modules/cjs/loader:1845:20) (STDERR, APP/PROC/WEB)#
#2026 09 09 05:37:33.725#Z#DEBUG#125301ff-ac10-11f1-b39f-eeee0a9ef9bb.Insurance_claim_management-srv#flowable-async-job-executor-thread-15438#
[PollStartAppStatusExecution] 36814cef-ef5f-4c60-bb5c-9a0d13b8c81b [2026-09-09T05:37:13.942222] at Object..js (node:internal/modules/cjs/loader:2002:10) (STDERR, APP/PROC/WEB)#
#2026 09 09 05:37:33.725#Z#DEBUG#125301ff-ac10-11f1-b39f-eeee0a9ef9bb.Insurance_claim_management-srv#flowable-async-job-executor-thread-15438#
[PollStartAppStatusExecution] 36814cef-ef5f-4c60-bb5c-9a0d13b8c81b [2026-09-09T05:37:13.942225] at Module.load (node:internal/modules/cjs/loader:1594:32) (STDERR, APP/PROC/WEB)#
#2026 09 09 05:37:33.725#Z#DEBUG#125301ff-ac10-11f1-b39f-eeee0a9ef9bb.Insurance_claim_management-srv#flowable-async-job-executor-thread-15438#
[PollStartAppStatusExecution] 36814cef-ef5f-4c60-bb5c-9a0d13b8c81b [2026-09-09T05:37:13.942229] at Module._load (node:internal/modules/cjs/loader:1396:12) (STDERR, APP/PROC/WEB)#
#2026 09 09 05:37:33.725#Z#DEBUG#125301ff-ac10-11f1-b39f-eeee0a9ef9bb.Insurance_claim_management-srv#flowable-async-job-executor-thread-15438#
[PollStartAppStatusExecution] 36814cef-ef5f-4c60-bb5c-9a0d13b8c81b [2026-09-09T05:37:13.942232] at wrapModuleLoad (node:internal/modules/cjs/loader:255:19) (STDERR, APP/PROC/WEB)#
#2026 09 09 05:37:33.725#Z#DEBUG#125301ff-ac10-11f1-b39f-eeee0a9ef9bb.Insurance_claim_management-srv#flowable-async-job-executor-thread-15438#
[PollStartAppStatusExecution] 36814cef-ef5f-4c60-bb5c-9a0d13b8c81b [2026-09-09T05:37:13.942234] at Module.require (node:internal/modules/cjs/loader:1617:12) (STDERR, APP/PROC/WEB)#
#2026 09 09 05:37:33.725#Z#DEBUG#125301ff-ac10-11f1-b39f-eeee0a9ef9bb.Insurance_claim_management-srv#flowable-async-job-executor-thread-15438#
[PollStartAppStatusExecution] 36814cef-ef5f-4c60-bb5c-9a0d13b8c81b [2026-09-09T05:37:13.942240] at require (node:internal/modules/helpers:153:16) (STDERR, APP/PROC/WEB)#
#2026 09 09 05:37:33.725#Z#DEBUG#125301ff-ac10-11f1-b39f-eeee0a9ef9bb.Insurance_claim_management-srv#flowable-async-job-executor-thread-15438#
[PollStartAppStatusExecution] 36814cef-ef5f-4c60-bb5c-9a0d13b8c81b [2026-09-09T05:37:13.942244] at exports._import (/home/vcap/app/node_modules/@sap/cds/lib/utils/cds-utils.js:320:21) (STDERR, APP/PROC/WEB)#
#2026 09 09 05:37:33.725#Z#DEBUG#125301ff-ac10-11f1-b39f-eeee0a9ef9bb.Insurance_claim_management-srv#flowable-async-job-executor-thread-15438#
[PollStartAppStatusExecution] 36814cef-ef5f-4c60-bb5c-9a0d13b8c81b [2026-09-09T05:37:13.942247] at _use (/home/vcap/app/node_modules/@sap/cds/lib/srv/factory.js:32:30) (STDERR, APP/PROC/WEB)#
#2026 09 09 05:37:33.725#Z#DEBUG#125301ff-ac10-11f1-b39f-eeee0a9ef9bb.Insurance_claim_management-srv#flowable-async-job-executor-thread-15438#
[PollStartAppStatusExecution] 36814cef-ef5f-4c60-bb5c-9a0d13b8c81b [2026-09-09T05:37:13.942250] Node.js v24.18.0 (STDERR, APP/PROC/WEB)#
#2026 09 09 05:37:33.725#Z#DEBUG#125301ff-ac10-11f1-b39f-eeee0a9ef9bb.Insurance_claim_management-srv#flowable-async-job-executor-thread-15438#
[PollStartAppStatusExecution] 36814cef-ef5f-4c60-bb5c-9a0d13b8c81b [2026-09-09T05:37:13.962665] npm notice (STDERR, APP/PROC/WEB)#
#2026 09 09 05:37:33.725#Z#DEBUG#125301ff-ac10-11f1-b39f-eeee0a9ef9bb.Insurance_claim_management-srv#flowable-async-job-executor-thread-15438#
[PollStartAppStatusExecution] 36814cef-ef5f-4c60-bb5c-9a0d13b8c81b [2026-09-09T05:37:13.962707] npm notice New major version of npm available! 11.16.0 -> 12.0.2 (STDERR, APP/PROC/WEB)#
#2026 09 09 05:37:33.725#Z#DEBUG#125301ff-ac10-11f1-b39f-eeee0a9ef9bb.Insurance_claim_management-srv#flowable-async-job-executor-thread-15438#
[PollStartAppStatusExecution] 36814cef-ef5f-4c60-bb5c-9a0d13b8c81b [2026-09-09T05:37:13.962715] npm notice Changelog: https://github.com/npm/cli/releases/tag/v12.0.2 (STDERR, APP/PROC/WEB)#
#2026 09 09 05:37:33.725#Z#DEBUG#125301ff-ac10-11f1-b39f-eeee0a9ef9bb.Insurance_claim_management-srv#flowable-async-job-executor-thread-15438#
[PollStartAppStatusExecution] 36814cef-ef5f-4c60-bb5c-9a0d13b8c81b [2026-09-09T05:37:13.962720] npm notice To update run: npm install -g npm@12.0.2 (STDERR, APP/PROC/WEB)#
#2026 09 09 05:37:33.725#Z#DEBUG#125301ff-ac10-11f1-b39f-eeee0a9ef9bb.Insurance_claim_management-srv#flowable-async-job-executor-thread-15438#
[PollStartAppStatusExecution] 36814cef-ef5f-4c60-bb5c-9a0d13b8c81b [2026-09-09T05:37:13.962723] npm notice (STDERR, APP/PROC/WEB)#
#2026 09 09 05:37:33.725#Z#DEBUG#125301ff-ac10-11f1-b39f-eeee0a9ef9bb.Insurance_claim_management-srv#flowable-async-job-executor-thread-15438#
[PollStartAppStatusExecution] 36814cef-ef5f-4c60-bb5c-9a0d13b8c81b [2026-09-09T05:37:14.042377] Exit status 1 (STDOUT, APP/PROC/WEB)#
#2026 09 09 05:37:33.725#Z#DEBUG#125301ff-ac10-11f1-b39f-eeee0a9ef9bb.Insurance_claim_management-srv#flowable-async-job-executor-thread-15438#
[PollStartAppStatusExecution] 36814cef-ef5f-4c60-bb5c-9a0d13b8c81b [2026-09-09T05:37:20.616561] Cell 77283d80-dfa7-40ba-ba4e-265aef112085 stopping instance a713a476-dd35-493a-5e81-424e (STDOUT, CELL)#
#2026 09 09 05:37:33.725#Z#DEBUG#125301ff-ac10-11f1-b39f-eeee0a9ef9bb.Insurance_claim_management-srv#flowable-async-job-executor-thread-15438#
[PollStartAppStatusExecution] 36814cef-ef5f-4c60-bb5c-9a0d13b8c81b [2026-09-09T05:37:20.616604] Cell 77283d80-dfa7-40ba-ba4e-265aef112085 destroying container for instance a713a476-dd35-493a-5e81-424e (STDOUT, CELL)#
#2026 09 09 05:37:33.725#Z#DEBUG#125301ff-ac10-11f1-b39f-eeee0a9ef9bb.Insurance_claim_management-srv#flowable-async-job-executor-thread-15438#
[PollStartAppStatusExecution] 36814cef-ef5f-4c60-bb5c-9a0d13b8c81b [2026-09-09T05:37:20.633819] Process has crashed with type: "web" (STDOUT, API)#
#2026 09 09 05:37:33.725#Z#DEBUG#125301ff-ac10-11f1-b39f-eeee0a9ef9bb.Insurance_claim_management-srv#flowable-async-job-executor-thread-15438#
[PollStartAppStatusExecution] 36814cef-ef5f-4c60-bb5c-9a0d13b8c81b [2026-09-09T05:37:20.650271] App instance exited with guid 36814cef-ef5f-4c60-bb5c-9a0d13b8c81b payload: {"instance"=>"a713a476-dd35-493a-5e81-424e", "index"=>0, "cell_id"=>"77283d80-dfa7-40ba-ba4e-265aef112085", "reason"=>"CRASHED", "exit_description"=>"APP/PROC/WEB: Exited with status 1", "crash_count"=>3, "crash_timestamp"=>1788932240612908715, "version"=>"5af548be-80b9-4523-8c06-13035adcb2c4"} (STDOUT, API)#
#2026 09 09 05:37:33.725#Z#DEBUG#125301ff-ac10-11f1-b39f-eeee0a9ef9bb.Insurance_claim_management-srv#flowable-async-job-executor-thread-15438#
[PollStartAppStatusExecution] 36814cef-ef5f-4c60-bb5c-9a0d13b8c81b [2026-09-09T05:37:20.808899] Exit status 137 (STDOUT, PROXY)#
#2026 09 09 05:37:33.725#Z#DEBUG#125301ff-ac10-11f1-b39f-eeee0a9ef9bb.Insurance_claim_management-srv#flowable-async-job-executor-thread-15438#
[PollStartAppStatusExecution] 36814cef-ef5f-4c60-bb5c-9a0d13b8c81b [2026-09-09T05:37:23.088207] Cell 77283d80-dfa7-40ba-ba4e-265aef112085 successfully destroyed container for instance a713a476-dd35-493a-5e81-424e (STDOUT, CELL)#
#2026 09 09 05:37:33.725#Z#DEBUG#125301ff-ac10-11f1-b39f-eeee0a9ef9bb.Insurance_claim_management-srv#flowable-async-job-executor-thread-15438#
[PollStartAppStatusExecution] 36814cef-ef5f-4c60-bb5c-9a0d13b8c81b [2026-09-09T05:37:26.418920] Stopping app with guid 36814cef-ef5f-4c60-bb5c-9a0d13b8c81b (STDOUT, API)#
#2026 09 09 05:37:33.725#Z#DEBUG#125301ff-ac10-11f1-b39f-eeee0a9ef9bb.Insurance_claim_management-srv#flowable-async-job-executor-thread-15438#
[PollStartAppStatusExecution] 36814cef-ef5f-4c60-bb5c-9a0d13b8c81b [2026-09-09T05:37:26.555889] Starting app with guid 36814cef-ef5f-4c60-bb5c-9a0d13b8c81b (STDOUT, API)#
#2026 09 09 05:37:33.725#Z#DEBUG#125301ff-ac10-11f1-b39f-eeee0a9ef9bb.Insurance_claim_management-srv#flowable-async-job-executor-thread-15438#
[PollStartAppStatusExecution] 36814cef-ef5f-4c60-bb5c-9a0d13b8c81b [2026-09-09T05:37:26.789493] Cell 684caff8-89cd-492b-be01-b3d0835f1763 creating container for instance f0d8b17a-6819-4c42-4ca7-6b05 (STDOUT, CELL)#
#2026 09 09 05:37:33.725#Z#DEBUG#125301ff-ac10-11f1-b39f-eeee0a9ef9bb.Insurance_claim_management-srv#flowable-async-job-executor-thread-15438#
[PollStartAppStatusExecution] 36814cef-ef5f-4c60-bb5c-9a0d13b8c81b [2026-09-09T05:37:27.499546] Security group rules were updated (STDOUT, CELL)#
#2026 09 09 05:37:33.725#Z#DEBUG#125301ff-ac10-11f1-b39f-eeee0a9ef9bb.Insurance_claim_management-srv#flowable-async-job-executor-thread-15438#
[PollStartAppStatusExecution] 36814cef-ef5f-4c60-bb5c-9a0d13b8c81b [2026-09-09T05:37:27.590580] Cell 684caff8-89cd-492b-be01-b3d0835f1763 successfully created container for instance f0d8b17a-6819-4c42-4ca7-6b05 (STDOUT, CELL)#
#2026 09 09 05:37:33.725#Z#DEBUG#125301ff-ac10-11f1-b39f-eeee0a9ef9bb.Insurance_claim_management-srv#flowable-async-job-executor-thread-15438#
[PollStartAppStatusExecution] 36814cef-ef5f-4c60-bb5c-9a0d13b8c81b [2026-09-09T05:37:28.373191] Downloading droplet... (STDOUT, CELL)#
#2026 09 09 05:37:33.725#Z#DEBUG#125301ff-ac10-11f1-b39f-eeee0a9ef9bb.Insurance_claim_management-srv#flowable-async-job-executor-thread-15438#
[PollStartAppStatusExecution] 36814cef-ef5f-4c60-bb5c-9a0d13b8c81b [2026-09-09T05:37:32.757274] Downloaded droplet (68.5M) (STDOUT, CELL)#
#2026 09 09 05:37:33.725#Z#DEBUG#125301ff-ac10-11f1-b39f-eeee0a9ef9bb.Insurance_claim_management-srv#flowable-async-job-executor-thread-15438#
[PollStartAppStatusExecution] 36814cef-ef5f-4c60-bb5c-9a0d13b8c81b [2026-09-09T05:37:32.757566] Starting health monitoring of container (STDOUT, CELL)#
#2026 09 09 05:37:33.725#Z#DEBUG#125301ff-ac10-11f1-b39f-eeee0a9ef9bb.Insurance_claim_management-srv#flowable-async-job-executor-thread-15438#
[PollStartAppStatusExecution] 36814cef-ef5f-4c60-bb5c-9a0d13b8c81b [2026-09-09T05:37:32.886932] Invoking pre-start scripts. (STDOUT, APP/PROC/WEB)#
#2026 09 09 05:37:33.725#Z#DEBUG#125301ff-ac10-11f1-b39f-eeee0a9ef9bb.Insurance_claim_management-srv#flowable-async-job-executor-thread-15438#
[PollStartAppStatusExecution] 36814cef-ef5f-4c60-bb5c-9a0d13b8c81b [2026-09-09T05:37:33.130034] Invoking start command. (STDOUT, APP/PROC/WEB)#
#2026 09 09 05:37:43.629#Z#DEBUG#125301ff-ac10-11f1-b39f-eeee0a9ef9bb.Insurance_claim_management-srv#flowable-async-job-executor-thread-15444#
[PollStartAppStatusExecution] 36814cef-ef5f-4c60-bb5c-9a0d13b8c81b [2026-09-09T05:37:33.621546] > Insurance_claim_management@1.0.0 start (STDOUT, APP/PROC/WEB)#
#2026 09 09 05:37:43.629#Z#DEBUG#125301ff-ac10-11f1-b39f-eeee0a9ef9bb.Insurance_claim_management-srv#flowable-async-job-executor-thread-15444#
[PollStartAppStatusExecution] 36814cef-ef5f-4c60-bb5c-9a0d13b8c81b [2026-09-09T05:37:33.621588] > cds-serve (STDOUT, APP/PROC/WEB)#
#2026 09 09 05:37:43.629#Z#DEBUG#125301ff-ac10-11f1-b39f-eeee0a9ef9bb.Insurance_claim_management-srv#flowable-async-job-executor-thread-15444#
[PollStartAppStatusExecution] 36814cef-ef5f-4c60-bb5c-9a0d13b8c81b [2026-09-09T05:37:33.713845] [cds] - bootstrapping from { file: 'srv/server.js' } (STDOUT, APP/PROC/WEB)#
#2026 09 09 05:37:43.629#Z#DEBUG#125301ff-ac10-11f1-b39f-eeee0a9ef9bb.Insurance_claim_management-srv#flowable-async-job-executor-thread-15444#
[PollStartAppStatusExecution] 36814cef-ef5f-4c60-bb5c-9a0d13b8c81b [2026-09-09T05:37:34.003298] {"level":"info","logger":"cds","timestamp":"2026-09-09T05:37:34.002Z","layer":"cds","component_type":"application","container_id":"10.32.1.6","component_id":"36814cef-ef5f-4c60-bb5c-9a0d13b8c81b","component_name":"Insurance_claim_management-srv","component_instance":0,"source_instance":0,"organization_name":"547c31aatrial","organization_id":"a8788203-b551-47eb-923a-7c205db28329","space_name":"dev","space_id":"7e49670e-3a44-466e-ab78-1909884ded4e","msg":"loaded model from 1 file(s):\n ","type":"log"} (STDOUT, APP/PROC/WEB)#
#2026 09 09 05:37:43.629#Z#DEBUG#125301ff-ac10-11f1-b39f-eeee0a9ef9bb.Insurance_claim_management-srv#flowable-async-job-executor-thread-15444#
[PollStartAppStatusExecution] 36814cef-ef5f-4c60-bb5c-9a0d13b8c81b [2026-09-09T05:37:34.003340] srv/csn.json (STDOUT, APP/PROC/WEB)#
#2026 09 09 05:37:43.629#Z#DEBUG#125301ff-ac10-11f1-b39f-eeee0a9ef9bb.Insurance_claim_management-srv#flowable-async-job-executor-thread-15444#
[PollStartAppStatusExecution] 36814cef-ef5f-4c60-bb5c-9a0d13b8c81b [2026-09-09T05:37:34.283192] {"level":"info","logger":"cds","timestamp":"2026-09-09T05:37:34.282Z","layer":"cds","component_type":"application","container_id":"10.32.1.6","component_id":"36814cef-ef5f-4c60-bb5c-9a0d13b8c81b","component_name":"Insurance_claim_management-srv","component_instance":0,"source_instance":0,"organization_name":"547c31aatrial","organization_id":"a8788203-b551-47eb-923a-7c205db28329","space_name":"dev","space_id":"7e49670e-3a44-466e-ab78-1909884ded4e","msg":"connect to db > hana {\n  database_id: '9501111f-b680-4320-8ea6-d5aed2abc8eb',\n  host: '9501111f-b680-4320-8ea6-d5aed2abc8eb.hna1.prod-us10.hanacloud.ondemand.com',\n  port: '443',\n  driver: 'com.sap.db.jdbc.Driver',\n  url: 'jdbc:sap://9501111f-b680-4320-8ea6-d5aed2abc8eb.hna1.prod-us10.hanacloud.ondemand.com:443?encrypt=true&validateCertificate=true&currentschema=7A235FC8B8FB49948A4676FBA87E700E',\n  schema: '7A235FC8B8FB49948A4676FBA87E700E',\n  certificate: '...',\n  hdi_user: '7A235FC8B8FB49948A4676FBA87E700E_29O9C3HQWVZ25FKYI651BJXGX_DT',\n  hdi_password: '...',\n  user: '7A235FC8B8FB49948A4676FBA87E700E_29O9C3HQWVZ25FKYI651BJXGX_RT',\n  password: '...'\n}","type":"log"} (STDOUT, APP/PROC/WEB)#
#2026 09 09 05:37:43.629#Z#DEBUG#125301ff-ac10-11f1-b39f-eeee0a9ef9bb.Insurance_claim_management-srv#flowable-async-job-executor-thread-15444#
[PollStartAppStatusExecution] 36814cef-ef5f-4c60-bb5c-9a0d13b8c81b [2026-09-09T05:37:34.316297] /home/vcap/app/srv/service.js:6 (STDERR, APP/PROC/WEB)#
#2026 09 09 05:37:43.629#Z#DEBUG#125301ff-ac10-11f1-b39f-eeee0a9ef9bb.Insurance_claim_management-srv#flowable-async-job-executor-thread-15444#
[PollStartAppStatusExecution] 36814cef-ef5f-4c60-bb5c-9a0d13b8c81b [2026-09-09T05:37:34.316328] const cds = require("@sap/cds"); (STDERR, APP/PROC/WEB)#
#2026 09 09 05:37:43.629#Z#DEBUG#125301ff-ac10-11f1-b39f-eeee0a9ef9bb.Insurance_claim_management-srv#flowable-async-job-executor-thread-15444#
[PollStartAppStatusExecution] 36814cef-ef5f-4c60-bb5c-9a0d13b8c81b [2026-09-09T05:37:34.316332] ^ (STDERR, APP/PROC/WEB)#
#2026 09 09 05:37:43.629#Z#DEBUG#125301ff-ac10-11f1-b39f-eeee0a9ef9bb.Insurance_claim_management-srv#flowable-async-job-executor-thread-15444#
[PollStartAppStatusExecution] 36814cef-ef5f-4c60-bb5c-9a0d13b8c81b [2026-09-09T05:37:34.316337] SyntaxError: Identifier 'cds' has already been declared (STDERR, APP/PROC/WEB)#
#2026 09 09 05:37:43.629#Z#DEBUG#125301ff-ac10-11f1-b39f-eeee0a9ef9bb.Insurance_claim_management-srv#flowable-async-job-executor-thread-15444#
[PollStartAppStatusExecution] 36814cef-ef5f-4c60-bb5c-9a0d13b8c81b [2026-09-09T05:37:34.316343] at wrapSafe (node:internal/modules/cjs/loader:1804:18) (STDERR, APP/PROC/WEB)#
#2026 09 09 05:37:43.629#Z#DEBUG#125301ff-ac10-11f1-b39f-eeee0a9ef9bb.Insurance_claim_management-srv#flowable-async-job-executor-thread-15444#
[PollStartAppStatusExecution] 36814cef-ef5f-4c60-bb5c-9a0d13b8c81b [2026-09-09T05:37:34.316349] at Module._compile (node:internal/modules/cjs/loader:1845:20) (STDERR, APP/PROC/WEB)#
#2026 09 09 05:37:43.629#Z#DEBUG#125301ff-ac10-11f1-b39f-eeee0a9ef9bb.Insurance_claim_management-srv#flowable-async-job-executor-thread-15444#
[PollStartAppStatusExecution] 36814cef-ef5f-4c60-bb5c-9a0d13b8c81b [2026-09-09T05:37:34.316352] at Object..js (node:internal/modules/cjs/loader:2002:10) (STDERR, APP/PROC/WEB)#
#2026 09 09 05:37:43.629#Z#DEBUG#125301ff-ac10-11f1-b39f-eeee0a9ef9bb.Insurance_claim_management-srv#flowable-async-job-executor-thread-15444#
[PollStartAppStatusExecution] 36814cef-ef5f-4c60-bb5c-9a0d13b8c81b [2026-09-09T05:37:34.316354] at Module.load (node:internal/modules/cjs/loader:1594:32) (STDERR, APP/PROC/WEB)#
#2026 09 09 05:37:43.629#Z#DEBUG#125301ff-ac10-11f1-b39f-eeee0a9ef9bb.Insurance_claim_management-srv#flowable-async-job-executor-thread-15444#
[PollStartAppStatusExecution] 36814cef-ef5f-4c60-bb5c-9a0d13b8c81b [2026-09-09T05:37:34.316358] at Module._load (node:internal/modules/cjs/loader:1396:12) (STDERR, APP/PROC/WEB)#
#2026 09 09 05:37:43.629#Z#DEBUG#125301ff-ac10-11f1-b39f-eeee0a9ef9bb.Insurance_claim_management-srv#flowable-async-job-executor-thread-15444#
[PollStartAppStatusExecution] 36814cef-ef5f-4c60-bb5c-9a0d13b8c81b [2026-09-09T05:37:34.316361] at wrapModuleLoad (node:internal/modules/cjs/loader:255:19) (STDERR, APP/PROC/WEB)#
#2026 09 09 05:37:43.629#Z#DEBUG#125301ff-ac10-11f1-b39f-eeee0a9ef9bb.Insurance_claim_management-srv#flowable-async-job-executor-thread-15444#
[PollStartAppStatusExecution] 36814cef-ef5f-4c60-bb5c-9a0d13b8c81b [2026-09-09T05:37:34.316367] at Module.require (node:internal/modules/cjs/loader:1617:12) (STDERR, APP/PROC/WEB)#
#2026 09 09 05:37:43.629#Z#DEBUG#125301ff-ac10-11f1-b39f-eeee0a9ef9bb.Insurance_claim_management-srv#flowable-async-job-executor-thread-15444#
[PollStartAppStatusExecution] 36814cef-ef5f-4c60-bb5c-9a0d13b8c81b [2026-09-09T05:37:34.316369] at require (node:internal/modules/helpers:153:16) (STDERR, APP/PROC/WEB)#
#2026 09 09 05:37:43.629#Z#DEBUG#125301ff-ac10-11f1-b39f-eeee0a9ef9bb.Insurance_claim_management-srv#flowable-async-job-executor-thread-15444#
[PollStartAppStatusExecution] 36814cef-ef5f-4c60-bb5c-9a0d13b8c81b [2026-09-09T05:37:34.316375] at exports._import (/home/vcap/app/node_modules/@sap/cds/lib/utils/cds-utils.js:320:21) (STDERR, APP/PROC/WEB)#
#2026 09 09 05:37:43.629#Z#DEBUG#125301ff-ac10-11f1-b39f-eeee0a9ef9bb.Insurance_claim_management-srv#flowable-async-job-executor-thread-15444#
[PollStartAppStatusExecution] 36814cef-ef5f-4c60-bb5c-9a0d13b8c81b [2026-09-09T05:37:34.316378] at _use (/home/vcap/app/node_modules/@sap/cds/lib/srv/factory.js:32:30) (STDERR, APP/PROC/WEB)#
#2026 09 09 05:37:43.629#Z#DEBUG#125301ff-ac10-11f1-b39f-eeee0a9ef9bb.Insurance_claim_management-srv#flowable-async-job-executor-thread-15444#
[PollStartAppStatusExecution] 36814cef-ef5f-4c60-bb5c-9a0d13b8c81b [2026-09-09T05:37:34.316439] Node.js v24.18.0 (STDERR, APP/PROC/WEB)#
#2026 09 09 05:37:43.629#Z#DEBUG#125301ff-ac10-11f1-b39f-eeee0a9ef9bb.Insurance_claim_management-srv#flowable-async-job-executor-thread-15444#
[PollStartAppStatusExecution] 36814cef-ef5f-4c60-bb5c-9a0d13b8c81b [2026-09-09T05:37:34.337870] npm notice (STDERR, APP/PROC/WEB)#
#2026 09 09 05:37:43.629#Z#DEBUG#125301ff-ac10-11f1-b39f-eeee0a9ef9bb.Insurance_claim_management-srv#flowable-async-job-executor-thread-15444#
[PollStartAppStatusExecution] 36814cef-ef5f-4c60-bb5c-9a0d13b8c81b [2026-09-09T05:37:34.337922] npm notice New major version of npm available! 11.16.0 -> 12.0.2 (STDERR, APP/PROC/WEB)#
#2026 09 09 05:37:43.629#Z#DEBUG#125301ff-ac10-11f1-b39f-eeee0a9ef9bb.Insurance_claim_management-srv#flowable-async-job-executor-thread-15444#
[PollStartAppStatusExecution] 36814cef-ef5f-4c60-bb5c-9a0d13b8c81b [2026-09-09T05:37:34.337931] npm notice Changelog: https://github.com/npm/cli/releases/tag/v12.0.2 (STDERR, APP/PROC/WEB)#
#2026 09 09 05:37:43.629#Z#DEBUG#125301ff-ac10-11f1-b39f-eeee0a9ef9bb.Insurance_claim_management-srv#flowable-async-job-executor-thread-15444#
[PollStartAppStatusExecution] 36814cef-ef5f-4c60-bb5c-9a0d13b8c81b [2026-09-09T05:37:34.337940] npm notice To update run: npm install -g npm@12.0.2 (STDERR, APP/PROC/WEB)#
#2026 09 09 05:37:43.629#Z#DEBUG#125301ff-ac10-11f1-b39f-eeee0a9ef9bb.Insurance_claim_management-srv#flowable-async-job-executor-thread-15444#
[PollStartAppStatusExecution] 36814cef-ef5f-4c60-bb5c-9a0d13b8c81b [2026-09-09T05:37:34.337945] npm notice (STDERR, APP/PROC/WEB)#
#2026 09 09 05:37:43.629#Z#DEBUG#125301ff-ac10-11f1-b39f-eeee0a9ef9bb.Insurance_claim_management-srv#flowable-async-job-executor-thread-15444#
[PollStartAppStatusExecution] 36814cef-ef5f-4c60-bb5c-9a0d13b8c81b [2026-09-09T05:37:34.411324] Exit status 1 (STDOUT, APP/PROC/WEB)#
#2026 09 09 05:37:43.629#Z#DEBUG#125301ff-ac10-11f1-b39f-eeee0a9ef9bb.Insurance_claim_management-srv#flowable-async-job-executor-thread-15444#
[PollStartAppStatusExecution] 36814cef-ef5f-4c60-bb5c-9a0d13b8c81b [2026-09-09T05:37:40.822953] Cell 684caff8-89cd-492b-be01-b3d0835f1763 stopping instance f0d8b17a-6819-4c42-4ca7-6b05 (STDOUT, CELL)#
#2026 09 09 05:37:43.629#Z#DEBUG#125301ff-ac10-11f1-b39f-eeee0a9ef9bb.Insurance_claim_management-srv#flowable-async-job-executor-thread-15444#
[PollStartAppStatusExecution] 36814cef-ef5f-4c60-bb5c-9a0d13b8c81b [2026-09-09T05:37:40.823004] Cell 684caff8-89cd-492b-be01-b3d0835f1763 destroying container for instance f0d8b17a-6819-4c42-4ca7-6b05 (STDOUT, CELL)#
#2026 09 09 05:37:43.629#Z#DEBUG#125301ff-ac10-11f1-b39f-eeee0a9ef9bb.Insurance_claim_management-srv#flowable-async-job-executor-thread-15444#
[PollStartAppStatusExecution] 36814cef-ef5f-4c60-bb5c-9a0d13b8c81b [2026-09-09T05:37:40.827124] Process has crashed with type: "web" (STDOUT, API)#
#2026 09 09 05:37:43.629#Z#DEBUG#125301ff-ac10-11f1-b39f-eeee0a9ef9bb.Insurance_claim_management-srv#flowable-async-job-executor-thread-15444#
[PollStartAppStatusExecution] 36814cef-ef5f-4c60-bb5c-9a0d13b8c81b [2026-09-09T05:37:40.838676] App instance exited with guid 36814cef-ef5f-4c60-bb5c-9a0d13b8c81b payload: {"instance"=>"f0d8b17a-6819-4c42-4ca7-6b05", "index"=>0, "cell_id"=>"684caff8-89cd-492b-be01-b3d0835f1763", "reason"=>"CRASHED", "exit_description"=>"APP/PROC/WEB: Exited with status 1", "crash_count"=>1, "crash_timestamp"=>1788932260801661649, "version"=>"403f63d0-d1f6-4aa3-8c7d-b2c70cdc712d"} (STDOUT, API)#
#2026 09 09 05:37:43.629#Z#DEBUG#125301ff-ac10-11f1-b39f-eeee0a9ef9bb.Insurance_claim_management-srv#flowable-async-job-executor-thread-15444#
[PollStartAppStatusExecution] 36814cef-ef5f-4c60-bb5c-9a0d13b8c81b [2026-09-09T05:37:40.946299] Cell c839c7b1-088e-41af-b9b7-66256aacd457 creating container for instance 6b0946df-37af-4d7a-49c9-ead1 (STDOUT, CELL)#
#2026 09 09 05:37:43.629#Z#DEBUG#125301ff-ac10-11f1-b39f-eeee0a9ef9bb.Insurance_claim_management-srv#flowable-async-job-executor-thread-15444#
[PollStartAppStatusExecution] 36814cef-ef5f-4c60-bb5c-9a0d13b8c81b [2026-09-09T05:37:40.997241] Exit status 137 (STDOUT, PROXY)#
#2026 09 09 05:37:43.629#Z#DEBUG#125301ff-ac10-11f1-b39f-eeee0a9ef9bb.Insurance_claim_management-srv#flowable-async-job-executor-thread-15444#
[PollStartAppStatusExecution] 36814cef-ef5f-4c60-bb5c-9a0d13b8c81b [2026-09-09T05:37:41.659509] Security group rules were updated (STDOUT, CELL)#
#2026 09 09 05:37:43.629#Z#DEBUG#125301ff-ac10-11f1-b39f-eeee0a9ef9bb.Insurance_claim_management-srv#flowable-async-job-executor-thread-15444#
[PollStartAppStatusExecution] 36814cef-ef5f-4c60-bb5c-9a0d13b8c81b [2026-09-09T05:37:41.748174] Cell c839c7b1-088e-41af-b9b7-66256aacd457 successfully created container for instance 6b0946df-37af-4d7a-49c9-ead1 (STDOUT, CELL)#
#2026 09 09 05:37:43.629#Z#DEBUG#125301ff-ac10-11f1-b39f-eeee0a9ef9bb.Insurance_claim_management-srv#flowable-async-job-executor-thread-15444#
[PollStartAppStatusExecution] 36814cef-ef5f-4c60-bb5c-9a0d13b8c81b [2026-09-09T05:37:42.005735] Downloading droplet... (STDOUT, CELL)#
#2026 09 09 05:37:43.630#Z#DEBUG#125301ff-ac10-11f1-b39f-eeee0a9ef9bb.Insurance_claim_management-srv#flowable-async-job-executor-thread-15444#
[PollStartAppStatusExecution] 36814cef-ef5f-4c60-bb5c-9a0d13b8c81b [2026-09-09T05:37:43.075611] Cell 684caff8-89cd-492b-be01-b3d0835f1763 successfully destroyed container for instance f0d8b17a-6819-4c42-4ca7-6b05 (STDOUT, CELL)#
#2026 09 09 05:37:53.640#Z#DEBUG#125301ff-ac10-11f1-b39f-eeee0a9ef9bb.Insurance_claim_management-srv#flowable-async-job-executor-thread-15446#
[PollStartAppStatusExecution] 36814cef-ef5f-4c60-bb5c-9a0d13b8c81b [2026-09-09T05:37:46.410830] Downloaded droplet (68.5M) (STDOUT, CELL)#
#2026 09 09 05:37:53.640#Z#DEBUG#125301ff-ac10-11f1-b39f-eeee0a9ef9bb.Insurance_claim_management-srv#flowable-async-job-executor-thread-15446#
[PollStartAppStatusExecution] 36814cef-ef5f-4c60-bb5c-9a0d13b8c81b [2026-09-09T05:37:46.411038] Starting health monitoring of container (STDOUT, CELL)#
#2026 09 09 05:37:53.640#Z#DEBUG#125301ff-ac10-11f1-b39f-eeee0a9ef9bb.Insurance_claim_management-srv#flowable-async-job-executor-thread-15446#
[PollStartAppStatusExecution] 36814cef-ef5f-4c60-bb5c-9a0d13b8c81b [2026-09-09T05:37:46.528613] Invoking pre-start scripts. (STDOUT, APP/PROC/WEB)#
#2026 09 09 05:37:53.640#Z#DEBUG#125301ff-ac10-11f1-b39f-eeee0a9ef9bb.Insurance_claim_management-srv#flowable-async-job-executor-thread-15446#
[PollStartAppStatusExecution] 36814cef-ef5f-4c60-bb5c-9a0d13b8c81b [2026-09-09T05:37:46.763359] Invoking start command. (STDOUT, APP/PROC/WEB)#
#2026 09 09 05:37:53.640#Z#DEBUG#125301ff-ac10-11f1-b39f-eeee0a9ef9bb.Insurance_claim_management-srv#flowable-async-job-executor-thread-15446#
[PollStartAppStatusExecution] 36814cef-ef5f-4c60-bb5c-9a0d13b8c81b [2026-09-09T05:37:47.221988] > Insurance_claim_management@1.0.0 start (STDOUT, APP/PROC/WEB)#
#2026 09 09 05:37:53.640#Z#DEBUG#125301ff-ac10-11f1-b39f-eeee0a9ef9bb.Insurance_claim_management-srv#flowable-async-job-executor-thread-15446#
[PollStartAppStatusExecution] 36814cef-ef5f-4c60-bb5c-9a0d13b8c81b [2026-09-09T05:37:47.222022] > cds-serve (STDOUT, APP/PROC/WEB)#
#2026 09 09 05:37:53.640#Z#DEBUG#125301ff-ac10-11f1-b39f-eeee0a9ef9bb.Insurance_claim_management-srv#flowable-async-job-executor-thread-15446#
[PollStartAppStatusExecution] 36814cef-ef5f-4c60-bb5c-9a0d13b8c81b [2026-09-09T05:37:47.304438] [cds] - bootstrapping from { file: 'srv/server.js' } (STDOUT, APP/PROC/WEB)#
#2026 09 09 05:37:53.640#Z#DEBUG#125301ff-ac10-11f1-b39f-eeee0a9ef9bb.Insurance_claim_management-srv#flowable-async-job-executor-thread-15446#
[PollStartAppStatusExecution] 36814cef-ef5f-4c60-bb5c-9a0d13b8c81b [2026-09-09T05:37:47.613580] {"level":"info","logger":"cds","timestamp":"2026-09-09T05:37:47.612Z","layer":"cds","component_type":"application","container_id":"10.32.2.6","component_id":"36814cef-ef5f-4c60-bb5c-9a0d13b8c81b","component_name":"Insurance_claim_management-srv","component_instance":0,"source_instance":0,"organization_name":"547c31aatrial","organization_id":"a8788203-b551-47eb-923a-7c205db28329","space_name":"dev","space_id":"7e49670e-3a44-466e-ab78-1909884ded4e","msg":"loaded model from 1 file(s):\n ","type":"log"} (STDOUT, APP/PROC/WEB)#
#2026 09 09 05:37:53.640#Z#DEBUG#125301ff-ac10-11f1-b39f-eeee0a9ef9bb.Insurance_claim_management-srv#flowable-async-job-executor-thread-15446#
[PollStartAppStatusExecution] 36814cef-ef5f-4c60-bb5c-9a0d13b8c81b [2026-09-09T05:37:47.613701] srv/csn.json (STDOUT, APP/PROC/WEB)#
#2026 09 09 05:37:53.640#Z#DEBUG#125301ff-ac10-11f1-b39f-eeee0a9ef9bb.Insurance_claim_management-srv#flowable-async-job-executor-thread-15446#
[PollStartAppStatusExecution] 36814cef-ef5f-4c60-bb5c-9a0d13b8c81b [2026-09-09T05:37:47.900489] {"level":"info","logger":"cds","timestamp":"2026-09-09T05:37:47.898Z","layer":"cds","component_type":"application","container_id":"10.32.2.6","component_id":"36814cef-ef5f-4c60-bb5c-9a0d13b8c81b","component_name":"Insurance_claim_management-srv","component_instance":0,"source_instance":0,"organization_name":"547c31aatrial","organization_id":"a8788203-b551-47eb-923a-7c205db28329","space_name":"dev","space_id":"7e49670e-3a44-466e-ab78-1909884ded4e","msg":"connect to db > hana {\n  database_id: '9501111f-b680-4320-8ea6-d5aed2abc8eb',\n  host: '9501111f-b680-4320-8ea6-d5aed2abc8eb.hna1.prod-us10.hanacloud.ondemand.com',\n  port: '443',\n  driver: 'com.sap.db.jdbc.Driver',\n  url: 'jdbc:sap://9501111f-b680-4320-8ea6-d5aed2abc8eb.hna1.prod-us10.hanacloud.ondemand.com:443?encrypt=true&validateCertificate=true&currentschema=7A235FC8B8FB49948A4676FBA87E700E',\n  schema: '7A235FC8B8FB49948A4676FBA87E700E',\n  certificate: '...',\n  hdi_user: '7A235FC8B8FB49948A4676FBA87E700E_29O9C3HQWVZ25FKYI651BJXGX_DT',\n  hdi_password: '...',\n  user: '7A235FC8B8FB49948A4676FBA87E700E_29O9C3HQWVZ25FKYI651BJXGX_RT',\n  password: '...'\n}","type":"log"} (STDOUT, APP/PROC/WEB)#
#2026 09 09 05:37:53.640#Z#DEBUG#125301ff-ac10-11f1-b39f-eeee0a9ef9bb.Insurance_claim_management-srv#flowable-async-job-executor-thread-15446#
[PollStartAppStatusExecution] 36814cef-ef5f-4c60-bb5c-9a0d13b8c81b [2026-09-09T05:37:47.950478] /home/vcap/app/srv/service.js:6 (STDERR, APP/PROC/WEB)#
#2026 09 09 05:37:53.640#Z#DEBUG#125301ff-ac10-11f1-b39f-eeee0a9ef9bb.Insurance_claim_management-srv#flowable-async-job-executor-thread-15446#
[PollStartAppStatusExecution] 36814cef-ef5f-4c60-bb5c-9a0d13b8c81b [2026-09-09T05:37:47.950510] const cds = require("@sap/cds"); (STDERR, APP/PROC/WEB)#
#2026 09 09 05:37:53.640#Z#DEBUG#125301ff-ac10-11f1-b39f-eeee0a9ef9bb.Insurance_claim_management-srv#flowable-async-job-executor-thread-15446#
[PollStartAppStatusExecution] 36814cef-ef5f-4c60-bb5c-9a0d13b8c81b [2026-09-09T05:37:47.950514] ^ (STDERR, APP/PROC/WEB)#
#2026 09 09 05:37:53.640#Z#DEBUG#125301ff-ac10-11f1-b39f-eeee0a9ef9bb.Insurance_claim_management-srv#flowable-async-job-executor-thread-15446#
[PollStartAppStatusExecution] 36814cef-ef5f-4c60-bb5c-9a0d13b8c81b [2026-09-09T05:37:47.950518] SyntaxError: Identifier 'cds' has already been declared (STDERR, APP/PROC/WEB)#
#2026 09 09 05:37:53.640#Z#DEBUG#125301ff-ac10-11f1-b39f-eeee0a9ef9bb.Insurance_claim_management-srv#flowable-async-job-executor-thread-15446#
[PollStartAppStatusExecution] 36814cef-ef5f-4c60-bb5c-9a0d13b8c81b [2026-09-09T05:37:47.950531] at wrapSafe (node:internal/modules/cjs/loader:1804:18) (STDERR, APP/PROC/WEB)#
#2026 09 09 05:37:53.640#Z#DEBUG#125301ff-ac10-11f1-b39f-eeee0a9ef9bb.Insurance_claim_management-srv#flowable-async-job-executor-thread-15446#
[PollStartAppStatusExecution] 36814cef-ef5f-4c60-bb5c-9a0d13b8c81b [2026-09-09T05:37:47.950537] at Module._compile (node:internal/modules/cjs/loader:1845:20) (STDERR, APP/PROC/WEB)#
#2026 09 09 05:37:53.640#Z#DEBUG#125301ff-ac10-11f1-b39f-eeee0a9ef9bb.Insurance_claim_management-srv#flowable-async-job-executor-thread-15446#
[PollStartAppStatusExecution] 36814cef-ef5f-4c60-bb5c-9a0d13b8c81b [2026-09-09T05:37:47.950539] at Object..js (node:internal/modules/cjs/loader:2002:10) (STDERR, APP/PROC/WEB)#
#2026 09 09 05:37:53.640#Z#DEBUG#125301ff-ac10-11f1-b39f-eeee0a9ef9bb.Insurance_claim_management-srv#flowable-async-job-executor-thread-15446#
[PollStartAppStatusExecution] 36814cef-ef5f-4c60-bb5c-9a0d13b8c81b [2026-09-09T05:37:47.950542] at Module.load (node:internal/modules/cjs/loader:1594:32) (STDERR, APP/PROC/WEB)#
#2026 09 09 05:37:53.640#Z#DEBUG#125301ff-ac10-11f1-b39f-eeee0a9ef9bb.Insurance_claim_management-srv#flowable-async-job-executor-thread-15446#
[PollStartAppStatusExecution] 36814cef-ef5f-4c60-bb5c-9a0d13b8c81b [2026-09-09T05:37:47.950544] at Module._load (node:internal/modules/cjs/loader:1396:12) (STDERR, APP/PROC/WEB)#
#2026 09 09 05:37:53.640#Z#DEBUG#125301ff-ac10-11f1-b39f-eeee0a9ef9bb.Insurance_claim_management-srv#flowable-async-job-executor-thread-15446#
[PollStartAppStatusExecution] 36814cef-ef5f-4c60-bb5c-9a0d13b8c81b [2026-09-09T05:37:47.950547] at wrapModuleLoad (node:internal/modules/cjs/loader:255:19) (STDERR, APP/PROC/WEB)#
#2026 09 09 05:37:53.640#Z#DEBUG#125301ff-ac10-11f1-b39f-eeee0a9ef9bb.Insurance_claim_management-srv#flowable-async-job-executor-thread-15446#
[PollStartAppStatusExecution] 36814cef-ef5f-4c60-bb5c-9a0d13b8c81b [2026-09-09T05:37:47.950549] at Module.require (node:internal/modules/cjs/loader:1617:12) (STDERR, APP/PROC/WEB)#
#2026 09 09 05:37:53.640#Z#DEBUG#125301ff-ac10-11f1-b39f-eeee0a9ef9bb.Insurance_claim_management-srv#flowable-async-job-executor-thread-15446#
[PollStartAppStatusExecution] 36814cef-ef5f-4c60-bb5c-9a0d13b8c81b [2026-09-09T05:37:47.950554] at require (node:internal/modules/helpers:153:16) (STDERR, APP/PROC/WEB)#
#2026 09 09 05:37:53.640#Z#DEBUG#125301ff-ac10-11f1-b39f-eeee0a9ef9bb.Insurance_claim_management-srv#flowable-async-job-executor-thread-15446#
[PollStartAppStatusExecution] 36814cef-ef5f-4c60-bb5c-9a0d13b8c81b [2026-09-09T05:37:47.950558] at exports._import (/home/vcap/app/node_modules/@sap/cds/lib/utils/cds-utils.js:320:21) (STDERR, APP/PROC/WEB)#
#2026 09 09 05:37:53.640#Z#DEBUG#125301ff-ac10-11f1-b39f-eeee0a9ef9bb.Insurance_claim_management-srv#flowable-async-job-executor-thread-15446#
[PollStartAppStatusExecution] 36814cef-ef5f-4c60-bb5c-9a0d13b8c81b [2026-09-09T05:37:47.950561] at _use (/home/vcap/app/node_modules/@sap/cds/lib/srv/factory.js:32:30) (STDERR, APP/PROC/WEB)#
#2026 09 09 05:37:53.640#Z#DEBUG#125301ff-ac10-11f1-b39f-eeee0a9ef9bb.Insurance_claim_management-srv#flowable-async-job-executor-thread-15446#
[PollStartAppStatusExecution] 36814cef-ef5f-4c60-bb5c-9a0d13b8c81b [2026-09-09T05:37:47.950608] Node.js v24.18.0 (STDERR, APP/PROC/WEB)#
#2026 09 09 05:37:53.640#Z#DEBUG#125301ff-ac10-11f1-b39f-eeee0a9ef9bb.Insurance_claim_management-srv#flowable-async-job-executor-thread-15446#
[PollStartAppStatusExecution] 36814cef-ef5f-4c60-bb5c-9a0d13b8c81b [2026-09-09T05:37:47.970859] npm notice (STDERR, APP/PROC/WEB)#
#2026 09 09 05:37:53.640#Z#DEBUG#125301ff-ac10-11f1-b39f-eeee0a9ef9bb.Insurance_claim_management-srv#flowable-async-job-executor-thread-15446#
[PollStartAppStatusExecution] 36814cef-ef5f-4c60-bb5c-9a0d13b8c81b [2026-09-09T05:37:47.970891] npm notice New major version of npm available! 11.16.0 -> 12.0.2 (STDERR, APP/PROC/WEB)#
#2026 09 09 05:37:53.640#Z#DEBUG#125301ff-ac10-11f1-b39f-eeee0a9ef9bb.Insurance_claim_management-srv#flowable-async-job-executor-thread-15446#
[PollStartAppStatusExecution] 36814cef-ef5f-4c60-bb5c-9a0d13b8c81b [2026-09-09T05:37:47.970898] npm notice Changelog: https://github.com/npm/cli/releases/tag/v12.0.2 (STDERR, APP/PROC/WEB)#
#2026 09 09 05:37:53.640#Z#DEBUG#125301ff-ac10-11f1-b39f-eeee0a9ef9bb.Insurance_claim_management-srv#flowable-async-job-executor-thread-15446#
[PollStartAppStatusExecution] 36814cef-ef5f-4c60-bb5c-9a0d13b8c81b [2026-09-09T05:37:47.970900] npm notice To update run: npm install -g npm@12.0.2 (STDERR, APP/PROC/WEB)#
#2026 09 09 05:37:53.640#Z#DEBUG#125301ff-ac10-11f1-b39f-eeee0a9ef9bb.Insurance_claim_management-srv#flowable-async-job-executor-thread-15446#
[PollStartAppStatusExecution] 36814cef-ef5f-4c60-bb5c-9a0d13b8c81b [2026-09-09T05:37:47.970903] npm notice (STDERR, APP/PROC/WEB)#
#2026 09 09 05:37:53.640#Z#DEBUG#125301ff-ac10-11f1-b39f-eeee0a9ef9bb.Insurance_claim_management-srv#flowable-async-job-executor-thread-15446#
[PollStartAppStatusExecution] 36814cef-ef5f-4c60-bb5c-9a0d13b8c81b [2026-09-09T05:37:48.048100] Exit status 1 (STDOUT, APP/PROC/WEB)#
#2026 09 09 05:38:03.668#Z#DEBUG#125301ff-ac10-11f1-b39f-eeee0a9ef9bb.Insurance_claim_management-srv#flowable-async-job-executor-thread-9387#
[PollStartAppStatusExecution] 36814cef-ef5f-4c60-bb5c-9a0d13b8c81b [2026-09-09T05:37:55.115997] Cell c839c7b1-088e-41af-b9b7-66256aacd457 stopping instance 6b0946df-37af-4d7a-49c9-ead1 (STDOUT, CELL)#
#2026 09 09 05:38:03.668#Z#DEBUG#125301ff-ac10-11f1-b39f-eeee0a9ef9bb.Insurance_claim_management-srv#flowable-async-job-executor-thread-9387#
[PollStartAppStatusExecution] 36814cef-ef5f-4c60-bb5c-9a0d13b8c81b [2026-09-09T05:37:55.116044] Cell c839c7b1-088e-41af-b9b7-66256aacd457 destroying container for instance 6b0946df-37af-4d7a-49c9-ead1 (STDOUT, CELL)#
#2026 09 09 05:38:03.668#Z#DEBUG#125301ff-ac10-11f1-b39f-eeee0a9ef9bb.Insurance_claim_management-srv#flowable-async-job-executor-thread-9387#
[PollStartAppStatusExecution] 36814cef-ef5f-4c60-bb5c-9a0d13b8c81b [2026-09-09T05:37:55.121245] Process has crashed with type: "web" (STDOUT, API)#
#2026 09 09 05:38:03.668#Z#DEBUG#125301ff-ac10-11f1-b39f-eeee0a9ef9bb.Insurance_claim_management-srv#flowable-async-job-executor-thread-9387#
[PollStartAppStatusExecution] 36814cef-ef5f-4c60-bb5c-9a0d13b8c81b [2026-09-09T05:37:55.134257] App instance exited with guid 36814cef-ef5f-4c60-bb5c-9a0d13b8c81b payload: {"instance"=>"6b0946df-37af-4d7a-49c9-ead1", "index"=>0, "cell_id"=>"c839c7b1-088e-41af-b9b7-66256aacd457", "reason"=>"CRASHED", "exit_description"=>"APP/PROC/WEB: Exited with status 1", "crash_count"=>2, "crash_timestamp"=>1788932275098919897, "version"=>"403f63d0-d1f6-4aa3-8c7d-b2c70cdc712d"} (STDOUT, API)#
#2026 09 09 05:38:03.668#Z#DEBUG#125301ff-ac10-11f1-b39f-eeee0a9ef9bb.Insurance_claim_management-srv#flowable-async-job-executor-thread-9387#
[PollStartAppStatusExecution] 36814cef-ef5f-4c60-bb5c-9a0d13b8c81b [2026-09-09T05:37:55.302912] Exit status 137 (STDOUT, PROXY)#
#2026 09 09 05:38:03.668#Z#DEBUG#125301ff-ac10-11f1-b39f-eeee0a9ef9bb.Insurance_claim_management-srv#flowable-async-job-executor-thread-9387#
[PollStartAppStatusExecution] 36814cef-ef5f-4c60-bb5c-9a0d13b8c81b [2026-09-09T05:37:55.311089] Cell d1cc041a-d5a1-41d6-b9f6-6cda736ce3f0 creating container for instance d96acb00-b76e-418e-55b5-f2c1 (STDOUT, CELL)#
#2026 09 09 05:38:03.668#Z#DEBUG#125301ff-ac10-11f1-b39f-eeee0a9ef9bb.Insurance_claim_management-srv#flowable-async-job-executor-thread-9387#
[PollStartAppStatusExecution] 36814cef-ef5f-4c60-bb5c-9a0d13b8c81b [2026-09-09T05:37:56.264458] Security group rules were updated (STDOUT, CELL)#
#2026 09 09 05:38:03.668#Z#DEBUG#125301ff-ac10-11f1-b39f-eeee0a9ef9bb.Insurance_claim_management-srv#flowable-async-job-executor-thread-9387#
[PollStartAppStatusExecution] 36814cef-ef5f-4c60-bb5c-9a0d13b8c81b [2026-09-09T05:37:56.393388] Cell d1cc041a-d5a1-41d6-b9f6-6cda736ce3f0 successfully created container for instance d96acb00-b76e-418e-55b5-f2c1 (STDOUT, CELL)#
#2026 09 09 05:38:03.668#Z#DEBUG#125301ff-ac10-11f1-b39f-eeee0a9ef9bb.Insurance_claim_management-srv#flowable-async-job-executor-thread-9387#
[PollStartAppStatusExecution] 36814cef-ef5f-4c60-bb5c-9a0d13b8c81b [2026-09-09T05:37:57.437396] Cell c839c7b1-088e-41af-b9b7-66256aacd457 successfully destroyed container for instance 6b0946df-37af-4d7a-49c9-ead1 (STDOUT, CELL)#
#2026 09 09 05:38:03.668#Z#DEBUG#125301ff-ac10-11f1-b39f-eeee0a9ef9bb.Insurance_claim_management-srv#flowable-async-job-executor-thread-9387#
[PollStartAppStatusExecution] 36814cef-ef5f-4c60-bb5c-9a0d13b8c81b [2026-09-09T05:37:57.549960] Downloading droplet... (STDOUT, CELL)#
#2026 09 09 05:38:03.668#Z#DEBUG#125301ff-ac10-11f1-b39f-eeee0a9ef9bb.Insurance_claim_management-srv#flowable-async-job-executor-thread-9387#
[PollStartAppStatusExecution] 36814cef-ef5f-4c60-bb5c-9a0d13b8c81b [2026-09-09T05:38:02.556200] Downloaded droplet (68.5M) (STDOUT, CELL)#
#2026 09 09 05:38:03.668#Z#DEBUG#125301ff-ac10-11f1-b39f-eeee0a9ef9bb.Insurance_claim_management-srv#flowable-async-job-executor-thread-9387#
[PollStartAppStatusExecution] 36814cef-ef5f-4c60-bb5c-9a0d13b8c81b [2026-09-09T05:38:02.556411] Starting health monitoring of container (STDOUT, CELL)#
#2026 09 09 05:38:03.668#Z#DEBUG#125301ff-ac10-11f1-b39f-eeee0a9ef9bb.Insurance_claim_management-srv#flowable-async-job-executor-thread-9387#
[PollStartAppStatusExecution] 36814cef-ef5f-4c60-bb5c-9a0d13b8c81b [2026-09-09T05:38:02.721869] Invoking pre-start scripts. (STDOUT, APP/PROC/WEB)#
#2026 09 09 05:38:03.668#Z#DEBUG#125301ff-ac10-11f1-b39f-eeee0a9ef9bb.Insurance_claim_management-srv#flowable-async-job-executor-thread-9387#
[PollStartAppStatusExecution] 36814cef-ef5f-4c60-bb5c-9a0d13b8c81b [2026-09-09T05:38:02.972713] Invoking start command. (STDOUT, APP/PROC/WEB)#
#2026 09 09 05:38:13.710#Z#DEBUG#125301ff-ac10-11f1-b39f-eeee0a9ef9bb.Insurance_claim_management-srv#flowable-async-job-executor-thread-15460#
[PollStartAppStatusExecution] 36814cef-ef5f-4c60-bb5c-9a0d13b8c81b [2026-09-09T05:38:03.500452] > Insurance_claim_management@1.0.0 start (STDOUT, APP/PROC/WEB)#
#2026 09 09 05:38:13.710#Z#DEBUG#125301ff-ac10-11f1-b39f-eeee0a9ef9bb.Insurance_claim_management-srv#flowable-async-job-executor-thread-15460#
[PollStartAppStatusExecution] 36814cef-ef5f-4c60-bb5c-9a0d13b8c81b [2026-09-09T05:38:03.500489] > cds-serve (STDOUT, APP/PROC/WEB)#
#2026 09 09 05:38:13.710#Z#DEBUG#125301ff-ac10-11f1-b39f-eeee0a9ef9bb.Insurance_claim_management-srv#flowable-async-job-executor-thread-15460#
[PollStartAppStatusExecution] 36814cef-ef5f-4c60-bb5c-9a0d13b8c81b [2026-09-09T05:38:03.594982] [cds] - bootstrapping from { file: 'srv/server.js' } (STDOUT, APP/PROC/WEB)#
#2026 09 09 05:38:13.710#Z#DEBUG#125301ff-ac10-11f1-b39f-eeee0a9ef9bb.Insurance_claim_management-srv#flowable-async-job-executor-thread-15460#
[PollStartAppStatusExecution] 36814cef-ef5f-4c60-bb5c-9a0d13b8c81b [2026-09-09T05:38:03.940940] {"level":"info","logger":"cds","timestamp":"2026-09-09T05:38:03.939Z","layer":"cds","component_type":"application","container_id":"10.32.1.5","component_id":"36814cef-ef5f-4c60-bb5c-9a0d13b8c81b","component_name":"Insurance_claim_management-srv","component_instance":0,"source_instance":0,"organization_name":"547c31aatrial","organization_id":"a8788203-b551-47eb-923a-7c205db28329","space_name":"dev","space_id":"7e49670e-3a44-466e-ab78-1909884ded4e","msg":"loaded model from 1 file(s):\n ","type":"log"} (STDOUT, APP/PROC/WEB)#
#2026 09 09 05:38:13.710#Z#DEBUG#125301ff-ac10-11f1-b39f-eeee0a9ef9bb.Insurance_claim_management-srv#flowable-async-job-executor-thread-15460#
[PollStartAppStatusExecution] 36814cef-ef5f-4c60-bb5c-9a0d13b8c81b [2026-09-09T05:38:03.940979] srv/csn.json (STDOUT, APP/PROC/WEB)#
#2026 09 09 05:38:13.710#Z#DEBUG#125301ff-ac10-11f1-b39f-eeee0a9ef9bb.Insurance_claim_management-srv#flowable-async-job-executor-thread-15460#
[PollStartAppStatusExecution] 36814cef-ef5f-4c60-bb5c-9a0d13b8c81b [2026-09-09T05:38:04.256628] {"level":"info","logger":"cds","timestamp":"2026-09-09T05:38:04.255Z","layer":"cds","component_type":"application","container_id":"10.32.1.5","component_id":"36814cef-ef5f-4c60-bb5c-9a0d13b8c81b","component_name":"Insurance_claim_management-srv","component_instance":0,"source_instance":0,"organization_name":"547c31aatrial","organization_id":"a8788203-b551-47eb-923a-7c205db28329","space_name":"dev","space_id":"7e49670e-3a44-466e-ab78-1909884ded4e","msg":"connect to db > hana {\n  database_id: '9501111f-b680-4320-8ea6-d5aed2abc8eb',\n  host: '9501111f-b680-4320-8ea6-d5aed2abc8eb.hna1.prod-us10.hanacloud.ondemand.com',\n  port: '443',\n  driver: 'com.sap.db.jdbc.Driver',\n  url: 'jdbc:sap://9501111f-b680-4320-8ea6-d5aed2abc8eb.hna1.prod-us10.hanacloud.ondemand.com:443?encrypt=true&validateCertificate=true&currentschema=7A235FC8B8FB49948A4676FBA87E700E',\n  schema: '7A235FC8B8FB49948A4676FBA87E700E',\n  certificate: '...',\n  hdi_user: '7A235FC8B8FB49948A4676FBA87E700E_29O9C3HQWVZ25FKYI651BJXGX_DT',\n  hdi_password: '...',\n  user: '7A235FC8B8FB49948A4676FBA87E700E_29O9C3HQWVZ25FKYI651BJXGX_RT',\n  password: '...'\n}","type":"log"} (STDOUT, APP/PROC/WEB)#
#2026 09 09 05:38:13.710#Z#DEBUG#125301ff-ac10-11f1-b39f-eeee0a9ef9bb.Insurance_claim_management-srv#flowable-async-job-executor-thread-15460#
[PollStartAppStatusExecution] 36814cef-ef5f-4c60-bb5c-9a0d13b8c81b [2026-09-09T05:38:04.302542] /home/vcap/app/srv/service.js:6 (STDERR, APP/PROC/WEB)#
#2026 09 09 05:38:13.710#Z#DEBUG#125301ff-ac10-11f1-b39f-eeee0a9ef9bb.Insurance_claim_management-srv#flowable-async-job-executor-thread-15460#
[PollStartAppStatusExecution] 36814cef-ef5f-4c60-bb5c-9a0d13b8c81b [2026-09-09T05:38:04.302587] const cds = require("@sap/cds"); (STDERR, APP/PROC/WEB)#
#2026 09 09 05:38:13.710#Z#DEBUG#125301ff-ac10-11f1-b39f-eeee0a9ef9bb.Insurance_claim_management-srv#flowable-async-job-executor-thread-15460#
[PollStartAppStatusExecution] 36814cef-ef5f-4c60-bb5c-9a0d13b8c81b [2026-09-09T05:38:04.302591] ^ (STDERR, APP/PROC/WEB)#
#2026 09 09 05:38:13.710#Z#DEBUG#125301ff-ac10-11f1-b39f-eeee0a9ef9bb.Insurance_claim_management-srv#flowable-async-job-executor-thread-15460#
[PollStartAppStatusExecution] 36814cef-ef5f-4c60-bb5c-9a0d13b8c81b [2026-09-09T05:38:04.302599] SyntaxError: Identifier 'cds' has already been declared (STDERR, APP/PROC/WEB)#
#2026 09 09 05:38:13.710#Z#DEBUG#125301ff-ac10-11f1-b39f-eeee0a9ef9bb.Insurance_claim_management-srv#flowable-async-job-executor-thread-15460#
[PollStartAppStatusExecution] 36814cef-ef5f-4c60-bb5c-9a0d13b8c81b [2026-09-09T05:38:04.302604] at wrapSafe (node:internal/modules/cjs/loader:1804:18) (STDERR, APP/PROC/WEB)#
#2026 09 09 05:38:13.710#Z#DEBUG#125301ff-ac10-11f1-b39f-eeee0a9ef9bb.Insurance_claim_management-srv#flowable-async-job-executor-thread-15460#
[PollStartAppStatusExecution] 36814cef-ef5f-4c60-bb5c-9a0d13b8c81b [2026-09-09T05:38:04.302611] at Module._compile (node:internal/modules/cjs/loader:1845:20) (STDERR, APP/PROC/WEB)#
#2026 09 09 05:38:13.710#Z#DEBUG#125301ff-ac10-11f1-b39f-eeee0a9ef9bb.Insurance_claim_management-srv#flowable-async-job-executor-thread-15460#
[PollStartAppStatusExecution] 36814cef-ef5f-4c60-bb5c-9a0d13b8c81b [2026-09-09T05:38:04.302618] at Object..js (node:internal/modules/cjs/loader:2002:10) (STDERR, APP/PROC/WEB)#
#2026 09 09 05:38:13.710#Z#DEBUG#125301ff-ac10-11f1-b39f-eeee0a9ef9bb.Insurance_claim_management-srv#flowable-async-job-executor-thread-15460#
[PollStartAppStatusExecution] 36814cef-ef5f-4c60-bb5c-9a0d13b8c81b [2026-09-09T05:38:04.302621] at Module.load (node:internal/modules/cjs/loader:1594:32) (STDERR, APP/PROC/WEB)#
#2026 09 09 05:38:13.710#Z#DEBUG#125301ff-ac10-11f1-b39f-eeee0a9ef9bb.Insurance_claim_management-srv#flowable-async-job-executor-thread-15460#
[PollStartAppStatusExecution] 36814cef-ef5f-4c60-bb5c-9a0d13b8c81b [2026-09-09T05:38:04.302625] at Module._load (node:internal/modules/cjs/loader:1396:12) (STDERR, APP/PROC/WEB)#
#2026 09 09 05:38:13.710#Z#DEBUG#125301ff-ac10-11f1-b39f-eeee0a9ef9bb.Insurance_claim_management-srv#flowable-async-job-executor-thread-15460#
[PollStartAppStatusExecution] 36814cef-ef5f-4c60-bb5c-9a0d13b8c81b [2026-09-09T05:38:04.302627] at wrapModuleLoad (node:internal/modules/cjs/loader:255:19) (STDERR, APP/PROC/WEB)#
#2026 09 09 05:38:13.711#Z#DEBUG#125301ff-ac10-11f1-b39f-eeee0a9ef9bb.Insurance_claim_management-srv#flowable-async-job-executor-thread-15460#
[PollStartAppStatusExecution] 36814cef-ef5f-4c60-bb5c-9a0d13b8c81b [2026-09-09T05:38:04.302629] at Module.require (node:internal/modules/cjs/loader:1617:12) (STDERR, APP/PROC/WEB)#
#2026 09 09 05:38:13.711#Z#DEBUG#125301ff-ac10-11f1-b39f-eeee0a9ef9bb.Insurance_claim_management-srv#flowable-async-job-executor-thread-15460#
[PollStartAppStatusExecution] 36814cef-ef5f-4c60-bb5c-9a0d13b8c81b [2026-09-09T05:38:04.302632] at require (node:internal/modules/helpers:153:16) (STDERR, APP/PROC/WEB)#
#2026 09 09 05:38:13.711#Z#DEBUG#125301ff-ac10-11f1-b39f-eeee0a9ef9bb.Insurance_claim_management-srv#flowable-async-job-executor-thread-15460#
[PollStartAppStatusExecution] 36814cef-ef5f-4c60-bb5c-9a0d13b8c81b [2026-09-09T05:38:04.302638] at exports._import (/home/vcap/app/node_modules/@sap/cds/lib/utils/cds-utils.js:320:21) (STDERR, APP/PROC/WEB)#
#2026 09 09 05:38:13.711#Z#DEBUG#125301ff-ac10-11f1-b39f-eeee0a9ef9bb.Insurance_claim_management-srv#flowable-async-job-executor-thread-15460#
[PollStartAppStatusExecution] 36814cef-ef5f-4c60-bb5c-9a0d13b8c81b [2026-09-09T05:38:04.302640] at _use (/home/vcap/app/node_modules/@sap/cds/lib/srv/factory.js:32:30) (STDERR, APP/PROC/WEB)#
#2026 09 09 05:38:13.711#Z#DEBUG#125301ff-ac10-11f1-b39f-eeee0a9ef9bb.Insurance_claim_management-srv#flowable-async-job-executor-thread-15460#
[PollStartAppStatusExecution] 36814cef-ef5f-4c60-bb5c-9a0d13b8c81b [2026-09-09T05:38:04.302643] Node.js v24.18.0 (STDERR, APP/PROC/WEB)#
#2026 09 09 05:38:13.711#Z#DEBUG#125301ff-ac10-11f1-b39f-eeee0a9ef9bb.Insurance_claim_management-srv#flowable-async-job-executor-thread-15460#
[PollStartAppStatusExecution] 36814cef-ef5f-4c60-bb5c-9a0d13b8c81b [2026-09-09T05:38:04.325787] npm notice (STDERR, APP/PROC/WEB)#
#2026 09 09 05:38:13.711#Z#DEBUG#125301ff-ac10-11f1-b39f-eeee0a9ef9bb.Insurance_claim_management-srv#flowable-async-job-executor-thread-15460#
[PollStartAppStatusExecution] 36814cef-ef5f-4c60-bb5c-9a0d13b8c81b [2026-09-09T05:38:04.325824] npm notice New major version of npm available! 11.16.0 -> 12.0.2 (STDERR, APP/PROC/WEB)#
#2026 09 09 05:38:13.711#Z#DEBUG#125301ff-ac10-11f1-b39f-eeee0a9ef9bb.Insurance_claim_management-srv#flowable-async-job-executor-thread-15460#
[PollStartAppStatusExecution] 36814cef-ef5f-4c60-bb5c-9a0d13b8c81b [2026-09-09T05:38:04.325838] npm notice Changelog: https://github.com/npm/cli/releases/tag/v12.0.2 (STDERR, APP/PROC/WEB)#
#2026 09 09 05:38:13.711#Z#DEBUG#125301ff-ac10-11f1-b39f-eeee0a9ef9bb.Insurance_claim_management-srv#flowable-async-job-executor-thread-15460#
[PollStartAppStatusExecution] 36814cef-ef5f-4c60-bb5c-9a0d13b8c81b [2026-09-09T05:38:04.325842] npm notice To update run: npm install -g npm@12.0.2 (STDERR, APP/PROC/WEB)#
#2026 09 09 05:38:13.711#Z#DEBUG#125301ff-ac10-11f1-b39f-eeee0a9ef9bb.Insurance_claim_management-srv#flowable-async-job-executor-thread-15460#
[PollStartAppStatusExecution] 36814cef-ef5f-4c60-bb5c-9a0d13b8c81b [2026-09-09T05:38:04.325846] npm notice (STDERR, APP/PROC/WEB)#
#2026 09 09 05:38:13.711#Z#DEBUG#125301ff-ac10-11f1-b39f-eeee0a9ef9bb.Insurance_claim_management-srv#flowable-async-job-executor-thread-15460#
[PollStartAppStatusExecution] 36814cef-ef5f-4c60-bb5c-9a0d13b8c81b [2026-09-09T05:38:04.406437] Exit status 1 (STDOUT, APP/PROC/WEB)#
#2026 09 09 05:38:13.711#Z#DEBUG#125301ff-ac10-11f1-b39f-eeee0a9ef9bb.Insurance_claim_management-srv#flowable-async-job-executor-thread-15460#
[PollStartAppStatusExecution] 36814cef-ef5f-4c60-bb5c-9a0d13b8c81b [2026-09-09T05:38:10.997139] Cell d1cc041a-d5a1-41d6-b9f6-6cda736ce3f0 stopping instance d96acb00-b76e-418e-55b5-f2c1 (STDOUT, CELL)#
#2026 09 09 05:38:13.711#Z#DEBUG#125301ff-ac10-11f1-b39f-eeee0a9ef9bb.Insurance_claim_management-srv#flowable-async-job-executor-thread-15460#
[PollStartAppStatusExecution] 36814cef-ef5f-4c60-bb5c-9a0d13b8c81b [2026-09-09T05:38:10.997180] Cell d1cc041a-d5a1-41d6-b9f6-6cda736ce3f0 destroying container for instance d96acb00-b76e-418e-55b5-f2c1 (STDOUT, CELL)#
#2026 09 09 05:38:13.711#Z#DEBUG#125301ff-ac10-11f1-b39f-eeee0a9ef9bb.Insurance_claim_management-srv#flowable-async-job-executor-thread-15460#
[PollStartAppStatusExecution] 36814cef-ef5f-4c60-bb5c-9a0d13b8c81b [2026-09-09T05:38:11.014609] Process has crashed with type: "web" (STDOUT, API)#
#2026 09 09 05:38:13.711#Z#DEBUG#125301ff-ac10-11f1-b39f-eeee0a9ef9bb.Insurance_claim_management-srv#flowable-async-job-executor-thread-15460#
[PollStartAppStatusExecution] 36814cef-ef5f-4c60-bb5c-9a0d13b8c81b [2026-09-09T05:38:11.028020] App instance exited with guid 36814cef-ef5f-4c60-bb5c-9a0d13b8c81b payload: {"instance"=>"d96acb00-b76e-418e-55b5-f2c1", "index"=>0, "cell_id"=>"d1cc041a-d5a1-41d6-b9f6-6cda736ce3f0", "reason"=>"CRASHED", "exit_description"=>"APP/PROC/WEB: Exited with status 1", "crash_count"=>3, "crash_timestamp"=>1788932290993566175, "version"=>"403f63d0-d1f6-4aa3-8c7d-b2c70cdc712d"} (STDOUT, API)#
#2026 09 09 05:38:13.711#Z#DEBUG#125301ff-ac10-11f1-b39f-eeee0a9ef9bb.Insurance_claim_management-srv#flowable-async-job-executor-thread-15460#
[PollStartAppStatusExecution] 36814cef-ef5f-4c60-bb5c-9a0d13b8c81b [2026-09-09T05:38:11.240600] Exit status 137 (STDOUT, PROXY)#
#2026 09 09 05:38:23.733#Z#DEBUG#125301ff-ac10-11f1-b39f-eeee0a9ef9bb.Insurance_claim_management-srv#flowable-async-job-executor-thread-6642#
[PollStartAppStatusExecution] 36814cef-ef5f-4c60-bb5c-9a0d13b8c81b [2026-09-09T05:38:03.500452] > Insurance_claim_management@1.0.0 start (STDOUT, APP/PROC/WEB)#
#2026 09 09 05:38:23.733#Z#DEBUG#125301ff-ac10-11f1-b39f-eeee0a9ef9bb.Insurance_claim_management-srv#flowable-async-job-executor-thread-6642#
[PollStartAppStatusExecution] 36814cef-ef5f-4c60-bb5c-9a0d13b8c81b [2026-09-09T05:38:03.500489] > cds-serve (STDOUT, APP/PROC/WEB)#
#2026 09 09 05:38:23.733#Z#DEBUG#125301ff-ac10-11f1-b39f-eeee0a9ef9bb.Insurance_claim_management-srv#flowable-async-job-executor-thread-6642#
[PollStartAppStatusExecution] 36814cef-ef5f-4c60-bb5c-9a0d13b8c81b [2026-09-09T05:38:03.594982] [cds] - bootstrapping from { file: 'srv/server.js' } (STDOUT, APP/PROC/WEB)#
#2026 09 09 05:38:23.733#Z#DEBUG#125301ff-ac10-11f1-b39f-eeee0a9ef9bb.Insurance_claim_management-srv#flowable-async-job-executor-thread-6642#
[PollStartAppStatusExecution] 36814cef-ef5f-4c60-bb5c-9a0d13b8c81b [2026-09-09T05:38:03.940940] {"level":"info","logger":"cds","timestamp":"2026-09-09T05:38:03.939Z","layer":"cds","component_type":"application","container_id":"10.32.1.5","component_id":"36814cef-ef5f-4c60-bb5c-9a0d13b8c81b","component_name":"Insurance_claim_management-srv","component_instance":0,"source_instance":0,"organization_name":"547c31aatrial","organization_id":"a8788203-b551-47eb-923a-7c205db28329","space_name":"dev","space_id":"7e49670e-3a44-466e-ab78-1909884ded4e","msg":"loaded model from 1 file(s):\n ","type":"log"} (STDOUT, APP/PROC/WEB)#
#2026 09 09 05:38:23.733#Z#DEBUG#125301ff-ac10-11f1-b39f-eeee0a9ef9bb.Insurance_claim_management-srv#flowable-async-job-executor-thread-6642#
[PollStartAppStatusExecution] 36814cef-ef5f-4c60-bb5c-9a0d13b8c81b [2026-09-09T05:38:03.940979] srv/csn.json (STDOUT, APP/PROC/WEB)#
#2026 09 09 05:38:23.733#Z#DEBUG#125301ff-ac10-11f1-b39f-eeee0a9ef9bb.Insurance_claim_management-srv#flowable-async-job-executor-thread-6642#
[PollStartAppStatusExecution] 36814cef-ef5f-4c60-bb5c-9a0d13b8c81b [2026-09-09T05:38:04.256628] {"level":"info","logger":"cds","timestamp":"2026-09-09T05:38:04.255Z","layer":"cds","component_type":"application","container_id":"10.32.1.5","component_id":"36814cef-ef5f-4c60-bb5c-9a0d13b8c81b","component_name":"Insurance_claim_management-srv","component_instance":0,"source_instance":0,"organization_name":"547c31aatrial","organization_id":"a8788203-b551-47eb-923a-7c205db28329","space_name":"dev","space_id":"7e49670e-3a44-466e-ab78-1909884ded4e","msg":"connect to db > hana {\n  database_id: '9501111f-b680-4320-8ea6-d5aed2abc8eb',\n  host: '9501111f-b680-4320-8ea6-d5aed2abc8eb.hna1.prod-us10.hanacloud.ondemand.com',\n  port: '443',\n  driver: 'com.sap.db.jdbc.Driver',\n  url: 'jdbc:sap://9501111f-b680-4320-8ea6-d5aed2abc8eb.hna1.prod-us10.hanacloud.ondemand.com:443?encrypt=true&validateCertificate=true&currentschema=7A235FC8B8FB49948A4676FBA87E700E',\n  schema: '7A235FC8B8FB49948A4676FBA87E700E',\n  certificate: '...',\n  hdi_user: '7A235FC8B8FB49948A4676FBA87E700E_29O9C3HQWVZ25FKYI651BJXGX_DT',\n  hdi_password: '...',\n  user: '7A235FC8B8FB49948A4676FBA87E700E_29O9C3HQWVZ25FKYI651BJXGX_RT',\n  password: '...'\n}","type":"log"} (STDOUT, APP/PROC/WEB)#
#2026 09 09 05:38:23.733#Z#DEBUG#125301ff-ac10-11f1-b39f-eeee0a9ef9bb.Insurance_claim_management-srv#flowable-async-job-executor-thread-6642#
[PollStartAppStatusExecution] 36814cef-ef5f-4c60-bb5c-9a0d13b8c81b [2026-09-09T05:38:04.302542] /home/vcap/app/srv/service.js:6 (STDERR, APP/PROC/WEB)#
#2026 09 09 05:38:23.733#Z#DEBUG#125301ff-ac10-11f1-b39f-eeee0a9ef9bb.Insurance_claim_management-srv#flowable-async-job-executor-thread-6642#
[PollStartAppStatusExecution] 36814cef-ef5f-4c60-bb5c-9a0d13b8c81b [2026-09-09T05:38:04.302587] const cds = require("@sap/cds"); (STDERR, APP/PROC/WEB)#
#2026 09 09 05:38:23.733#Z#DEBUG#125301ff-ac10-11f1-b39f-eeee0a9ef9bb.Insurance_claim_management-srv#flowable-async-job-executor-thread-6642#
[PollStartAppStatusExecution] 36814cef-ef5f-4c60-bb5c-9a0d13b8c81b [2026-09-09T05:38:04.302591] ^ (STDERR, APP/PROC/WEB)#
#2026 09 09 05:38:23.733#Z#DEBUG#125301ff-ac10-11f1-b39f-eeee0a9ef9bb.Insurance_claim_management-srv#flowable-async-job-executor-thread-6642#
[PollStartAppStatusExecution] 36814cef-ef5f-4c60-bb5c-9a0d13b8c81b [2026-09-09T05:38:04.302599] SyntaxError: Identifier 'cds' has already been declared (STDERR, APP/PROC/WEB)#
#2026 09 09 05:38:23.733#Z#DEBUG#125301ff-ac10-11f1-b39f-eeee0a9ef9bb.Insurance_claim_management-srv#flowable-async-job-executor-thread-6642#
[PollStartAppStatusExecution] 36814cef-ef5f-4c60-bb5c-9a0d13b8c81b [2026-09-09T05:38:04.302604] at wrapSafe (node:internal/modules/cjs/loader:1804:18) (STDERR, APP/PROC/WEB)#
#2026 09 09 05:38:23.733#Z#DEBUG#125301ff-ac10-11f1-b39f-eeee0a9ef9bb.Insurance_claim_management-srv#flowable-async-job-executor-thread-6642#
[PollStartAppStatusExecution] 36814cef-ef5f-4c60-bb5c-9a0d13b8c81b [2026-09-09T05:38:04.302611] at Module._compile (node:internal/modules/cjs/loader:1845:20) (STDERR, APP/PROC/WEB)#
#2026 09 09 05:38:23.733#Z#DEBUG#125301ff-ac10-11f1-b39f-eeee0a9ef9bb.Insurance_claim_management-srv#flowable-async-job-executor-thread-6642#
[PollStartAppStatusExecution] 36814cef-ef5f-4c60-bb5c-9a0d13b8c81b [2026-09-09T05:38:04.302618] at Object..js (node:internal/modules/cjs/loader:2002:10) (STDERR, APP/PROC/WEB)#
#2026 09 09 05:38:23.733#Z#DEBUG#125301ff-ac10-11f1-b39f-eeee0a9ef9bb.Insurance_claim_management-srv#flowable-async-job-executor-thread-6642#
[PollStartAppStatusExecution] 36814cef-ef5f-4c60-bb5c-9a0d13b8c81b [2026-09-09T05:38:04.302621] at Module.load (node:internal/modules/cjs/loader:1594:32) (STDERR, APP/PROC/WEB)#
#2026 09 09 05:38:23.733#Z#DEBUG#125301ff-ac10-11f1-b39f-eeee0a9ef9bb.Insurance_claim_management-srv#flowable-async-job-executor-thread-6642#
[PollStartAppStatusExecution] 36814cef-ef5f-4c60-bb5c-9a0d13b8c81b [2026-09-09T05:38:04.302625] at Module._load (node:internal/modules/cjs/loader:1396:12) (STDERR, APP/PROC/WEB)#
#2026 09 09 05:38:23.733#Z#DEBUG#125301ff-ac10-11f1-b39f-eeee0a9ef9bb.Insurance_claim_management-srv#flowable-async-job-executor-thread-6642#
[PollStartAppStatusExecution] 36814cef-ef5f-4c60-bb5c-9a0d13b8c81b [2026-09-09T05:38:04.302627] at wrapModuleLoad (node:internal/modules/cjs/loader:255:19) (STDERR, APP/PROC/WEB)#
#2026 09 09 05:38:23.733#Z#DEBUG#125301ff-ac10-11f1-b39f-eeee0a9ef9bb.Insurance_claim_management-srv#flowable-async-job-executor-thread-6642#
[PollStartAppStatusExecution] 36814cef-ef5f-4c60-bb5c-9a0d13b8c81b [2026-09-09T05:38:04.302629] at Module.require (node:internal/modules/cjs/loader:1617:12) (STDERR, APP/PROC/WEB)#
#2026 09 09 05:38:23.733#Z#DEBUG#125301ff-ac10-11f1-b39f-eeee0a9ef9bb.Insurance_claim_management-srv#flowable-async-job-executor-thread-6642#
[PollStartAppStatusExecution] 36814cef-ef5f-4c60-bb5c-9a0d13b8c81b [2026-09-09T05:38:04.302632] at require (node:internal/modules/helpers:153:16) (STDERR, APP/PROC/WEB)#
#2026 09 09 05:38:23.733#Z#DEBUG#125301ff-ac10-11f1-b39f-eeee0a9ef9bb.Insurance_claim_management-srv#flowable-async-job-executor-thread-6642#
[PollStartAppStatusExecution] 36814cef-ef5f-4c60-bb5c-9a0d13b8c81b [2026-09-09T05:38:04.302638] at exports._import (/home/vcap/app/node_modules/@sap/cds/lib/utils/cds-utils.js:320:21) (STDERR, APP/PROC/WEB)#
#2026 09 09 05:38:23.733#Z#DEBUG#125301ff-ac10-11f1-b39f-eeee0a9ef9bb.Insurance_claim_management-srv#flowable-async-job-executor-thread-6642#
[PollStartAppStatusExecution] 36814cef-ef5f-4c60-bb5c-9a0d13b8c81b [2026-09-09T05:38:04.302640] at _use (/home/vcap/app/node_modules/@sap/cds/lib/srv/factory.js:32:30) (STDERR, APP/PROC/WEB)#
#2026 09 09 05:38:23.733#Z#DEBUG#125301ff-ac10-11f1-b39f-eeee0a9ef9bb.Insurance_claim_management-srv#flowable-async-job-executor-thread-6642#
[PollStartAppStatusExecution] 36814cef-ef5f-4c60-bb5c-9a0d13b8c81b [2026-09-09T05:38:04.302643] Node.js v24.18.0 (STDERR, APP/PROC/WEB)#
#2026 09 09 05:38:23.733#Z#DEBUG#125301ff-ac10-11f1-b39f-eeee0a9ef9bb.Insurance_claim_management-srv#flowable-async-job-executor-thread-6642#
[PollStartAppStatusExecution] 36814cef-ef5f-4c60-bb5c-9a0d13b8c81b [2026-09-09T05:38:04.325787] npm notice (STDERR, APP/PROC/WEB)#
#2026 09 09 05:38:23.733#Z#DEBUG#125301ff-ac10-11f1-b39f-eeee0a9ef9bb.Insurance_claim_management-srv#flowable-async-job-executor-thread-6642#
[PollStartAppStatusExecution] 36814cef-ef5f-4c60-bb5c-9a0d13b8c81b [2026-09-09T05:38:04.325824] npm notice New major version of npm available! 11.16.0 -> 12.0.2 (STDERR, APP/PROC/WEB)#
#2026 09 09 05:38:23.733#Z#DEBUG#125301ff-ac10-11f1-b39f-eeee0a9ef9bb.Insurance_claim_management-srv#flowable-async-job-executor-thread-6642#
[PollStartAppStatusExecution] 36814cef-ef5f-4c60-bb5c-9a0d13b8c81b [2026-09-09T05:38:04.325838] npm notice Changelog: https://github.com/npm/cli/releases/tag/v12.0.2 (STDERR, APP/PROC/WEB)#
#2026 09 09 05:38:23.733#Z#DEBUG#125301ff-ac10-11f1-b39f-eeee0a9ef9bb.Insurance_claim_management-srv#flowable-async-job-executor-thread-6642#
[PollStartAppStatusExecution] 36814cef-ef5f-4c60-bb5c-9a0d13b8c81b [2026-09-09T05:38:04.325842] npm notice To update run: npm install -g npm@12.0.2 (STDERR, APP/PROC/WEB)#
#2026 09 09 05:38:23.733#Z#DEBUG#125301ff-ac10-11f1-b39f-eeee0a9ef9bb.Insurance_claim_management-srv#flowable-async-job-executor-thread-6642#
[PollStartAppStatusExecution] 36814cef-ef5f-4c60-bb5c-9a0d13b8c81b [2026-09-09T05:38:04.325846] npm notice (STDERR, APP/PROC/WEB)#
#2026 09 09 05:38:23.733#Z#DEBUG#125301ff-ac10-11f1-b39f-eeee0a9ef9bb.Insurance_claim_management-srv#flowable-async-job-executor-thread-6642#
[PollStartAppStatusExecution] 36814cef-ef5f-4c60-bb5c-9a0d13b8c81b [2026-09-09T05:38:04.406437] Exit status 1 (STDOUT, APP/PROC/WEB)#
#2026 09 09 05:38:23.733#Z#DEBUG#125301ff-ac10-11f1-b39f-eeee0a9ef9bb.Insurance_claim_management-srv#flowable-async-job-executor-thread-6642#
[PollStartAppStatusExecution] 36814cef-ef5f-4c60-bb5c-9a0d13b8c81b [2026-09-09T05:38:10.997139] Cell d1cc041a-d5a1-41d6-b9f6-6cda736ce3f0 stopping instance d96acb00-b76e-418e-55b5-f2c1 (STDOUT, CELL)#
#2026 09 09 05:38:23.733#Z#DEBUG#125301ff-ac10-11f1-b39f-eeee0a9ef9bb.Insurance_claim_management-srv#flowable-async-job-executor-thread-6642#
[PollStartAppStatusExecution] 36814cef-ef5f-4c60-bb5c-9a0d13b8c81b [2026-09-09T05:38:10.997180] Cell d1cc041a-d5a1-41d6-b9f6-6cda736ce3f0 destroying container for instance d96acb00-b76e-418e-55b5-f2c1 (STDOUT, CELL)#
#2026 09 09 05:38:23.733#Z#DEBUG#125301ff-ac10-11f1-b39f-eeee0a9ef9bb.Insurance_claim_management-srv#flowable-async-job-executor-thread-6642#
[PollStartAppStatusExecution] 36814cef-ef5f-4c60-bb5c-9a0d13b8c81b [2026-09-09T05:38:11.014609] Process has crashed with type: "web" (STDOUT, API)#
#2026 09 09 05:38:23.733#Z#DEBUG#125301ff-ac10-11f1-b39f-eeee0a9ef9bb.Insurance_claim_management-srv#flowable-async-job-executor-thread-6642#
[PollStartAppStatusExecution] 36814cef-ef5f-4c60-bb5c-9a0d13b8c81b [2026-09-09T05:38:11.028020] App instance exited with guid 36814cef-ef5f-4c60-bb5c-9a0d13b8c81b payload: {"instance"=>"d96acb00-b76e-418e-55b5-f2c1", "index"=>0, "cell_id"=>"d1cc041a-d5a1-41d6-b9f6-6cda736ce3f0", "reason"=>"CRASHED", "exit_description"=>"APP/PROC/WEB: Exited with status 1", "crash_count"=>3, "crash_timestamp"=>1788932290993566175, "version"=>"403f63d0-d1f6-4aa3-8c7d-b2c70cdc712d"} (STDOUT, API)#
#2026 09 09 05:38:23.733#Z#DEBUG#125301ff-ac10-11f1-b39f-eeee0a9ef9bb.Insurance_claim_management-srv#flowable-async-job-executor-thread-6642#
[PollStartAppStatusExecution] 36814cef-ef5f-4c60-bb5c-9a0d13b8c81b [2026-09-09T05:38:11.240600] Exit status 137 (STDOUT, PROXY)#
#2026 09 09 05:38:23.733#Z#DEBUG#125301ff-ac10-11f1-b39f-eeee0a9ef9bb.Insurance_claim_management-srv#flowable-async-job-executor-thread-6642#
[PollStartAppStatusExecution] 36814cef-ef5f-4c60-bb5c-9a0d13b8c81b [2026-09-09T05:38:14.182148] Cell d1cc041a-d5a1-41d6-b9f6-6cda736ce3f0 successfully destroyed container for instance d96acb00-b76e-418e-55b5-f2c1 (STDOUT, CELL)#
#2026 09 09 05:38:23.733#Z#DEBUG#125301ff-ac10-11f1-b39f-eeee0a9ef9bb.Insurance_claim_management-srv#flowable-async-job-executor-thread-6642#
[PollStartAppStatusExecution] 36814cef-ef5f-4c60-bb5c-9a0d13b8c81b [2026-09-09T05:38:15.255924] Stopping app with guid 36814cef-ef5f-4c60-bb5c-9a0d13b8c81b (STDOUT, API)#
#2026 09 09 05:38:23.733#Z#DEBUG#125301ff-ac10-11f1-b39f-eeee0a9ef9bb.Insurance_claim_management-srv#flowable-async-job-executor-thread-6642#
[PollStartAppStatusExecution] 36814cef-ef5f-4c60-bb5c-9a0d13b8c81b [2026-09-09T05:38:15.412640] Starting app with guid 36814cef-ef5f-4c60-bb5c-9a0d13b8c81b (STDOUT, API)#
#2026 09 09 05:38:23.733#Z#DEBUG#125301ff-ac10-11f1-b39f-eeee0a9ef9bb.Insurance_claim_management-srv#flowable-async-job-executor-thread-6642#
[PollStartAppStatusExecution] 36814cef-ef5f-4c60-bb5c-9a0d13b8c81b [2026-09-09T05:38:15.706231] Cell 684caff8-89cd-492b-be01-b3d0835f1763 creating container for instance 6bd0b0d4-ec3e-4b60-73ad-1630 (STDOUT, CELL)#
#2026 09 09 05:38:23.733#Z#DEBUG#125301ff-ac10-11f1-b39f-eeee0a9ef9bb.Insurance_claim_management-srv#flowable-async-job-executor-thread-6642#
[PollStartAppStatusExecution] 36814cef-ef5f-4c60-bb5c-9a0d13b8c81b [2026-09-09T05:38:16.364263] Security group rules were updated (STDOUT, CELL)#
#2026 09 09 05:38:23.733#Z#DEBUG#125301ff-ac10-11f1-b39f-eeee0a9ef9bb.Insurance_claim_management-srv#flowable-async-job-executor-thread-6642#
[PollStartAppStatusExecution] 36814cef-ef5f-4c60-bb5c-9a0d13b8c81b [2026-09-09T05:38:16.454712] Cell 684caff8-89cd-492b-be01-b3d0835f1763 successfully created container for instance 6bd0b0d4-ec3e-4b60-73ad-1630 (STDOUT, CELL)#
#2026 09 09 05:38:23.733#Z#DEBUG#125301ff-ac10-11f1-b39f-eeee0a9ef9bb.Insurance_claim_management-srv#flowable-async-job-executor-thread-6642#
[PollStartAppStatusExecution] 36814cef-ef5f-4c60-bb5c-9a0d13b8c81b [2026-09-09T05:38:17.275099] Downloading droplet... (STDOUT, CELL)#
#2026 09 09 05:38:23.733#Z#DEBUG#125301ff-ac10-11f1-b39f-eeee0a9ef9bb.Insurance_claim_management-srv#flowable-async-job-executor-thread-6642#
[PollStartAppStatusExecution] 36814cef-ef5f-4c60-bb5c-9a0d13b8c81b [2026-09-09T05:38:21.664255] Downloaded droplet (68.5M) (STDOUT, CELL)#
#2026 09 09 05:38:23.733#Z#DEBUG#125301ff-ac10-11f1-b39f-eeee0a9ef9bb.Insurance_claim_management-srv#flowable-async-job-executor-thread-6642#
[PollStartAppStatusExecution] 36814cef-ef5f-4c60-bb5c-9a0d13b8c81b [2026-09-09T05:38:21.664436] Starting health monitoring of container (STDOUT, CELL)#
#2026 09 09 05:38:23.733#Z#DEBUG#125301ff-ac10-11f1-b39f-eeee0a9ef9bb.Insurance_claim_management-srv#flowable-async-job-executor-thread-6642#
[PollStartAppStatusExecution] 36814cef-ef5f-4c60-bb5c-9a0d13b8c81b [2026-09-09T05:38:21.774699] Invoking pre-start scripts. (STDOUT, APP/PROC/WEB)#
#2026 09 09 05:38:23.733#Z#DEBUG#125301ff-ac10-11f1-b39f-eeee0a9ef9bb.Insurance_claim_management-srv#flowable-async-job-executor-thread-6642#
[PollStartAppStatusExecution] 36814cef-ef5f-4c60-bb5c-9a0d13b8c81b [2026-09-09T05:38:22.024640] Invoking start command. (STDOUT, APP/PROC/WEB)#
#2026 09 09 05:38:23.733#Z#DEBUG#125301ff-ac10-11f1-b39f-eeee0a9ef9bb.Insurance_claim_management-srv#flowable-async-job-executor-thread-6642#
[PollStartAppStatusExecution] 36814cef-ef5f-4c60-bb5c-9a0d13b8c81b [2026-09-09T05:38:22.498614] > Insurance_claim_management@1.0.0 start (STDOUT, APP/PROC/WEB)#
#2026 09 09 05:38:23.733#Z#DEBUG#125301ff-ac10-11f1-b39f-eeee0a9ef9bb.Insurance_claim_management-srv#flowable-async-job-executor-thread-6642#
[PollStartAppStatusExecution] 36814cef-ef5f-4c60-bb5c-9a0d13b8c81b [2026-09-09T05:38:22.498648] > cds-serve (STDOUT, APP/PROC/WEB)#
#2026 09 09 05:38:23.733#Z#DEBUG#125301ff-ac10-11f1-b39f-eeee0a9ef9bb.Insurance_claim_management-srv#flowable-async-job-executor-thread-6642#
[PollStartAppStatusExecution] 36814cef-ef5f-4c60-bb5c-9a0d13b8c81b [2026-09-09T05:38:22.581890] [cds] - bootstrapping from { file: 'srv/server.js' } (STDOUT, APP/PROC/WEB)#
#2026 09 09 05:38:23.733#Z#DEBUG#125301ff-ac10-11f1-b39f-eeee0a9ef9bb.Insurance_claim_management-srv#flowable-async-job-executor-thread-6642#
[PollStartAppStatusExecution] 36814cef-ef5f-4c60-bb5c-9a0d13b8c81b [2026-09-09T05:38:22.885617] {"level":"info","logger":"cds","timestamp":"2026-09-09T05:38:22.884Z","layer":"cds","component_type":"application","container_id":"10.32.1.6","component_id":"36814cef-ef5f-4c60-bb5c-9a0d13b8c81b","component_name":"Insurance_claim_management-srv","component_instance":0,"source_instance":0,"organization_name":"547c31aatrial","organization_id":"a8788203-b551-47eb-923a-7c205db28329","space_name":"dev","space_id":"7e49670e-3a44-466e-ab78-1909884ded4e","msg":"loaded model from 1 file(s):\n ","type":"log"} (STDOUT, APP/PROC/WEB)#
#2026 09 09 05:38:23.733#Z#DEBUG#125301ff-ac10-11f1-b39f-eeee0a9ef9bb.Insurance_claim_management-srv#flowable-async-job-executor-thread-6642#
[PollStartAppStatusExecution] 36814cef-ef5f-4c60-bb5c-9a0d13b8c81b [2026-09-09T05:38:22.885651] srv/csn.json (STDOUT, APP/PROC/WEB)#
#2026 09 09 05:38:23.733#Z#DEBUG#125301ff-ac10-11f1-b39f-eeee0a9ef9bb.Insurance_claim_management-srv#flowable-async-job-executor-thread-6642#
[PollStartAppStatusExecution] 36814cef-ef5f-4c60-bb5c-9a0d13b8c81b [2026-09-09T05:38:23.147160] {"level":"info","logger":"cds","timestamp":"2026-09-09T05:38:23.146Z","layer":"cds","component_type":"application","container_id":"10.32.1.6","component_id":"36814cef-ef5f-4c60-bb5c-9a0d13b8c81b","component_name":"Insurance_claim_management-srv","component_instance":0,"source_instance":0,"organization_name":"547c31aatrial","organization_id":"a8788203-b551-47eb-923a-7c205db28329","space_name":"dev","space_id":"7e49670e-3a44-466e-ab78-1909884ded4e","msg":"connect to db > hana {\n  database_id: '9501111f-b680-4320-8ea6-d5aed2abc8eb',\n  host: '9501111f-b680-4320-8ea6-d5aed2abc8eb.hna1.prod-us10.hanacloud.ondemand.com',\n  port: '443',\n  driver: 'com.sap.db.jdbc.Driver',\n  url: 'jdbc:sap://9501111f-b680-4320-8ea6-d5aed2abc8eb.hna1.prod-us10.hanacloud.ondemand.com:443?encrypt=true&validateCertificate=true&currentschema=7A235FC8B8FB49948A4676FBA87E700E',\n  schema: '7A235FC8B8FB49948A4676FBA87E700E',\n  certificate: '...',\n  hdi_user: '7A235FC8B8FB49948A4676FBA87E700E_29O9C3HQWVZ25FKYI651BJXGX_DT',\n  hdi_password: '...',\n  user: '7A235FC8B8FB49948A4676FBA87E700E_29O9C3HQWVZ25FKYI651BJXGX_RT',\n  password: '...'\n}","type":"log"} (STDOUT, APP/PROC/WEB)#
#2026 09 09 05:38:23.733#Z#DEBUG#125301ff-ac10-11f1-b39f-eeee0a9ef9bb.Insurance_claim_management-srv#flowable-async-job-executor-thread-6642#
[PollStartAppStatusExecution] 36814cef-ef5f-4c60-bb5c-9a0d13b8c81b [2026-09-09T05:38:23.178286] /home/vcap/app/srv/service.js:6 (STDERR, APP/PROC/WEB)#
#2026 09 09 05:38:23.733#Z#DEBUG#125301ff-ac10-11f1-b39f-eeee0a9ef9bb.Insurance_claim_management-srv#flowable-async-job-executor-thread-6642#
[PollStartAppStatusExecution] 36814cef-ef5f-4c60-bb5c-9a0d13b8c81b [2026-09-09T05:38:23.178319] const cds = require("@sap/cds"); (STDERR, APP/PROC/WEB)#
#2026 09 09 05:38:23.733#Z#DEBUG#125301ff-ac10-11f1-b39f-eeee0a9ef9bb.Insurance_claim_management-srv#flowable-async-job-executor-thread-6642#
[PollStartAppStatusExecution] 36814cef-ef5f-4c60-bb5c-9a0d13b8c81b [2026-09-09T05:38:23.178327] ^ (STDERR, APP/PROC/WEB)#
#2026 09 09 05:38:23.733#Z#DEBUG#125301ff-ac10-11f1-b39f-eeee0a9ef9bb.Insurance_claim_management-srv#flowable-async-job-executor-thread-6642#
[PollStartAppStatusExecution] 36814cef-ef5f-4c60-bb5c-9a0d13b8c81b [2026-09-09T05:38:23.178333] SyntaxError: Identifier 'cds' has already been declared (STDERR, APP/PROC/WEB)#
#2026 09 09 05:38:23.733#Z#DEBUG#125301ff-ac10-11f1-b39f-eeee0a9ef9bb.Insurance_claim_management-srv#flowable-async-job-executor-thread-6642#
[PollStartAppStatusExecution] 36814cef-ef5f-4c60-bb5c-9a0d13b8c81b [2026-09-09T05:38:23.178336] at wrapSafe (node:internal/modules/cjs/loader:1804:18) (STDERR, APP/PROC/WEB)#
#2026 09 09 05:38:23.733#Z#DEBUG#125301ff-ac10-11f1-b39f-eeee0a9ef9bb.Insurance_claim_management-srv#flowable-async-job-executor-thread-6642#
[PollStartAppStatusExecution] 36814cef-ef5f-4c60-bb5c-9a0d13b8c81b [2026-09-09T05:38:23.178342] at Module._compile (node:internal/modules/cjs/loader:1845:20) (STDERR, APP/PROC/WEB)#
#2026 09 09 05:38:23.733#Z#DEBUG#125301ff-ac10-11f1-b39f-eeee0a9ef9bb.Insurance_claim_management-srv#flowable-async-job-executor-thread-6642#
[PollStartAppStatusExecution] 36814cef-ef5f-4c60-bb5c-9a0d13b8c81b [2026-09-09T05:38:23.178345] at Object..js (node:internal/modules/cjs/loader:2002:10) (STDERR, APP/PROC/WEB)#
#2026 09 09 05:38:23.733#Z#DEBUG#125301ff-ac10-11f1-b39f-eeee0a9ef9bb.Insurance_claim_management-srv#flowable-async-job-executor-thread-6642#
[PollStartAppStatusExecution] 36814cef-ef5f-4c60-bb5c-9a0d13b8c81b [2026-09-09T05:38:23.178348] at Module.load (node:internal/modules/cjs/loader:1594:32) (STDERR, APP/PROC/WEB)#
#2026 09 09 05:38:23.733#Z#DEBUG#125301ff-ac10-11f1-b39f-eeee0a9ef9bb.Insurance_claim_management-srv#flowable-async-job-executor-thread-6642#
[PollStartAppStatusExecution] 36814cef-ef5f-4c60-bb5c-9a0d13b8c81b [2026-09-09T05:38:23.178351] at Module._load (node:internal/modules/cjs/loader:1396:12) (STDERR, APP/PROC/WEB)#
#2026 09 09 05:38:23.733#Z#DEBUG#125301ff-ac10-11f1-b39f-eeee0a9ef9bb.Insurance_claim_management-srv#flowable-async-job-executor-thread-6642#
[PollStartAppStatusExecution] 36814cef-ef5f-4c60-bb5c-9a0d13b8c81b [2026-09-09T05:38:23.178355] at wrapModuleLoad (node:internal/modules/cjs/loader:255:19) (STDERR, APP/PROC/WEB)#
#2026 09 09 05:38:23.733#Z#DEBUG#125301ff-ac10-11f1-b39f-eeee0a9ef9bb.Insurance_claim_management-srv#flowable-async-job-executor-thread-6642#
[PollStartAppStatusExecution] 36814cef-ef5f-4c60-bb5c-9a0d13b8c81b [2026-09-09T05:38:23.178358] at Module.require (node:internal/modules/cjs/loader:1617:12) (STDERR, APP/PROC/WEB)#
#2026 09 09 05:38:23.733#Z#DEBUG#125301ff-ac10-11f1-b39f-eeee0a9ef9bb.Insurance_claim_management-srv#flowable-async-job-executor-thread-6642#
[PollStartAppStatusExecution] 36814cef-ef5f-4c60-bb5c-9a0d13b8c81b [2026-09-09T05:38:23.178362] at require (node:internal/modules/helpers:153:16) (STDERR, APP/PROC/WEB)#
#2026 09 09 05:38:23.733#Z#DEBUG#125301ff-ac10-11f1-b39f-eeee0a9ef9bb.Insurance_claim_management-srv#flowable-async-job-executor-thread-6642#
[PollStartAppStatusExecution] 36814cef-ef5f-4c60-bb5c-9a0d13b8c81b [2026-09-09T05:38:23.178367] at exports._import (/home/vcap/app/node_modules/@sap/cds/lib/utils/cds-utils.js:320:21) (STDERR, APP/PROC/WEB)#
#2026 09 09 05:38:23.733#Z#DEBUG#125301ff-ac10-11f1-b39f-eeee0a9ef9bb.Insurance_claim_management-srv#flowable-async-job-executor-thread-6642#
[PollStartAppStatusExecution] 36814cef-ef5f-4c60-bb5c-9a0d13b8c81b [2026-09-09T05:38:23.178374] at _use (/home/vcap/app/node_modules/@sap/cds/lib/srv/factory.js:32:30) (STDERR, APP/PROC/WEB)#
#2026 09 09 05:38:23.733#Z#DEBUG#125301ff-ac10-11f1-b39f-eeee0a9ef9bb.Insurance_claim_management-srv#flowable-async-job-executor-thread-6642#
[PollStartAppStatusExecution] 36814cef-ef5f-4c60-bb5c-9a0d13b8c81b [2026-09-09T05:38:23.178376] Node.js v24.18.0 (STDERR, APP/PROC/WEB)#
#2026 09 09 05:38:23.733#Z#DEBUG#125301ff-ac10-11f1-b39f-eeee0a9ef9bb.Insurance_claim_management-srv#flowable-async-job-executor-thread-6642#
[PollStartAppStatusExecution] 36814cef-ef5f-4c60-bb5c-9a0d13b8c81b [2026-09-09T05:38:23.198641] npm notice (STDERR, APP/PROC/WEB)#
#2026 09 09 05:38:23.733#Z#DEBUG#125301ff-ac10-11f1-b39f-eeee0a9ef9bb.Insurance_claim_management-srv#flowable-async-job-executor-thread-6642#
[PollStartAppStatusExecution] 36814cef-ef5f-4c60-bb5c-9a0d13b8c81b [2026-09-09T05:38:23.198678] npm notice New major version of npm available! 11.16.0 -> 12.0.2 (STDERR, APP/PROC/WEB)#
#2026 09 09 05:38:23.733#Z#DEBUG#125301ff-ac10-11f1-b39f-eeee0a9ef9bb.Insurance_claim_management-srv#flowable-async-job-executor-thread-6642#
[PollStartAppStatusExecution] 36814cef-ef5f-4c60-bb5c-9a0d13b8c81b [2026-09-09T05:38:23.198686] npm notice Changelog: https://github.com/npm/cli/releases/tag/v12.0.2 (STDERR, APP/PROC/WEB)#
#2026 09 09 05:38:23.733#Z#DEBUG#125301ff-ac10-11f1-b39f-eeee0a9ef9bb.Insurance_claim_management-srv#flowable-async-job-executor-thread-6642#
[PollStartAppStatusExecution] 36814cef-ef5f-4c60-bb5c-9a0d13b8c81b [2026-09-09T05:38:23.198690] npm notice To update run: npm install -g npm@12.0.2 (STDERR, APP/PROC/WEB)#
#2026 09 09 05:38:23.733#Z#DEBUG#125301ff-ac10-11f1-b39f-eeee0a9ef9bb.Insurance_claim_management-srv#flowable-async-job-executor-thread-6642#
[PollStartAppStatusExecution] 36814cef-ef5f-4c60-bb5c-9a0d13b8c81b [2026-09-09T05:38:23.198693] npm notice (STDERR, APP/PROC/WEB)#
#2026 09 09 05:38:23.733#Z#DEBUG#125301ff-ac10-11f1-b39f-eeee0a9ef9bb.Insurance_claim_management-srv#flowable-async-job-executor-thread-6642#
[PollStartAppStatusExecution] 36814cef-ef5f-4c60-bb5c-9a0d13b8c81b [2026-09-09T05:38:23.272400] Exit status 1 (STDOUT, APP/PROC/WEB)#
#2026 09 09 05:38:33.728#Z#DEBUG#125301ff-ac10-11f1-b39f-eeee0a9ef9bb.Insurance_claim_management-srv#flowable-async-job-executor-thread-15474#
[PollStartAppStatusExecution] 36814cef-ef5f-4c60-bb5c-9a0d13b8c81b [2026-09-09T05:38:30.253980] Cell 684caff8-89cd-492b-be01-b3d0835f1763 stopping instance 6bd0b0d4-ec3e-4b60-73ad-1630 (STDOUT, CELL)#
#2026 09 09 05:38:33.728#Z#DEBUG#125301ff-ac10-11f1-b39f-eeee0a9ef9bb.Insurance_claim_management-srv#flowable-async-job-executor-thread-15474#
[PollStartAppStatusExecution] 36814cef-ef5f-4c60-bb5c-9a0d13b8c81b [2026-09-09T05:38:30.254024] Cell 684caff8-89cd-492b-be01-b3d0835f1763 destroying container for instance 6bd0b0d4-ec3e-4b60-73ad-1630 (STDOUT, CELL)#
#2026 09 09 05:38:33.728#Z#DEBUG#125301ff-ac10-11f1-b39f-eeee0a9ef9bb.Insurance_claim_management-srv#flowable-async-job-executor-thread-15474#
[PollStartAppStatusExecution] 36814cef-ef5f-4c60-bb5c-9a0d13b8c81b [2026-09-09T05:38:30.258419] Process has crashed with type: "web" (STDOUT, API)#
#2026 09 09 05:38:33.728#Z#DEBUG#125301ff-ac10-11f1-b39f-eeee0a9ef9bb.Insurance_claim_management-srv#flowable-async-job-executor-thread-15474#
[PollStartAppStatusExecution] 36814cef-ef5f-4c60-bb5c-9a0d13b8c81b [2026-09-09T05:38:30.277266] App instance exited with guid 36814cef-ef5f-4c60-bb5c-9a0d13b8c81b payload: {"instance"=>"6bd0b0d4-ec3e-4b60-73ad-1630", "index"=>0, "cell_id"=>"684caff8-89cd-492b-be01-b3d0835f1763", "reason"=>"CRASHED", "exit_description"=>"APP/PROC/WEB: Exited with status 1", "crash_count"=>1, "crash_timestamp"=>1788932310236103308, "version"=>"35191fbe-3b92-4a92-8875-6108c7f1def9"} (STDOUT, API)#
#2026 09 09 05:38:33.728#Z#DEBUG#125301ff-ac10-11f1-b39f-eeee0a9ef9bb.Insurance_claim_management-srv#flowable-async-job-executor-thread-15474#
[PollStartAppStatusExecution] 36814cef-ef5f-4c60-bb5c-9a0d13b8c81b [2026-09-09T05:38:30.384134] Cell 77283d80-dfa7-40ba-ba4e-265aef112085 creating container for instance 5b164bf0-4308-4303-48c8-4bf4 (STDOUT, CELL)#
#2026 09 09 05:38:33.728#Z#DEBUG#125301ff-ac10-11f1-b39f-eeee0a9ef9bb.Insurance_claim_management-srv#flowable-async-job-executor-thread-15474#
[PollStartAppStatusExecution] 36814cef-ef5f-4c60-bb5c-9a0d13b8c81b [2026-09-09T05:38:30.433550] Exit status 137 (STDOUT, PROXY)#
#2026 09 09 05:38:33.728#Z#DEBUG#125301ff-ac10-11f1-b39f-eeee0a9ef9bb.Insurance_claim_management-srv#flowable-async-job-executor-thread-15474#
[PollStartAppStatusExecution] 36814cef-ef5f-4c60-bb5c-9a0d13b8c81b [2026-09-09T05:38:31.087565] Security group rules were updated (STDOUT, CELL)#
#2026 09 09 05:38:33.728#Z#DEBUG#125301ff-ac10-11f1-b39f-eeee0a9ef9bb.Insurance_claim_management-srv#flowable-async-job-executor-thread-15474#
[PollStartAppStatusExecution] 36814cef-ef5f-4c60-bb5c-9a0d13b8c81b [2026-09-09T05:38:31.181952] Cell 77283d80-dfa7-40ba-ba4e-265aef112085 successfully created container for instance 5b164bf0-4308-4303-48c8-4bf4 (STDOUT, CELL)#
#2026 09 09 05:38:33.728#Z#DEBUG#125301ff-ac10-11f1-b39f-eeee0a9ef9bb.Insurance_claim_management-srv#flowable-async-job-executor-thread-15474#
[PollStartAppStatusExecution] 36814cef-ef5f-4c60-bb5c-9a0d13b8c81b [2026-09-09T05:38:31.492249] Downloading droplet... (STDOUT, CELL)#
#2026 09 09 05:38:33.728#Z#DEBUG#125301ff-ac10-11f1-b39f-eeee0a9ef9bb.Insurance_claim_management-srv#flowable-async-job-executor-thread-15474#
[PollStartAppStatusExecution] 36814cef-ef5f-4c60-bb5c-9a0d13b8c81b [2026-09-09T05:38:32.615516] Cell 684caff8-89cd-492b-be01-b3d0835f1763 successfully destroyed container for instance 6bd0b0d4-ec3e-4b60-73ad-1630 (STDOUT, CELL)#
#2026 09 09 05:38:43.776#Z#DEBUG#125301ff-ac10-11f1-b39f-eeee0a9ef9bb.Insurance_claim_management-srv#flowable-async-job-executor-thread-15482#
[PollStartAppStatusExecution] 36814cef-ef5f-4c60-bb5c-9a0d13b8c81b [2026-09-09T05:38:36.002747] Downloaded droplet (68.5M) (STDOUT, CELL)#
#2026 09 09 05:38:43.776#Z#DEBUG#125301ff-ac10-11f1-b39f-eeee0a9ef9bb.Insurance_claim_management-srv#flowable-async-job-executor-thread-15482#
[PollStartAppStatusExecution] 36814cef-ef5f-4c60-bb5c-9a0d13b8c81b [2026-09-09T05:38:36.002941] Starting health monitoring of container (STDOUT, CELL)#
#2026 09 09 05:38:43.776#Z#DEBUG#125301ff-ac10-11f1-b39f-eeee0a9ef9bb.Insurance_claim_management-srv#flowable-async-job-executor-thread-15482#
[PollStartAppStatusExecution] 36814cef-ef5f-4c60-bb5c-9a0d13b8c81b [2026-09-09T05:38:36.106900] Invoking pre-start scripts. (STDOUT, APP/PROC/WEB)#
#2026 09 09 05:38:43.776#Z#DEBUG#125301ff-ac10-11f1-b39f-eeee0a9ef9bb.Insurance_claim_management-srv#flowable-async-job-executor-thread-15482#
[PollStartAppStatusExecution] 36814cef-ef5f-4c60-bb5c-9a0d13b8c81b [2026-09-09T05:38:36.337942] Invoking start command. (STDOUT, APP/PROC/WEB)#
#2026 09 09 05:38:43.776#Z#DEBUG#125301ff-ac10-11f1-b39f-eeee0a9ef9bb.Insurance_claim_management-srv#flowable-async-job-executor-thread-15482#
[PollStartAppStatusExecution] 36814cef-ef5f-4c60-bb5c-9a0d13b8c81b [2026-09-09T05:38:36.867863] > Insurance_claim_management@1.0.0 start (STDOUT, APP/PROC/WEB)#
#2026 09 09 05:38:43.776#Z#DEBUG#125301ff-ac10-11f1-b39f-eeee0a9ef9bb.Insurance_claim_management-srv#flowable-async-job-executor-thread-15482#
[PollStartAppStatusExecution] 36814cef-ef5f-4c60-bb5c-9a0d13b8c81b [2026-09-09T05:38:36.867903] > cds-serve (STDOUT, APP/PROC/WEB)#
#2026 09 09 05:38:43.776#Z#DEBUG#125301ff-ac10-11f1-b39f-eeee0a9ef9bb.Insurance_claim_management-srv#flowable-async-job-executor-thread-15482#
[PollStartAppStatusExecution] 36814cef-ef5f-4c60-bb5c-9a0d13b8c81b [2026-09-09T05:38:36.956732] [cds] - bootstrapping from { file: 'srv/server.js' } (STDOUT, APP/PROC/WEB)#
#2026 09 09 05:38:43.776#Z#DEBUG#125301ff-ac10-11f1-b39f-eeee0a9ef9bb.Insurance_claim_management-srv#flowable-async-job-executor-thread-15482#
[PollStartAppStatusExecution] 36814cef-ef5f-4c60-bb5c-9a0d13b8c81b [2026-09-09T05:38:37.261925] {"level":"info","logger":"cds","timestamp":"2026-09-09T05:38:37.260Z","layer":"cds","component_type":"application","container_id":"10.32.3.6","component_id":"36814cef-ef5f-4c60-bb5c-9a0d13b8c81b","component_name":"Insurance_claim_management-srv","component_instance":0,"source_instance":0,"organization_name":"547c31aatrial","organization_id":"a8788203-b551-47eb-923a-7c205db28329","space_name":"dev","space_id":"7e49670e-3a44-466e-ab78-1909884ded4e","msg":"loaded model from 1 file(s):\n ","type":"log"} (STDOUT, APP/PROC/WEB)#
#2026 09 09 05:38:43.776#Z#DEBUG#125301ff-ac10-11f1-b39f-eeee0a9ef9bb.Insurance_claim_management-srv#flowable-async-job-executor-thread-15482#
[PollStartAppStatusExecution] 36814cef-ef5f-4c60-bb5c-9a0d13b8c81b [2026-09-09T05:38:37.262016] srv/csn.json (STDOUT, APP/PROC/WEB)#
#2026 09 09 05:38:43.776#Z#DEBUG#125301ff-ac10-11f1-b39f-eeee0a9ef9bb.Insurance_claim_management-srv#flowable-async-job-executor-thread-15482#
[PollStartAppStatusExecution] 36814cef-ef5f-4c60-bb5c-9a0d13b8c81b [2026-09-09T05:38:37.555778] {"level":"info","logger":"cds","timestamp":"2026-09-09T05:38:37.555Z","layer":"cds","component_type":"application","container_id":"10.32.3.6","component_id":"36814cef-ef5f-4c60-bb5c-9a0d13b8c81b","component_name":"Insurance_claim_management-srv","component_instance":0,"source_instance":0,"organization_name":"547c31aatrial","organization_id":"a8788203-b551-47eb-923a-7c205db28329","space_name":"dev","space_id":"7e49670e-3a44-466e-ab78-1909884ded4e","msg":"connect to db > hana {\n  database_id: '9501111f-b680-4320-8ea6-d5aed2abc8eb',\n  host: '9501111f-b680-4320-8ea6-d5aed2abc8eb.hna1.prod-us10.hanacloud.ondemand.com',\n  port: '443',\n  driver: 'com.sap.db.jdbc.Driver',\n  url: 'jdbc:sap://9501111f-b680-4320-8ea6-d5aed2abc8eb.hna1.prod-us10.hanacloud.ondemand.com:443?encrypt=true&validateCertificate=true&currentschema=7A235FC8B8FB49948A4676FBA87E700E',\n  schema: '7A235FC8B8FB49948A4676FBA87E700E',\n  certificate: '...',\n  hdi_user: '7A235FC8B8FB49948A4676FBA87E700E_29O9C3HQWVZ25FKYI651BJXGX_DT',\n  hdi_password: '...',\n  user: '7A235FC8B8FB49948A4676FBA87E700E_29O9C3HQWVZ25FKYI651BJXGX_RT',\n  password: '...'\n}","type":"log"} (STDOUT, APP/PROC/WEB)#
#2026 09 09 05:38:43.776#Z#DEBUG#125301ff-ac10-11f1-b39f-eeee0a9ef9bb.Insurance_claim_management-srv#flowable-async-job-executor-thread-15482#
[PollStartAppStatusExecution] 36814cef-ef5f-4c60-bb5c-9a0d13b8c81b [2026-09-09T05:38:37.591497] /home/vcap/app/srv/service.js:6 (STDERR, APP/PROC/WEB)#
#2026 09 09 05:38:43.776#Z#DEBUG#125301ff-ac10-11f1-b39f-eeee0a9ef9bb.Insurance_claim_management-srv#flowable-async-job-executor-thread-15482#
[PollStartAppStatusExecution] 36814cef-ef5f-4c60-bb5c-9a0d13b8c81b [2026-09-09T05:38:37.591528] const cds = require("@sap/cds"); (STDERR, APP/PROC/WEB)#
#2026 09 09 05:38:43.776#Z#DEBUG#125301ff-ac10-11f1-b39f-eeee0a9ef9bb.Insurance_claim_management-srv#flowable-async-job-executor-thread-15482#
[PollStartAppStatusExecution] 36814cef-ef5f-4c60-bb5c-9a0d13b8c81b [2026-09-09T05:38:37.591532] ^ (STDERR, APP/PROC/WEB)#
#2026 09 09 05:38:43.776#Z#DEBUG#125301ff-ac10-11f1-b39f-eeee0a9ef9bb.Insurance_claim_management-srv#flowable-async-job-executor-thread-15482#
[PollStartAppStatusExecution] 36814cef-ef5f-4c60-bb5c-9a0d13b8c81b [2026-09-09T05:38:37.591537] SyntaxError: Identifier 'cds' has already been declared (STDERR, APP/PROC/WEB)#
#2026 09 09 05:38:43.776#Z#DEBUG#125301ff-ac10-11f1-b39f-eeee0a9ef9bb.Insurance_claim_management-srv#flowable-async-job-executor-thread-15482#
[PollStartAppStatusExecution] 36814cef-ef5f-4c60-bb5c-9a0d13b8c81b [2026-09-09T05:38:37.591540] at wrapSafe (node:internal/modules/cjs/loader:1804:18) (STDERR, APP/PROC/WEB)#
#2026 09 09 05:38:43.776#Z#DEBUG#125301ff-ac10-11f1-b39f-eeee0a9ef9bb.Insurance_claim_management-srv#flowable-async-job-executor-thread-15482#
[PollStartAppStatusExecution] 36814cef-ef5f-4c60-bb5c-9a0d13b8c81b [2026-09-09T05:38:37.591544] at Module._compile (node:internal/modules/cjs/loader:1845:20) (STDERR, APP/PROC/WEB)#
#2026 09 09 05:38:43.776#Z#DEBUG#125301ff-ac10-11f1-b39f-eeee0a9ef9bb.Insurance_claim_management-srv#flowable-async-job-executor-thread-15482#
[PollStartAppStatusExecution] 36814cef-ef5f-4c60-bb5c-9a0d13b8c81b [2026-09-09T05:38:37.591548] at Object..js (node:internal/modules/cjs/loader:2002:10) (STDERR, APP/PROC/WEB)#
#2026 09 09 05:38:43.776#Z#DEBUG#125301ff-ac10-11f1-b39f-eeee0a9ef9bb.Insurance_claim_management-srv#flowable-async-job-executor-thread-15482#
[PollStartAppStatusExecution] 36814cef-ef5f-4c60-bb5c-9a0d13b8c81b [2026-09-09T05:38:37.591550] at Module.load (node:internal/modules/cjs/loader:1594:32) (STDERR, APP/PROC/WEB)#
#2026 09 09 05:38:43.776#Z#DEBUG#125301ff-ac10-11f1-b39f-eeee0a9ef9bb.Insurance_claim_management-srv#flowable-async-job-executor-thread-15482#
[PollStartAppStatusExecution] 36814cef-ef5f-4c60-bb5c-9a0d13b8c81b [2026-09-09T05:38:37.591560] at Module._load (node:internal/modules/cjs/loader:1396:12) (STDERR, APP/PROC/WEB)#
#2026 09 09 05:38:43.776#Z#DEBUG#125301ff-ac10-11f1-b39f-eeee0a9ef9bb.Insurance_claim_management-srv#flowable-async-job-executor-thread-15482#
[PollStartAppStatusExecution] 36814cef-ef5f-4c60-bb5c-9a0d13b8c81b [2026-09-09T05:38:37.591562] at wrapModuleLoad (node:internal/modules/cjs/loader:255:19) (STDERR, APP/PROC/WEB)#
#2026 09 09 05:38:43.776#Z#DEBUG#125301ff-ac10-11f1-b39f-eeee0a9ef9bb.Insurance_claim_management-srv#flowable-async-job-executor-thread-15482#
[PollStartAppStatusExecution] 36814cef-ef5f-4c60-bb5c-9a0d13b8c81b [2026-09-09T05:38:37.591565] at Module.require (node:internal/modules/cjs/loader:1617:12) (STDERR, APP/PROC/WEB)#
#2026 09 09 05:38:43.776#Z#DEBUG#125301ff-ac10-11f1-b39f-eeee0a9ef9bb.Insurance_claim_management-srv#flowable-async-job-executor-thread-15482#
[PollStartAppStatusExecution] 36814cef-ef5f-4c60-bb5c-9a0d13b8c81b [2026-09-09T05:38:37.591571] at require (node:internal/modules/helpers:153:16) (STDERR, APP/PROC/WEB)#
#2026 09 09 05:38:43.776#Z#DEBUG#125301ff-ac10-11f1-b39f-eeee0a9ef9bb.Insurance_claim_management-srv#flowable-async-job-executor-thread-15482#
[PollStartAppStatusExecution] 36814cef-ef5f-4c60-bb5c-9a0d13b8c81b [2026-09-09T05:38:37.591577] at exports._import (/home/vcap/app/node_modules/@sap/cds/lib/utils/cds-utils.js:320:21) (STDERR, APP/PROC/WEB)#
#2026 09 09 05:38:43.776#Z#DEBUG#125301ff-ac10-11f1-b39f-eeee0a9ef9bb.Insurance_claim_management-srv#flowable-async-job-executor-thread-15482#
[PollStartAppStatusExecution] 36814cef-ef5f-4c60-bb5c-9a0d13b8c81b [2026-09-09T05:38:37.591579] at _use (/home/vcap/app/node_modules/@sap/cds/lib/srv/factory.js:32:30) (STDERR, APP/PROC/WEB)#
#2026 09 09 05:38:43.776#Z#DEBUG#125301ff-ac10-11f1-b39f-eeee0a9ef9bb.Insurance_claim_management-srv#flowable-async-job-executor-thread-15482#
[PollStartAppStatusExecution] 36814cef-ef5f-4c60-bb5c-9a0d13b8c81b [2026-09-09T05:38:37.591582] Node.js v24.18.0 (STDERR, APP/PROC/WEB)#
#2026 09 09 05:38:43.776#Z#DEBUG#125301ff-ac10-11f1-b39f-eeee0a9ef9bb.Insurance_claim_management-srv#flowable-async-job-executor-thread-15482#
[PollStartAppStatusExecution] 36814cef-ef5f-4c60-bb5c-9a0d13b8c81b [2026-09-09T05:38:37.614232] npm notice (STDERR, APP/PROC/WEB)#
#2026 09 09 05:38:43.776#Z#DEBUG#125301ff-ac10-11f1-b39f-eeee0a9ef9bb.Insurance_claim_management-srv#flowable-async-job-executor-thread-15482#
[PollStartAppStatusExecution] 36814cef-ef5f-4c60-bb5c-9a0d13b8c81b [2026-09-09T05:38:37.614266] npm notice New major version of npm available! 11.16.0 -> 12.0.2 (STDERR, APP/PROC/WEB)#
#2026 09 09 05:38:43.776#Z#DEBUG#125301ff-ac10-11f1-b39f-eeee0a9ef9bb.Insurance_claim_management-srv#flowable-async-job-executor-thread-15482#
[PollStartAppStatusExecution] 36814cef-ef5f-4c60-bb5c-9a0d13b8c81b [2026-09-09T05:38:37.614273] npm notice Changelog: https://github.com/npm/cli/releases/tag/v12.0.2 (STDERR, APP/PROC/WEB)#
#2026 09 09 05:38:43.776#Z#DEBUG#125301ff-ac10-11f1-b39f-eeee0a9ef9bb.Insurance_claim_management-srv#flowable-async-job-executor-thread-15482#
[PollStartAppStatusExecution] 36814cef-ef5f-4c60-bb5c-9a0d13b8c81b [2026-09-09T05:38:37.614276] npm notice To update run: npm install -g npm@12.0.2 (STDERR, APP/PROC/WEB)#
#2026 09 09 05:38:43.776#Z#DEBUG#125301ff-ac10-11f1-b39f-eeee0a9ef9bb.Insurance_claim_management-srv#flowable-async-job-executor-thread-15482#
[PollStartAppStatusExecution] 36814cef-ef5f-4c60-bb5c-9a0d13b8c81b [2026-09-09T05:38:37.614279] npm notice (STDERR, APP/PROC/WEB)#
#2026 09 09 05:38:43.776#Z#DEBUG#125301ff-ac10-11f1-b39f-eeee0a9ef9bb.Insurance_claim_management-srv#flowable-async-job-executor-thread-15482#
[PollStartAppStatusExecution] 36814cef-ef5f-4c60-bb5c-9a0d13b8c81b [2026-09-09T05:38:37.699760] Exit status 1 (STDOUT, APP/PROC/WEB)#
#2026 09 09 05:38:53.810#Z#DEBUG#125301ff-ac10-11f1-b39f-eeee0a9ef9bb.Insurance_claim_management-srv#flowable-async-job-executor-thread-9416#
[PollStartAppStatusExecution] 36814cef-ef5f-4c60-bb5c-9a0d13b8c81b [2026-09-09T05:38:44.162987] Cell 77283d80-dfa7-40ba-ba4e-265aef112085 stopping instance 5b164bf0-4308-4303-48c8-4bf4 (STDOUT, CELL)#
#2026 09 09 05:38:53.810#Z#DEBUG#125301ff-ac10-11f1-b39f-eeee0a9ef9bb.Insurance_claim_management-srv#flowable-async-job-executor-thread-9416#
[PollStartAppStatusExecution] 36814cef-ef5f-4c60-bb5c-9a0d13b8c81b [2026-09-09T05:38:44.163028] Cell 77283d80-dfa7-40ba-ba4e-265aef112085 destroying container for instance 5b164bf0-4308-4303-48c8-4bf4 (STDOUT, CELL)#
#2026 09 09 05:38:53.810#Z#DEBUG#125301ff-ac10-11f1-b39f-eeee0a9ef9bb.Insurance_claim_management-srv#flowable-async-job-executor-thread-9416#
[PollStartAppStatusExecution] 36814cef-ef5f-4c60-bb5c-9a0d13b8c81b [2026-09-09T05:38:44.166784] Process has crashed with type: "web" (STDOUT, API)#
#2026 09 09 05:38:53.810#Z#DEBUG#125301ff-ac10-11f1-b39f-eeee0a9ef9bb.Insurance_claim_management-srv#flowable-async-job-executor-thread-9416#
[PollStartAppStatusExecution] 36814cef-ef5f-4c60-bb5c-9a0d13b8c81b [2026-09-09T05:38:44.178703] App instance exited with guid 36814cef-ef5f-4c60-bb5c-9a0d13b8c81b payload: {"instance"=>"5b164bf0-4308-4303-48c8-4bf4", "index"=>0, "cell_id"=>"77283d80-dfa7-40ba-ba4e-265aef112085", "reason"=>"CRASHED", "exit_description"=>"APP/PROC/WEB: Exited with status 1", "crash_count"=>2, "crash_timestamp"=>1788932324144290044, "version"=>"35191fbe-3b92-4a92-8875-6108c7f1def9"} (STDOUT, API)#
#2026 09 09 05:38:53.810#Z#DEBUG#125301ff-ac10-11f1-b39f-eeee0a9ef9bb.Insurance_claim_management-srv#flowable-async-job-executor-thread-9416#
[PollStartAppStatusExecution] 36814cef-ef5f-4c60-bb5c-9a0d13b8c81b [2026-09-09T05:38:44.343198] Exit status 137 (STDOUT, PROXY)#
#2026 09 09 05:38:53.810#Z#DEBUG#125301ff-ac10-11f1-b39f-eeee0a9ef9bb.Insurance_claim_management-srv#flowable-async-job-executor-thread-9416#
[PollStartAppStatusExecution] 36814cef-ef5f-4c60-bb5c-9a0d13b8c81b [2026-09-09T05:38:44.463884] Cell d1cc041a-d5a1-41d6-b9f6-6cda736ce3f0 creating container for instance e366a8a9-39c7-4140-4b04-b909 (STDOUT, CELL)#
#2026 09 09 05:38:53.810#Z#DEBUG#125301ff-ac10-11f1-b39f-eeee0a9ef9bb.Insurance_claim_management-srv#flowable-async-job-executor-thread-9416#
[PollStartAppStatusExecution] 36814cef-ef5f-4c60-bb5c-9a0d13b8c81b [2026-09-09T05:38:45.496990] Security group rules were updated (STDOUT, CELL)#
#2026 09 09 05:38:53.810#Z#DEBUG#125301ff-ac10-11f1-b39f-eeee0a9ef9bb.Insurance_claim_management-srv#flowable-async-job-executor-thread-9416#
[PollStartAppStatusExecution] 36814cef-ef5f-4c60-bb5c-9a0d13b8c81b [2026-09-09T05:38:45.597099] Cell d1cc041a-d5a1-41d6-b9f6-6cda736ce3f0 successfully created container for instance e366a8a9-39c7-4140-4b04-b909 (STDOUT, CELL)#
#2026 09 09 05:38:53.810#Z#DEBUG#125301ff-ac10-11f1-b39f-eeee0a9ef9bb.Insurance_claim_management-srv#flowable-async-job-executor-thread-9416#
[PollStartAppStatusExecution] 36814cef-ef5f-4c60-bb5c-9a0d13b8c81b [2026-09-09T05:38:46.277472] Downloading droplet... (STDOUT, CELL)#
#2026 09 09 05:38:53.810#Z#DEBUG#125301ff-ac10-11f1-b39f-eeee0a9ef9bb.Insurance_claim_management-srv#flowable-async-job-executor-thread-9416#
[PollStartAppStatusExecution] 36814cef-ef5f-4c60-bb5c-9a0d13b8c81b [2026-09-09T05:38:46.516062] Cell 77283d80-dfa7-40ba-ba4e-265aef112085 successfully destroyed container for instance 5b164bf0-4308-4303-48c8-4bf4 (STDOUT, CELL)#
#2026 09 09 05:38:53.810#Z#DEBUG#125301ff-ac10-11f1-b39f-eeee0a9ef9bb.Insurance_claim_management-srv#flowable-async-job-executor-thread-9416#
[PollStartAppStatusExecution] 36814cef-ef5f-4c60-bb5c-9a0d13b8c81b [2026-09-09T05:38:51.716658] Downloaded droplet (68.5M) (STDOUT, CELL)#
#2026 09 09 05:38:53.810#Z#DEBUG#125301ff-ac10-11f1-b39f-eeee0a9ef9bb.Insurance_claim_management-srv#flowable-async-job-executor-thread-9416#
[PollStartAppStatusExecution] 36814cef-ef5f-4c60-bb5c-9a0d13b8c81b [2026-09-09T05:38:51.717131] Starting health monitoring of container (STDOUT, CELL)#
#2026 09 09 05:38:53.810#Z#DEBUG#125301ff-ac10-11f1-b39f-eeee0a9ef9bb.Insurance_claim_management-srv#flowable-async-job-executor-thread-9416#
[PollStartAppStatusExecution] 36814cef-ef5f-4c60-bb5c-9a0d13b8c81b [2026-09-09T05:38:51.869782] Invoking pre-start scripts. (STDOUT, APP/PROC/WEB)#
#2026 09 09 05:38:53.810#Z#DEBUG#125301ff-ac10-11f1-b39f-eeee0a9ef9bb.Insurance_claim_management-srv#flowable-async-job-executor-thread-9416#
[PollStartAppStatusExecution] 36814cef-ef5f-4c60-bb5c-9a0d13b8c81b [2026-09-09T05:38:52.142360] Invoking start command. (STDOUT, APP/PROC/WEB)#
#2026 09 09 05:38:53.810#Z#DEBUG#125301ff-ac10-11f1-b39f-eeee0a9ef9bb.Insurance_claim_management-srv#flowable-async-job-executor-thread-9416#
[PollStartAppStatusExecution] 36814cef-ef5f-4c60-bb5c-9a0d13b8c81b [2026-09-09T05:38:52.798886] > Insurance_claim_management@1.0.0 start (STDOUT, APP/PROC/WEB)#
#2026 09 09 05:38:53.810#Z#DEBUG#125301ff-ac10-11f1-b39f-eeee0a9ef9bb.Insurance_claim_management-srv#flowable-async-job-executor-thread-9416#
[PollStartAppStatusExecution] 36814cef-ef5f-4c60-bb5c-9a0d13b8c81b [2026-09-09T05:38:52.798920] > cds-serve (STDOUT, APP/PROC/WEB)#
#2026 09 09 05:38:53.810#Z#DEBUG#125301ff-ac10-11f1-b39f-eeee0a9ef9bb.Insurance_claim_management-srv#flowable-async-job-executor-thread-9416#
[PollStartAppStatusExecution] 36814cef-ef5f-4c60-bb5c-9a0d13b8c81b [2026-09-09T05:38:52.892812] [cds] - bootstrapping from { file: 'srv/server.js' } (STDOUT, APP/PROC/WEB)#
#2026 09 09 05:38:53.810#Z#DEBUG#125301ff-ac10-11f1-b39f-eeee0a9ef9bb.Insurance_claim_management-srv#flowable-async-job-executor-thread-9416#
[PollStartAppStatusExecution] 36814cef-ef5f-4c60-bb5c-9a0d13b8c81b [2026-09-09T05:38:53.276875] {"level":"info","logger":"cds","timestamp":"2026-09-09T05:38:53.275Z","layer":"cds","component_type":"application","container_id":"10.32.1.5","component_id":"36814cef-ef5f-4c60-bb5c-9a0d13b8c81b","component_name":"Insurance_claim_management-srv","component_instance":0,"source_instance":0,"organization_name":"547c31aatrial","organization_id":"a8788203-b551-47eb-923a-7c205db28329","space_name":"dev","space_id":"7e49670e-3a44-466e-ab78-1909884ded4e","msg":"loaded model from 1 file(s):\n ","type":"log"} (STDOUT, APP/PROC/WEB)#
#2026 09 09 05:38:53.810#Z#DEBUG#125301ff-ac10-11f1-b39f-eeee0a9ef9bb.Insurance_claim_management-srv#flowable-async-job-executor-thread-9416#
[PollStartAppStatusExecution] 36814cef-ef5f-4c60-bb5c-9a0d13b8c81b [2026-09-09T05:38:53.276905] srv/csn.json (STDOUT, APP/PROC/WEB)#
#2026 09 09 05:39:03.844#Z#DEBUG#125301ff-ac10-11f1-b39f-eeee0a9ef9bb.Insurance_claim_management-srv#flowable-async-job-executor-thread-9423#
[PollStartAppStatusExecution] 36814cef-ef5f-4c60-bb5c-9a0d13b8c81b [2026-09-09T05:38:53.597218] {"level":"info","logger":"cds","timestamp":"2026-09-09T05:38:53.596Z","layer":"cds","component_type":"application","container_id":"10.32.1.5","component_id":"36814cef-ef5f-4c60-bb5c-9a0d13b8c81b","component_name":"Insurance_claim_management-srv","component_instance":0,"source_instance":0,"organization_name":"547c31aatrial","organization_id":"a8788203-b551-47eb-923a-7c205db28329","space_name":"dev","space_id":"7e49670e-3a44-466e-ab78-1909884ded4e","msg":"connect to db > hana {\n  database_id: '9501111f-b680-4320-8ea6-d5aed2abc8eb',\n  host: '9501111f-b680-4320-8ea6-d5aed2abc8eb.hna1.prod-us10.hanacloud.ondemand.com',\n  port: '443',\n  driver: 'com.sap.db.jdbc.Driver',\n  url: 'jdbc:sap://9501111f-b680-4320-8ea6-d5aed2abc8eb.hna1.prod-us10.hanacloud.ondemand.com:443?encrypt=true&validateCertificate=true&currentschema=7A235FC8B8FB49948A4676FBA87E700E',\n  schema: '7A235FC8B8FB49948A4676FBA87E700E',\n  certificate: '...',\n  hdi_user: '7A235FC8B8FB49948A4676FBA87E700E_29O9C3HQWVZ25FKYI651BJXGX_DT',\n  hdi_password: '...',\n  user: '7A235FC8B8FB49948A4676FBA87E700E_29O9C3HQWVZ25FKYI651BJXGX_RT',\n  password: '...'\n}","type":"log"} (STDOUT, APP/PROC/WEB)#
#2026 09 09 05:39:03.844#Z#DEBUG#125301ff-ac10-11f1-b39f-eeee0a9ef9bb.Insurance_claim_management-srv#flowable-async-job-executor-thread-9423#
[PollStartAppStatusExecution] 36814cef-ef5f-4c60-bb5c-9a0d13b8c81b [2026-09-09T05:38:53.643071] /home/vcap/app/srv/service.js:6 (STDERR, APP/PROC/WEB)#
#2026 09 09 05:39:03.844#Z#DEBUG#125301ff-ac10-11f1-b39f-eeee0a9ef9bb.Insurance_claim_management-srv#flowable-async-job-executor-thread-9423#
[PollStartAppStatusExecution] 36814cef-ef5f-4c60-bb5c-9a0d13b8c81b [2026-09-09T05:38:53.643104] const cds = require("@sap/cds"); (STDERR, APP/PROC/WEB)#
#2026 09 09 05:39:03.844#Z#DEBUG#125301ff-ac10-11f1-b39f-eeee0a9ef9bb.Insurance_claim_management-srv#flowable-async-job-executor-thread-9423#
[PollStartAppStatusExecution] 36814cef-ef5f-4c60-bb5c-9a0d13b8c81b [2026-09-09T05:38:53.643110] ^ (STDERR, APP/PROC/WEB)#
#2026 09 09 05:39:03.844#Z#DEBUG#125301ff-ac10-11f1-b39f-eeee0a9ef9bb.Insurance_claim_management-srv#flowable-async-job-executor-thread-9423#
[PollStartAppStatusExecution] 36814cef-ef5f-4c60-bb5c-9a0d13b8c81b [2026-09-09T05:38:53.643114] SyntaxError: Identifier 'cds' has already been declared (STDERR, APP/PROC/WEB)#
#2026 09 09 05:39:03.844#Z#DEBUG#125301ff-ac10-11f1-b39f-eeee0a9ef9bb.Insurance_claim_management-srv#flowable-async-job-executor-thread-9423#
[PollStartAppStatusExecution] 36814cef-ef5f-4c60-bb5c-9a0d13b8c81b [2026-09-09T05:38:53.643128] at wrapSafe (node:internal/modules/cjs/loader:1804:18) (STDERR, APP/PROC/WEB)#
#2026 09 09 05:39:03.844#Z#DEBUG#125301ff-ac10-11f1-b39f-eeee0a9ef9bb.Insurance_claim_management-srv#flowable-async-job-executor-thread-9423#
[PollStartAppStatusExecution] 36814cef-ef5f-4c60-bb5c-9a0d13b8c81b [2026-09-09T05:38:53.643134] at Module._compile (node:internal/modules/cjs/loader:1845:20) (STDERR, APP/PROC/WEB)#
#2026 09 09 05:39:03.844#Z#DEBUG#125301ff-ac10-11f1-b39f-eeee0a9ef9bb.Insurance_claim_management-srv#flowable-async-job-executor-thread-9423#
[PollStartAppStatusExecution] 36814cef-ef5f-4c60-bb5c-9a0d13b8c81b [2026-09-09T05:38:53.643138] at Object..js (node:internal/modules/cjs/loader:2002:10) (STDERR, APP/PROC/WEB)#
#2026 09 09 05:39:03.844#Z#DEBUG#125301ff-ac10-11f1-b39f-eeee0a9ef9bb.Insurance_claim_management-srv#flowable-async-job-executor-thread-9423#
[PollStartAppStatusExecution] 36814cef-ef5f-4c60-bb5c-9a0d13b8c81b [2026-09-09T05:38:53.643147] at Module.load (node:internal/modules/cjs/loader:1594:32) (STDERR, APP/PROC/WEB)#
#2026 09 09 05:39:03.844#Z#DEBUG#125301ff-ac10-11f1-b39f-eeee0a9ef9bb.Insurance_claim_management-srv#flowable-async-job-executor-thread-9423#
[PollStartAppStatusExecution] 36814cef-ef5f-4c60-bb5c-9a0d13b8c81b [2026-09-09T05:38:53.643149] at Module._load (node:internal/modules/cjs/loader:1396:12) (STDERR, APP/PROC/WEB)#
#2026 09 09 05:39:03.844#Z#DEBUG#125301ff-ac10-11f1-b39f-eeee0a9ef9bb.Insurance_claim_management-srv#flowable-async-job-executor-thread-9423#
[PollStartAppStatusExecution] 36814cef-ef5f-4c60-bb5c-9a0d13b8c81b [2026-09-09T05:38:53.643152] at wrapModuleLoad (node:internal/modules/cjs/loader:255:19) (STDERR, APP/PROC/WEB)#
#2026 09 09 05:39:03.844#Z#DEBUG#125301ff-ac10-11f1-b39f-eeee0a9ef9bb.Insurance_claim_management-srv#flowable-async-job-executor-thread-9423#
[PollStartAppStatusExecution] 36814cef-ef5f-4c60-bb5c-9a0d13b8c81b [2026-09-09T05:38:53.643156] at Module.require (node:internal/modules/cjs/loader:1617:12) (STDERR, APP/PROC/WEB)#
#2026 09 09 05:39:03.844#Z#DEBUG#125301ff-ac10-11f1-b39f-eeee0a9ef9bb.Insurance_claim_management-srv#flowable-async-job-executor-thread-9423#
[PollStartAppStatusExecution] 36814cef-ef5f-4c60-bb5c-9a0d13b8c81b [2026-09-09T05:38:53.643163] at require (node:internal/modules/helpers:153:16) (STDERR, APP/PROC/WEB)#
#2026 09 09 05:39:03.844#Z#DEBUG#125301ff-ac10-11f1-b39f-eeee0a9ef9bb.Insurance_claim_management-srv#flowable-async-job-executor-thread-9423#
[PollStartAppStatusExecution] 36814cef-ef5f-4c60-bb5c-9a0d13b8c81b [2026-09-09T05:38:53.643170] at exports._import (/home/vcap/app/node_modules/@sap/cds/lib/utils/cds-utils.js:320:21) (STDERR, APP/PROC/WEB)#
#2026 09 09 05:39:03.844#Z#DEBUG#125301ff-ac10-11f1-b39f-eeee0a9ef9bb.Insurance_claim_management-srv#flowable-async-job-executor-thread-9423#
[PollStartAppStatusExecution] 36814cef-ef5f-4c60-bb5c-9a0d13b8c81b [2026-09-09T05:38:53.643173] at _use (/home/vcap/app/node_modules/@sap/cds/lib/srv/factory.js:32:30) (STDERR, APP/PROC/WEB)#
#2026 09 09 05:39:03.844#Z#DEBUG#125301ff-ac10-11f1-b39f-eeee0a9ef9bb.Insurance_claim_management-srv#flowable-async-job-executor-thread-9423#
[PollStartAppStatusExecution] 36814cef-ef5f-4c60-bb5c-9a0d13b8c81b [2026-09-09T05:38:53.643175] Node.js v24.18.0 (STDERR, APP/PROC/WEB)#
#2026 09 09 05:39:03.844#Z#DEBUG#125301ff-ac10-11f1-b39f-eeee0a9ef9bb.Insurance_claim_management-srv#flowable-async-job-executor-thread-9423#
[PollStartAppStatusExecution] 36814cef-ef5f-4c60-bb5c-9a0d13b8c81b [2026-09-09T05:38:53.665010] npm notice (STDERR, APP/PROC/WEB)#
#2026 09 09 05:39:03.844#Z#DEBUG#125301ff-ac10-11f1-b39f-eeee0a9ef9bb.Insurance_claim_management-srv#flowable-async-job-executor-thread-9423#
[PollStartAppStatusExecution] 36814cef-ef5f-4c60-bb5c-9a0d13b8c81b [2026-09-09T05:38:53.665040] npm notice New major version of npm available! 11.16.0 -> 12.0.2 (STDERR, APP/PROC/WEB)#
#2026 09 09 05:39:03.844#Z#DEBUG#125301ff-ac10-11f1-b39f-eeee0a9ef9bb.Insurance_claim_management-srv#flowable-async-job-executor-thread-9423#
[PollStartAppStatusExecution] 36814cef-ef5f-4c60-bb5c-9a0d13b8c81b [2026-09-09T05:38:53.665046] npm notice Changelog: https://github.com/npm/cli/releases/tag/v12.0.2 (STDERR, APP/PROC/WEB)#
#2026 09 09 05:39:03.844#Z#DEBUG#125301ff-ac10-11f1-b39f-eeee0a9ef9bb.Insurance_claim_management-srv#flowable-async-job-executor-thread-9423#
[PollStartAppStatusExecution] 36814cef-ef5f-4c60-bb5c-9a0d13b8c81b [2026-09-09T05:38:53.665049] npm notice To update run: npm install -g npm@12.0.2 (STDERR, APP/PROC/WEB)#
#2026 09 09 05:39:03.844#Z#DEBUG#125301ff-ac10-11f1-b39f-eeee0a9ef9bb.Insurance_claim_management-srv#flowable-async-job-executor-thread-9423#
[PollStartAppStatusExecution] 36814cef-ef5f-4c60-bb5c-9a0d13b8c81b [2026-09-09T05:38:53.665052] npm notice (STDERR, APP/PROC/WEB)#
#2026 09 09 05:39:03.844#Z#DEBUG#125301ff-ac10-11f1-b39f-eeee0a9ef9bb.Insurance_claim_management-srv#flowable-async-job-executor-thread-9423#
[PollStartAppStatusExecution] 36814cef-ef5f-4c60-bb5c-9a0d13b8c81b [2026-09-09T05:38:53.746825] Exit status 1 (STDOUT, APP/PROC/WEB)#
#2026 09 09 05:39:03.844#Z#DEBUG#125301ff-ac10-11f1-b39f-eeee0a9ef9bb.Insurance_claim_management-srv#flowable-async-job-executor-thread-9423#
[PollStartAppStatusExecution] 36814cef-ef5f-4c60-bb5c-9a0d13b8c81b [2026-09-09T05:39:00.410641] Cell d1cc041a-d5a1-41d6-b9f6-6cda736ce3f0 stopping instance e366a8a9-39c7-4140-4b04-b909 (STDOUT, CELL)#
#2026 09 09 05:39:03.844#Z#DEBUG#125301ff-ac10-11f1-b39f-eeee0a9ef9bb.Insurance_claim_management-srv#flowable-async-job-executor-thread-9423#
[PollStartAppStatusExecution] 36814cef-ef5f-4c60-bb5c-9a0d13b8c81b [2026-09-09T05:39:00.410693] Cell d1cc041a-d5a1-41d6-b9f6-6cda736ce3f0 destroying container for instance e366a8a9-39c7-4140-4b04-b909 (STDOUT, CELL)#
#2026 09 09 05:39:03.844#Z#DEBUG#125301ff-ac10-11f1-b39f-eeee0a9ef9bb.Insurance_claim_management-srv#flowable-async-job-executor-thread-9423#
[PollStartAppStatusExecution] 36814cef-ef5f-4c60-bb5c-9a0d13b8c81b [2026-09-09T05:39:00.426800] Process has crashed with type: "web" (STDOUT, API)#
#2026 09 09 05:39:03.844#Z#DEBUG#125301ff-ac10-11f1-b39f-eeee0a9ef9bb.Insurance_claim_management-srv#flowable-async-job-executor-thread-9423#
[PollStartAppStatusExecution] 36814cef-ef5f-4c60-bb5c-9a0d13b8c81b [2026-09-09T05:39:00.437541] App instance exited with guid 36814cef-ef5f-4c60-bb5c-9a0d13b8c81b payload: {"instance"=>"e366a8a9-39c7-4140-4b04-b909", "index"=>0, "cell_id"=>"d1cc041a-d5a1-41d6-b9f6-6cda736ce3f0", "reason"=>"CRASHED", "exit_description"=>"APP/PROC/WEB: Exited with status 1", "crash_count"=>3, "crash_timestamp"=>1788932340406592577, "version"=>"35191fbe-3b92-4a92-8875-6108c7f1def9"} (STDOUT, API)#
#2026 09 09 05:39:03.844#Z#DEBUG#125301ff-ac10-11f1-b39f-eeee0a9ef9bb.Insurance_claim_management-srv#flowable-async-job-executor-thread-9423#
[PollStartAppStatusExecution] 36814cef-ef5f-4c60-bb5c-9a0d13b8c81b [2026-09-09T05:39:00.657636] Exit status 137 (STDOUT, PROXY)#
#2026 09 09 05:39:03.844#Z#DEBUG#125301ff-ac10-11f1-b39f-eeee0a9ef9bb.Insurance_claim_management-srv#flowable-async-job-executor-thread-9423#
[PollStartAppStatusExecution] 36814cef-ef5f-4c60-bb5c-9a0d13b8c81b [2026-09-09T05:39:03.568065] Cell d1cc041a-d5a1-41d6-b9f6-6cda736ce3f0 successfully destroyed container for instance e366a8a9-39c7-4140-4b04-b909 (STDOUT, CELL)#
