#2026 09 09 05:34:05.209#Z#INFO#125301ff-ac10-11f1-b39f-eeee0a9ef9bb.OPERATION#http-nio-0.0.0.0-8080-exec-5#
[XS2StartProcessListener] Operation ID: 125301ff-ac10-11f1-b39f-eeee0a9ef9bb#
#2026 09 09 05:34:05.228#Z#DEBUG#125301ff-ac10-11f1-b39f-eeee0a9ef9bb.OPERATION#http-nio-0.0.0.0-8080-exec-5#
[XS2StartProcessListener] Process environment: {
  "SKIP_SSL_VALIDATION" : "false",
  "FLOWABLE_JOB_EXECUTOR_MAX_THREADS" : "32",
  "VERSION" : "2.53.0",
  "BASIC_AUTH_ENABLED" : "true",
  "FLOWABLE_JOB_EXECUTOR_QUEUE_CAPACITY" : "16",
  "FLOWABLE_JOB_EXECUTOR_CORE_THREADS" : "8"
}#
#2026 09 09 05:34:05.228#Z#DEBUG#125301ff-ac10-11f1-b39f-eeee0a9ef9bb.OPERATION#http-nio-0.0.0.0-8080-exec-5#
[XS2StartProcessListener] Current user: shrivathsa.m@laderatechnology.com#
#2026 09 09 05:34:05.228#Z#DEBUG#125301ff-ac10-11f1-b39f-eeee0a9ef9bb.OPERATION#http-nio-0.0.0.0-8080-exec-5#
[XS2StartProcessListener] Client space: dev#
#2026 09 09 05:34:05.228#Z#DEBUG#125301ff-ac10-11f1-b39f-eeee0a9ef9bb.OPERATION#http-nio-0.0.0.0-8080-exec-5#
[XS2StartProcessListener] Client organization: 547c31aatrial#
#2026 09 09 05:34:05.228#Z#INFO#125301ff-ac10-11f1-b39f-eeee0a9ef9bb.OPERATION#http-nio-0.0.0.0-8080-exec-5#
[XS2StartProcessListener] Process variables: {
  "keepFiles" : false,
  "skipAppDigestCalculation" : false,
  "abortOnError" : false,
  "mtaId" : "Insurance_claim_management",
  "noFailOnMissingPermissions" : false,
  "isSecurityEnabled" : false,
  "apiRequestPath" : "https://deploy-service.cf.us10-001.hana.ondemand.com/api/v1/spaces/7e49670e-3a44-466e-ab78-1909884ded4e/operations",
  "deleteServiceBrokers" : false,
  "appArchiveId" : "d87c6899-b32d-4359-a9c1-0476c1205a56",
  "isDisposableUserProvidedServiceEnabled" : false,
  "deleteServiceKeys" : false,
  "noRestartSubscribedApps" : false,
  "noStart" : false,
  "deleteServices" : false
}#
#2026 09 09 05:34:05.644#Z#DEBUG#125301ff-ac10-11f1-b39f-eeee0a9ef9bb.OPERATION#flowable-async-job-executor-thread-9309#
[ValidateDeployParametersStep] Executing task "validateParametersTask" of process "12530225-ac10-11f1-b39f-eeee0a9ef9bb"...#
#2026 09 09 05:34:05.644#Z#DEBUG#125301ff-ac10-11f1-b39f-eeee0a9ef9bb.OPERATION#flowable-async-job-executor-thread-9309#
[ValidateDeployParametersStep] Validating parameters...#
#2026 09 09 05:34:05.647#Z#INFO#125301ff-ac10-11f1-b39f-eeee0a9ef9bb.OPERATION#flowable-async-job-executor-thread-9309#
[ValidateDeployParametersStep] Size of mtars is 22,577,818 and size of extension descriptors is 0#
#2026 09 09 05:34:05.678#Z#INFO#125301ff-ac10-11f1-b39f-eeee0a9ef9bb.OPERATION#flowable-async-job-executor-thread-9309#
[ValidateDeployParametersStep] Archive was not split! Total size in bytes: 22,577,818#
#2026 09 09 05:34:05.679#Z#INFO#125301ff-ac10-11f1-b39f-eeee0a9ef9bb.OPERATION#flowable-async-job-executor-thread-9309#
[ValidateDeployParametersStep] Deploying in org "547c31aatrial" and space "dev"#
#2026 09 09 05:34:05.685#Z#DEBUG#125301ff-ac10-11f1-b39f-eeee0a9ef9bb.OPERATION#flowable-async-job-executor-thread-9309#
[ValidateDeployParametersStep] Parameters validated#
#2026 09 09 05:34:05.685#Z#DEBUG#125301ff-ac10-11f1-b39f-eeee0a9ef9bb.OPERATION#flowable-async-job-executor-thread-9309#
Step "Validate Parameters" finished#
#2026 09 09 05:34:05.713#Z#DEBUG#125301ff-ac10-11f1-b39f-eeee0a9ef9bb.OPERATION#flowable-async-job-executor-thread-9310#
[DeleteRemainingFileParts] Executing task "deleteRemainingFileParts" of process "12530225-ac10-11f1-b39f-eeee0a9ef9bb"...#
#2026 09 09 05:34:05.714#Z#DEBUG#125301ff-ac10-11f1-b39f-eeee0a9ef9bb.OPERATION#flowable-async-job-executor-thread-9310#
Step "Delete Remaining File Parts" finished#
#2026 09 09 05:34:05.742#Z#DEBUG#125301ff-ac10-11f1-b39f-eeee0a9ef9bb.OPERATION#flowable-async-job-executor-thread-9311#
[XS2ProcessMtaArchiveStep] Executing task "processArchiveTask" of process "12530225-ac10-11f1-b39f-eeee0a9ef9bb"...#
#2026 09 09 05:34:05.742#Z#DEBUG#125301ff-ac10-11f1-b39f-eeee0a9ef9bb.OPERATION#flowable-async-job-executor-thread-9311#
[XS2ProcessMtaArchiveStep] Processing MTA archive...#
#2026 09 09 05:34:05.742#Z#DEBUG#125301ff-ac10-11f1-b39f-eeee0a9ef9bb.OPERATION#flowable-async-job-executor-thread-9311#
[XS2ProcessMtaArchiveStep] MTA Archive ID: d87c6899-b32d-4359-a9c1-0476c1205a56#
#2026 09 09 05:34:06.092#Z#DEBUG#125301ff-ac10-11f1-b39f-eeee0a9ef9bb.OPERATION#flowable-async-job-executor-thread-9311#
[XS2ProcessMtaArchiveStep] MTA Descriptor length: 2,214#
#2026 09 09 05:34:06.092#Z#DEBUG#125301ff-ac10-11f1-b39f-eeee0a9ef9bb.OPERATION#flowable-async-job-executor-thread-9311#
[XS2ProcessMtaArchiveStep] MTA Archive Modules: [Insurance_claim_management, Insurance_claim_management-db-deployer, Insurance_claim_management-srv]#
#2026 09 09 05:34:06.093#Z#DEBUG#125301ff-ac10-11f1-b39f-eeee0a9ef9bb.OPERATION#flowable-async-job-executor-thread-9311#
[XS2ProcessMtaArchiveStep] MTA Archive Requires: []#
#2026 09 09 05:34:06.093#Z#DEBUG#125301ff-ac10-11f1-b39f-eeee0a9ef9bb.OPERATION#flowable-async-job-executor-thread-9311#
[XS2ProcessMtaArchiveStep] MTA Archive Resources: [Insurance_claim_management-auth]#
#2026 09 09 05:34:06.101#Z#DEBUG#125301ff-ac10-11f1-b39f-eeee0a9ef9bb.OPERATION#flowable-async-job-executor-thread-9311#
[XS2ProcessMtaArchiveStep] MTA archive processed#
#2026 09 09 05:34:06.101#Z#DEBUG#125301ff-ac10-11f1-b39f-eeee0a9ef9bb.OPERATION#flowable-async-job-executor-thread-9311#
Step "Process Archive" finished#
#2026 09 09 05:34:06.136#Z#DEBUG#125301ff-ac10-11f1-b39f-eeee0a9ef9bb.OPERATION#flowable-async-job-executor-thread-9312#
[ProcessMtaExtensionDescriptorsStep] Executing task "processExtensionDescriptorsTask" of process "12530225-ac10-11f1-b39f-eeee0a9ef9bb"...#
#2026 09 09 05:34:06.136#Z#DEBUG#125301ff-ac10-11f1-b39f-eeee0a9ef9bb.OPERATION#flowable-async-job-executor-thread-9312#
[ProcessMtaExtensionDescriptorsStep] Processing MTA extension descriptors...#
#2026 09 09 05:34:06.138#Z#DEBUG#125301ff-ac10-11f1-b39f-eeee0a9ef9bb.OPERATION#flowable-async-job-executor-thread-9312#
[ProcessMtaExtensionDescriptorsStep] Provided extension descriptors: [ ]#
#2026 09 09 05:34:06.138#Z#DEBUG#125301ff-ac10-11f1-b39f-eeee0a9ef9bb.OPERATION#flowable-async-job-executor-thread-9312#
[ProcessMtaExtensionDescriptorsStep] No extension descriptors in use#
#2026 09 09 05:34:06.138#Z#DEBUG#125301ff-ac10-11f1-b39f-eeee0a9ef9bb.OPERATION#flowable-async-job-executor-thread-9312#
[ProcessMtaExtensionDescriptorsStep] MTA extension descriptors processed#
#2026 09 09 05:34:06.138#Z#DEBUG#125301ff-ac10-11f1-b39f-eeee0a9ef9bb.OPERATION#flowable-async-job-executor-thread-9312#
Step "Process Extension Descriptors" finished#
#2026 09 09 05:34:06.167#Z#DEBUG#125301ff-ac10-11f1-b39f-eeee0a9ef9bb.OPERATION#flowable-async-job-executor-thread-9313#
[XS2DetectMtaSchemaVersionStep] Executing task "detectSchemaVersionTask" of process "12530225-ac10-11f1-b39f-eeee0a9ef9bb"...#
#2026 09 09 05:34:06.167#Z#DEBUG#125301ff-ac10-11f1-b39f-eeee0a9ef9bb.OPERATION#flowable-async-job-executor-thread-9313#
[XS2DetectMtaSchemaVersionStep] Detecting MTA major schema version...#
#2026 09 09 05:34:06.169#Z#INFO#125301ff-ac10-11f1-b39f-eeee0a9ef9bb.OPERATION#flowable-async-job-executor-thread-9313#
[XS2DetectMtaSchemaVersionStep] Detected MTA schema version: "3"#
#2026 09 09 05:34:06.174#Z#DEBUG#125301ff-ac10-11f1-b39f-eeee0a9ef9bb.OPERATION#flowable-async-job-executor-thread-9313#
Step "Detect Schema Version" finished#
#2026 09 09 05:34:06.201#Z#DEBUG#125301ff-ac10-11f1-b39f-eeee0a9ef9bb.OPERATION#flowable-async-job-executor-thread-9314#
[MergeDescriptorsStep] Executing task "mergeDescriptorsTask" of process "12530225-ac10-11f1-b39f-eeee0a9ef9bb"...#
#2026 09 09 05:34:06.202#Z#DEBUG#125301ff-ac10-11f1-b39f-eeee0a9ef9bb.OPERATION#flowable-async-job-executor-thread-9314#
[MergeDescriptorsStep] Validating and merging descriptors...#
#2026 09 09 05:34:06.205#Z#DEBUG#125301ff-ac10-11f1-b39f-eeee0a9ef9bb.OPERATION#flowable-async-job-executor-thread-9314#
[MergeDescriptorsStep] Merged deployment descriptor: {
  "majorSchemaVersion" : 3,
  "schemaVersion" : "3.3.0",
  "id" : "Insurance_claim_management",
  "version" : "1.0.0",
  "modules" : [ {
    "majorSchemaVersion" : 3,
    "name" : "Insurance_claim_management-srv",
    "type" : "javascript.nodejs",
    "path" : "Insurance_claim_management-srv",
    "properties" : { },
    "parameters" : {
      "buildpack" : "nodejs_buildpack",
      "instances" : 1
    },
    "requiredDependencies" : [ {
      "majorSchemaVersion" : 3,
      "name" : "********",
      "properties" : { },
      "parameters" : { },
      "propertiesMetadata" : {
        "metadata" : { }
      },
      "parametersMetadata" : {
        "metadata" : { }
      }
    }, {
      "majorSchemaVersion" : 3,
      "name" : "Insurance_claim_management-db",
      "properties" : { },
      "parameters" : { },
      "propertiesMetadata" : {
        "metadata" : { }
      },
      "parametersMetadata" : {
        "metadata" : { }
      }
    }, {
      "majorSchemaVersion" : 3,
      "name" : "Insurance_claim_management-destination",
      "properties" : { },
      "parameters" : { },
      "propertiesMetadata" : {
        "metadata" : { }
      },
      "parametersMetadata" : {
        "metadata" : { }
      }
    } ],
    "providedDependencies" : [ {
      "majorSchemaVersion" : 3,
      "name" : "srv-api",
      "isPublic" : false,
      "properties" : {
        "srv-url" : "${default-url}"
      },
      "parameters" : { },
      "propertiesMetadata" : {
        "metadata" : { }
      },
      "parametersMetadata" : {
        "metadata" : { }
      }
    }, {
      "majorSchemaVersion" : 3,
      "name" : "Insurance_claim_management-srv",
      "isPublic" : false,
      "properties" : { },
      "parameters" : { },
      "propertiesMetadata" : {
        "metadata" : { }
      },
      "parametersMetadata" : {
        "metadata" : { }
      }
    } ],
    "propertiesMetadata" : {
      "metadata" : { }
    },
    "parametersMetadata" : {
      "metadata" : { }
    },
    "hooks" : [ ]
  }, {
    "majorSchemaVersion" : 3,
    "name" : "Insurance_claim_management-db-deployer",
    "type" : "com.sap.xs.hdi",
    "path" : "Insurance_claim_management-db-deployer",
    "properties" : {
      "EXIT" : 1
    },
    "parameters" : {
      "memory" : "256M",
      "buildpack" : "nodejs_buildpack",
      "no-route" : true,
      "dependency-type" : "hard",
      "tasks" : [ {
        "name" : "deploy",
        "memory" : "256M",
        "command" : "npm start"
      } ],
      "no-start" : true
    },
    "requiredDependencies" : [ {
      "majorSchemaVersion" : 3,
      "name" : "Insurance_claim_management-db",
      "properties" : { },
      "parameters" : { },
      "propertiesMetadata" : {
        "metadata" : { }
      },
      "parametersMetadata" : {
        "metadata" : { }
      }
    } ],
    "providedDependencies" : [ {
      "majorSchemaVersion" : 3,
      "name" : "Insurance_claim_management-db-deployer",
      "isPublic" : false,
      "properties" : { },
      "parameters" : { },
      "propertiesMetadata" : {
        "metadata" : { }
      },
      "parametersMetadata" : {
        "metadata" : { }
      }
    } ],
    "propertiesMetadata" : {
      "metadata" : { }
    },
    "parametersMetadata" : {
      "metadata" : { }
    },
    "hooks" : [ ]
  }, {
    "majorSchemaVersion" : 3,
    "name" : "Insurance_claim_management",
    "type" : "javascript.nodejs",
    "path" : "Insurance_claim_management",
    "properties" : { },
    "parameters" : {
      "disk-quota" : "256M",
      "keep-existing-routes" : true,
      "memory" : "256M"
    },
    "requiredDependencies" : [ {
      "majorSchemaVersion" : 3,
      "name" : "srv-api",
      "group" : "destinations",
      "properties" : {
        "name" : "srv-api",
        "forwardAuthToken" : "********",
        "url" : "~{srv-url}"
      },
      "parameters" : { },
      "propertiesMetadata" : {
        "metadata" : { }
      },
      "parametersMetadata" : {
        "metadata" : { }
      }
    }, {
      "majorSchemaVersion" : 3,
      "name" : "********",
      "properties" : { },
      "parameters" : { },
      "propertiesMetadata" : {
        "metadata" : { }
      },
      "parametersMetadata" : {
        "metadata" : { }
      }
    } ],
    "providedDependencies" : [ {
      "majorSchemaVersion" : 3,
      "name" : "app-api",
      "isPublic" : false,
      "properties" : {
        "app-protocol" : "${protocol}",
        "app-uri" : "${default-uri}"
      },
      "parameters" : { },
      "propertiesMetadata" : {
        "metadata" : { }
      },
      "parametersMetadata" : {
        "metadata" : { }
      }
    }, {
      "majorSchemaVersion" : 3,
      "name" : "Insurance_claim_management",
      "isPublic" : false,
      "properties" : { },
      "parameters" : { },
      "propertiesMetadata" : {
        "metadata" : { }
      },
      "parametersMetadata" : {
        "metadata" : { }
      }
    } ],
    "propertiesMetadata" : {
      "metadata" : { }
    },
    "parametersMetadata" : {
      "metadata" : { }
    },
    "hooks" : [ ]
  } ],
  "resources" : [ {
    "majorSchemaVersion" : 3,
    "name" : "********",
    "type" : "org.cloudfoundry.managed-service",
    "properties" : { },
    "parameters" : {
      "path" : "./xs-security.json",
      "service-plan" : "application",
      "type" : "managed-service",
      "config" : {
        "oauth2-configuration" : "********",
        "tenant-mode" : "dedicated",
        "xsappname" : "Insurance_claim_management-${org}-${space}"
      },
      "service" : "xsuaa"
    },
    "isActive" : true,
    "isOptional" : false,
    "propertiesMetadata" : {
      "metadata" : { }
    },
    "parametersMetadata" : {
      "metadata" : { }
    },
    "requiredDependencies" : [ {
      "majorSchemaVersion" : 3,
      "name" : "app-api",
      "properties" : { },
      "parameters" : { },
      "propertiesMetadata" : {
        "metadata" : { }
      },
      "parametersMetadata" : {
        "metadata" : { }
      }
    } ],
    "processedAfter" : [ ]
  }, {
    "majorSchemaVersion" : 3,
    "name" : "Insurance_claim_management-db",
    "type" : "com.sap.xs.hdi-container",
    "properties" : { },
    "parameters" : {
      "type" : "managed-service",
      "service" : "hana",
      "service-plan" : "hdi-shared"
    },
    "isActive" : true,
    "isOptional" : false,
    "propertiesMetadata" : {
      "metadata" : { }
    },
    "parametersMetadata" : {
      "metadata" : { }
    },
    "requiredDependencies" : [ ],
    "processedAfter" : [ ]
  }, {
    "majorSchemaVersion" : 3,
    "name" : "Insurance_claim_management-destination",
    "type" : "org.cloudfoundry.managed-service",
    "properties" : { },
    "parameters" : {
      "type" : "managed-service",
      "service" : "destination",
      "service-plan" : "lite"
    },
    "isActive" : true,
    "isOptional" : false,
    "propertiesMetadata" : {
      "metadata" : { }
    },
    "parametersMetadata" : {
      "metadata" : { }
    },
    "requiredDependencies" : [ ],
    "processedAfter" : [ ]
  } ],
  "parameters" : {
    "enable-parallel-deployments" : true
  },
  "parametersMetadata" : {
    "metadata" : { }
  }
}#
#2026 09 09 05:34:06.207#Z#DEBUG#125301ff-ac10-11f1-b39f-eeee0a9ef9bb.OPERATION#flowable-async-job-executor-thread-9314#
[MergeDescriptorsStep] Descriptors validated and merged#
#2026 09 09 05:34:06.207#Z#DEBUG#125301ff-ac10-11f1-b39f-eeee0a9ef9bb.OPERATION#flowable-async-job-executor-thread-9314#
Step "Merge Descriptors" finished#
#2026 09 09 05:34:06.240#Z#DEBUG#125301ff-ac10-11f1-b39f-eeee0a9ef9bb.OPERATION#flowable-async-job-executor-thread-9315#
[CollectCloudLoggingServiceParametersStep] Executing task "sid-9C5714DF-CEC8-4019-8873-CBBA99AC459A" of process "12530225-ac10-11f1-b39f-eeee0a9ef9bb"...#
#2026 09 09 05:34:06.243#Z#DEBUG#125301ff-ac10-11f1-b39f-eeee0a9ef9bb.OPERATION#flowable-async-job-executor-thread-9315#
Step "Collect Cloud Logging Service Parameters" finished#
#2026 09 09 05:34:06.268#Z#DEBUG#125301ff-ac10-11f1-b39f-eeee0a9ef9bb.OPERATION#flowable-async-job-executor-thread-9316#
[DetectDeployedMtaStep] Executing task "detectDeployedMtaTask" of process "12530225-ac10-11f1-b39f-eeee0a9ef9bb"...#
#2026 09 09 05:34:06.269#Z#DEBUG#125301ff-ac10-11f1-b39f-eeee0a9ef9bb.OPERATION#flowable-async-job-executor-thread-9316#
[DetectDeployedMtaStep] Detecting deployed MTA...#
#2026 09 09 05:34:06.351#Z#DEBUG#125301ff-ac10-11f1-b39f-eeee0a9ef9bb.OPERATION#flowable-async-job-executor-thread-9316#
[DetectDeployedMtaStep] Detecting MTA by id Insurance_claim_management and namespace null#
#2026 09 09 05:34:06.352#Z#DEBUG#125301ff-ac10-11f1-b39f-eeee0a9ef9bb.OPERATION#flowable-async-job-executor-thread-9316#
[DetectDeployedMtaStep] Getting applications by metadata label selector "mta_id=c7e962098a21159a313bcca2ffc9fcf3,!mta_namespace"...#
#2026 09 09 05:34:06.395#Z#DEBUG#125301ff-ac10-11f1-b39f-eeee0a9ef9bb.OPERATION#flowable-async-job-executor-thread-9316#
[DetectDeployedMtaStep] Getting service instances by metadata label selector "mta_id=c7e962098a21159a313bcca2ffc9fcf3,!mta_namespace"...#
#2026 09 09 05:34:06.523#Z#DEBUG#125301ff-ac10-11f1-b39f-eeee0a9ef9bb.OPERATION#flowable-async-job-executor-thread-9316#
[DetectDeployedMtaStep] Deployed MTA: {
  "metadata" : {
    "id" : "Insurance_claim_management",
    "version" : "1.0.0"
  },
  "applications" : [ {
    "name" : "Insurance_claim_management-srv",
    "metadata" : {
      "guid" : "36814cef-ef5f-4c60-bb5c-9a0d13b8c81b",
      "createdAt" : [ 2026, 9, 2, 9, 0, 47 ],
      "updatedAt" : [ 2026, 9, 9, 4, 18, 53 ]
    },
    "v3Metadata" : {
      "annotations" : {
        "mta_id" : "Insurance_claim_management",
        "mta_version" : "1.0.0",
        "mta_module" : "{\"name\":\"Insurance_claim_management-srv\"}",
        "mta_module_provided_dependencies" : "[]",
        "mta_bound_services" : "********"
      },
      "labels" : {
        "mta_id" : "c7e962098a21159a313bcca2ffc9fcf3"
      }
    },
    "state" : "STARTED",
    "lifecycle" : {
      "type" : "BUILDPACK",
      "data" : {
        "buildpacks" : [ "nodejs_buildpack" ],
        "stack" : "cflinuxfs4"
      }
    },
    "space" : {
      "name" : "dev",
      "metadata" : {
        "guid" : "7e49670e-3a44-466e-ab78-1909884ded4e",
        "createdAt" : [ 2026, 6, 17, 6, 50, 38 ],
        "updatedAt" : [ 2026, 6, 17, 6, 50, 38 ]
      },
      "organization" : {
        "name" : "547c31aatrial",
        "metadata" : {
          "guid" : "a8788203-b551-47eb-923a-7c205db28329",
          "createdAt" : [ 2026, 6, 17, 6, 50, 36 ],
          "updatedAt" : [ 2026, 8, 27, 7, 53, 54 ]
        }
      }
    },
    "moduleName" : "Insurance_claim_management-srv",
    "boundMtaServices" : [ "********", "Insurance_claim_management-db", "Insurance_claim_management-destination" ],
    "providedDependencyNames" : [ ],
    "productizationState" : "LIVE"
  }, {
    "name" : "Insurance_claim_management-db-deployer",
    "metadata" : {
      "guid" : "34352468-b085-4729-8d97-bdb72238eaed",
      "createdAt" : [ 2026, 9, 2, 9, 0, 47 ],
      "updatedAt" : [ 2026, 9, 8, 12, 34, 42 ]
    },
    "v3Metadata" : {
      "annotations" : {
        "mta_id" : "Insurance_claim_management",
        "mta_version" : "1.0.0",
        "mta_module" : "{\"name\":\"Insurance_claim_management-db-deployer\"}",
        "mta_module_provided_dependencies" : "[]",
        "mta_bound_services" : "[\"Insurance_claim_management-db\"]"
      },
      "labels" : {
        "mta_id" : "c7e962098a21159a313bcca2ffc9fcf3"
      }
    },
    "state" : "STOPPED",
    "lifecycle" : {
      "type" : "BUILDPACK",
      "data" : {
        "buildpacks" : [ "nodejs_buildpack" ],
        "stack" : "cflinuxfs4"
      }
    },
    "space" : {
      "name" : "dev",
      "metadata" : {
        "guid" : "7e49670e-3a44-466e-ab78-1909884ded4e",
        "createdAt" : [ 2026, 6, 17, 6, 50, 38 ],
        "updatedAt" : [ 2026, 6, 17, 6, 50, 38 ]
      },
      "organization" : {
        "name" : "547c31aatrial",
        "metadata" : {
          "guid" : "a8788203-b551-47eb-923a-7c205db28329",
          "createdAt" : [ 2026, 6, 17, 6, 50, 36 ],
          "updatedAt" : [ 2026, 8, 27, 7, 53, 54 ]
        }
      }
    },
    "moduleName" : "Insurance_claim_management-db-deployer",
    "boundMtaServices" : [ "Insurance_claim_management-db" ],
    "providedDependencyNames" : [ ],
    "productizationState" : "LIVE"
  }, {
    "name" : "Insurance_claim_management",
    "metadata" : {
      "guid" : "ee8268c6-5ffd-425a-b49a-ee1e2c76f442",
      "createdAt" : [ 2026, 9, 3, 9, 21, 21 ],
      "updatedAt" : [ 2026, 9, 9, 4, 18, 55 ]
    },
    "v3Metadata" : {
      "annotations" : {
        "mta_id" : "Insurance_claim_management",
        "mta_version" : "1.0.0",
        "mta_module" : "{\"name\":\"Insurance_claim_management\"}",
        "mta_module_provided_dependencies" : "[]",
        "mta_bound_services" : "********"
      },
      "labels" : {
        "mta_id" : "c7e962098a21159a313bcca2ffc9fcf3"
      }
    },
    "state" : "STARTED",
    "lifecycle" : {
      "type" : "BUILDPACK",
      "data" : {
        "buildpacks" : [ ],
        "stack" : "cflinuxfs4"
      }
    },
    "space" : {
      "name" : "dev",
      "metadata" : {
        "guid" : "7e49670e-3a44-466e-ab78-1909884ded4e",
        "createdAt" : [ 2026, 6, 17, 6, 50, 38 ],
        "updatedAt" : [ 2026, 6, 17, 6, 50, 38 ]
      },
      "organization" : {
        "name" : "547c31aatrial",
        "metadata" : {
          "guid" : "a8788203-b551-47eb-923a-7c205db28329",
          "createdAt" : [ 2026, 6, 17, 6, 50, 36 ],
          "updatedAt" : [ 2026, 8, 27, 7, 53, 54 ]
        }
      }
    },
    "moduleName" : "Insurance_claim_management",
    "boundMtaServices" : [ "********" ],
    "providedDependencyNames" : [ ],
    "productizationState" : "LIVE"
  } ],
  "services" : [ {
    "name" : "Insurance_claim_management-db",
    "metadata" : {
      "guid" : "40ada052-98ad-422f-b7ab-f78e2b93250f",
      "createdAt" : [ 2026, 8, 31, 12, 20, 35 ],
      "updatedAt" : [ 2026, 9, 2, 9, 0, 29 ]
    },
    "v3Metadata" : {
      "annotations" : {
        "mta_id" : "Insurance_claim_management",
        "mta_version" : "1.0.0",
        "mta_resource" : "{\"name\":\"Insurance_claim_management-db\"}"
      },
      "labels" : {
        "mta_id" : "c7e962098a21159a313bcca2ffc9fcf3"
      }
    },
    "label" : "hana",
    "plan" : "hdi-shared",
    "credentials" : "********",
    "tags" : [ ],
    "type" : "managed",
    "lastOperation" : {
      "type" : "UPDATE",
      "state" : "SUCCEEDED"
    },
    "resourceName" : "Insurance_claim_management-db"
  }, {
    "name" : "********",
    "metadata" : {
      "guid" : "e5e70aef-e707-4a06-b058-4925e1315219",
      "createdAt" : [ 2026, 9, 3, 9, 21, 7 ],
      "updatedAt" : [ 2026, 9, 3, 9, 21, 8 ]
    },
    "v3Metadata" : {
      "annotations" : {
        "mta_id" : "Insurance_claim_management",
        "mta_version" : "1.0.0",
        "mta_resource" : "********"
      },
      "labels" : {
        "mta_id" : "c7e962098a21159a313bcca2ffc9fcf3"
      }
    },
    "label" : "xsuaa",
    "plan" : "application",
    "credentials" : "********",
    "tags" : [ ],
    "type" : "managed",
    "lastOperation" : {
      "type" : "UPDATE",
      "description" : "",
      "state" : "SUCCEEDED"
    },
    "resourceName" : "********"
  }, {
    "name" : "Insurance_claim_management-destination",
    "metadata" : {
      "guid" : "601dcd33-7662-4420-a480-0a8673eee5ce",
      "createdAt" : [ 2026, 9, 3, 10, 14, 36 ],
      "updatedAt" : [ 2026, 9, 3, 10, 14, 37 ]
    },
    "v3Metadata" : {
      "annotations" : {
        "mta_id" : "Insurance_claim_management",
        "mta_version" : "1.0.0",
        "mta_resource" : "{\"name\":\"Insurance_claim_management-destination\"}"
      },
      "labels" : {
        "mta_id" : "c7e962098a21159a313bcca2ffc9fcf3"
      }
    },
    "label" : "destination",
    "plan" : "lite",
    "credentials" : "********",
    "tags" : [ ],
    "type" : "managed",
    "lastOperation" : {
      "type" : "CREATE",
      "description" : "",
      "state" : "SUCCEEDED"
    },
    "resourceName" : "Insurance_claim_management-destination"
  } ]
}#
#2026 09 09 05:34:06.523#Z#INFO#125301ff-ac10-11f1-b39f-eeee0a9ef9bb.OPERATION#flowable-async-job-executor-thread-9316#
[DetectDeployedMtaStep] Detected deployed MTA with ID "Insurance_claim_management" and version "1.0.0"#
#2026 09 09 05:34:06.528#Z#DEBUG#125301ff-ac10-11f1-b39f-eeee0a9ef9bb.OPERATION#flowable-async-job-executor-thread-9316#
[DetectDeployedMtaStep] Detecting backup mta by id "Insurance_claim_management" and namespace "null"#
#2026 09 09 05:34:06.528#Z#DEBUG#125301ff-ac10-11f1-b39f-eeee0a9ef9bb.OPERATION#flowable-async-job-executor-thread-9316#
[DetectDeployedMtaStep] Getting applications by metadata label selector "mta_id=c7e962098a21159a313bcca2ffc9fcf3,mta_namespace=b698114a0995e936895b9598a6c19a2c"...#
#2026 09 09 05:34:06.554#Z#DEBUG#125301ff-ac10-11f1-b39f-eeee0a9ef9bb.OPERATION#flowable-async-job-executor-thread-9316#
[DetectDeployedMtaStep] Getting service instances by metadata label selector "mta_id=c7e962098a21159a313bcca2ffc9fcf3,mta_namespace=b698114a0995e936895b9598a6c19a2c"...#
#2026 09 09 05:34:06.611#Z#DEBUG#125301ff-ac10-11f1-b39f-eeee0a9ef9bb.OPERATION#flowable-async-job-executor-thread-9316#
[DetectDeployedMtaStep] Deployed MTA service keys: [ ]#
#2026 09 09 05:34:06.611#Z#DEBUG#125301ff-ac10-11f1-b39f-eeee0a9ef9bb.OPERATION#flowable-async-job-executor-thread-9316#
Step "Detect Deployed MTA" finished#
#2026 09 09 05:34:06.642#Z#DEBUG#125301ff-ac10-11f1-b39f-eeee0a9ef9bb.OPERATION#flowable-async-job-executor-thread-9316#
[XS2CollectSystemParametersStep] Executing task "collectSystemParametersTask" of process "12530225-ac10-11f1-b39f-eeee0a9ef9bb"...#
#2026 09 09 05:34:06.643#Z#DEBUG#125301ff-ac10-11f1-b39f-eeee0a9ef9bb.OPERATION#flowable-async-job-executor-thread-9316#
[XS2CollectSystemParametersStep] Collecting system parameters...#
#2026 09 09 05:34:06.643#Z#DEBUG#125301ff-ac10-11f1-b39f-eeee0a9ef9bb.OPERATION#flowable-async-job-executor-thread-9316#
[XS2CollectSystemParametersStep] Getting default domain...#
#2026 09 09 05:34:06.662#Z#DEBUG#125301ff-ac10-11f1-b39f-eeee0a9ef9bb.OPERATION#flowable-async-job-executor-thread-9316#
[XS2CollectSystemParametersStep] Default domain: cfapps.us10-001.hana.ondemand.com#
#2026 09 09 05:34:06.664#Z#DEBUG#125301ff-ac10-11f1-b39f-eeee0a9ef9bb.OPERATION#flowable-async-job-executor-thread-9316#
[XS2CollectSystemParametersStep] Checking for overwriting read-only parameters for mta with id: "Insurance_claim_management"#
#2026 09 09 05:34:06.664#Z#DEBUG#125301ff-ac10-11f1-b39f-eeee0a9ef9bb.OPERATION#flowable-async-job-executor-thread-9316#
[XS2CollectSystemParametersStep] No read-only parameters are overwritten#
#2026 09 09 05:34:06.676#Z#DEBUG#125301ff-ac10-11f1-b39f-eeee0a9ef9bb.OPERATION#flowable-async-job-executor-thread-9316#
[XS2CollectSystemParametersStep] Descriptor with system parameters: {
  "majorSchemaVersion" : 3,
  "schemaVersion" : "3.3.0",
  "id" : "Insurance_claim_management",
  "version" : "1.0.0",
  "modules" : [ {
    "majorSchemaVersion" : 3,
    "name" : "Insurance_claim_management-srv",
    "type" : "javascript.nodejs",
    "path" : "Insurance_claim_management-srv",
    "properties" : { },
    "parameters" : {
      "default-url" : "${protocol}://${default-uri}",
      "default-app-name" : "Insurance_claim_management-srv",
      "generated-password" : "********",
      "default-live-url" : "${protocol}://${default-live-uri}",
      "default-uri" : "${host}.${domain}",
      "default-instances" : 1,
      "default-live-host" : "547c31aatrial-dev-insurance-claim-management-srv",
      "instances" : 1,
      "buildpack" : "nodejs_buildpack",
      "default-host" : "547c31aatrial-dev-insurance-claim-management-srv",
      "app-name" : "${default-app-name}",
      "default-live-uri" : "547c31aatrial-dev-insurance-claim-management-srv.${domain}",
      "protocol" : "https",
      "default-live-app-name" : "Insurance_claim_management-srv",
      "default-live-domain" : "cfapps.us10-001.hana.ondemand.com",
      "domain" : "${default-domain}",
      "host" : "${default-host}",
      "generated-user" : "********"
    },
    "requiredDependencies" : [ {
      "majorSchemaVersion" : 3,
      "name" : "********",
      "properties" : { },
      "parameters" : { },
      "propertiesMetadata" : {
        "metadata" : { }
      },
      "parametersMetadata" : {
        "metadata" : { }
      }
    }, {
      "majorSchemaVersion" : 3,
      "name" : "Insurance_claim_management-db",
      "properties" : { },
      "parameters" : { },
      "propertiesMetadata" : {
        "metadata" : { }
      },
      "parametersMetadata" : {
        "metadata" : { }
      }
    }, {
      "majorSchemaVersion" : 3,
      "name" : "Insurance_claim_management-destination",
      "properties" : { },
      "parameters" : { },
      "propertiesMetadata" : {
        "metadata" : { }
      },
      "parametersMetadata" : {
        "metadata" : { }
      }
    } ],
    "providedDependencies" : [ {
      "majorSchemaVersion" : 3,
      "name" : "srv-api",
      "isPublic" : false,
      "properties" : {
        "srv-url" : "${default-url}"
      },
      "parameters" : { },
      "propertiesMetadata" : {
        "metadata" : { }
      },
      "parametersMetadata" : {
        "metadata" : { }
      }
    }, {
      "majorSchemaVersion" : 3,
      "name" : "Insurance_claim_management-srv",
      "isPublic" : false,
      "properties" : { },
      "parameters" : { },
      "propertiesMetadata" : {
        "metadata" : { }
      },
      "parametersMetadata" : {
        "metadata" : { }
      }
    } ],
    "propertiesMetadata" : {
      "metadata" : { }
    },
    "parametersMetadata" : {
      "metadata" : { }
    },
    "hooks" : [ ]
  }, {
    "majorSchemaVersion" : 3,
    "name" : "Insurance_claim_management-db-deployer",
    "type" : "com.sap.xs.hdi",
    "path" : "Insurance_claim_management-db-deployer",
    "properties" : {
      "EXIT" : 1
    },
    "parameters" : {
      "default-url" : "${protocol}://${default-uri}",
      "default-app-name" : "Insurance_claim_management-db-deployer",
      "generated-password" : "********",
      "default-live-url" : "${protocol}://${default-live-uri}",
      "default-uri" : "${host}.${domain}",
      "memory" : "256M",
      "default-instances" : 1,
      "no-route" : true,
      "default-live-host" : "547c31aatrial-dev-insurance-claim-management-db-deployer",
      "instances" : "${default-instances}",
      "buildpack" : "nodejs_buildpack",
      "default-host" : "547c31aatrial-dev-insurance-claim-management-db-deployer",
      "app-name" : "${default-app-name}",
      "default-live-uri" : "547c31aatrial-dev-insurance-claim-management-db-deployer.${domain}",
      "protocol" : "https",
      "default-live-app-name" : "Insurance_claim_management-db-deployer",
      "default-live-domain" : "cfapps.us10-001.hana.ondemand.com",
      "dependency-type" : "hard",
      "domain" : "${default-domain}",
      "host" : "${default-host}",
      "generated-user" : "********",
      "tasks" : [ {
        "name" : "deploy",
        "memory" : "256M",
        "command" : "npm start"
      } ],
      "no-start" : true
    },
    "requiredDependencies" : [ {
      "majorSchemaVersion" : 3,
      "name" : "Insurance_claim_management-db",
      "properties" : { },
      "parameters" : { },
      "propertiesMetadata" : {
        "metadata" : { }
      },
      "parametersMetadata" : {
        "metadata" : { }
      }
    } ],
    "providedDependencies" : [ {
      "majorSchemaVersion" : 3,
      "name" : "Insurance_claim_management-db-deployer",
      "isPublic" : false,
      "properties" : { },
      "parameters" : { },
      "propertiesMetadata" : {
        "metadata" : { }
      },
      "parametersMetadata" : {
        "metadata" : { }
      }
    } ],
    "propertiesMetadata" : {
      "metadata" : { }
    },
    "parametersMetadata" : {
      "metadata" : { }
    },
    "hooks" : [ ]
  }, {
    "majorSchemaVersion" : 3,
    "name" : "Insurance_claim_management",
    "type" : "javascript.nodejs",
    "path" : "Insurance_claim_management",
    "properties" : { },
    "parameters" : {
      "default-url" : "${protocol}://${default-uri}",
      "default-app-name" : "Insurance_claim_management",
      "generated-password" : "********",
      "default-live-url" : "${protocol}://${default-live-uri}",
      "default-uri" : "${host}.${domain}",
      "memory" : "256M",
      "default-instances" : 1,
      "default-live-host" : "547c31aatrial-dev-insurance-claim-management",
      "instances" : "${default-instances}",
      "default-host" : "547c31aatrial-dev-insurance-claim-management",
      "keep-existing-routes" : true,
      "app-name" : "${default-app-name}",
      "default-live-uri" : "547c31aatrial-dev-insurance-claim-management.${domain}",
      "protocol" : "https",
      "default-live-app-name" : "Insurance_claim_management",
      "default-live-domain" : "cfapps.us10-001.hana.ondemand.com",
      "disk-quota" : "256M",
      "domain" : "${default-domain}",
      "host" : "${default-host}",
      "generated-user" : "********"
    },
    "requiredDependencies" : [ {
      "majorSchemaVersion" : 3,
      "name" : "srv-api",
      "group" : "destinations",
      "properties" : {
        "name" : "srv-api",
        "forwardAuthToken" : "********",
        "url" : "~{srv-url}"
      },
      "parameters" : { },
      "propertiesMetadata" : {
        "metadata" : { }
      },
      "parametersMetadata" : {
        "metadata" : { }
      }
    }, {
      "majorSchemaVersion" : 3,
      "name" : "********",
      "properties" : { },
      "parameters" : { },
      "propertiesMetadata" : {
        "metadata" : { }
      },
      "parametersMetadata" : {
        "metadata" : { }
      }
    } ],
    "providedDependencies" : [ {
      "majorSchemaVersion" : 3,
      "name" : "app-api",
      "isPublic" : false,
      "properties" : {
        "app-protocol" : "${protocol}",
        "app-uri" : "${default-uri}"
      },
      "parameters" : { },
      "propertiesMetadata" : {
        "metadata" : { }
      },
      "parametersMetadata" : {
        "metadata" : { }
      }
    }, {
      "majorSchemaVersion" : 3,
      "name" : "Insurance_claim_management",
      "isPublic" : false,
      "properties" : { },
      "parameters" : { },
      "propertiesMetadata" : {
        "metadata" : { }
      },
      "parametersMetadata" : {
        "metadata" : { }
      }
    } ],
    "propertiesMetadata" : {
      "metadata" : { }
    },
    "parametersMetadata" : {
      "metadata" : { }
    },
    "hooks" : [ ]
  } ],
  "resources" : [ {
    "majorSchemaVersion" : 3,
    "name" : "********",
    "type" : "org.cloudfoundry.managed-service",
    "properties" : { },
    "parameters" : {
      "generated-password" : "********",
      "path" : "./xs-security.json",
      "service-name" : "${default-service-name}",
      "service-plan" : "application",
      "service" : "xsuaa",
      "generated-user" : "********",
      "default-xsappname" : "********",
      "type" : "managed-service",
      "config" : {
        "oauth2-configuration" : "********",
        "tenant-mode" : "dedicated",
        "xsappname" : "Insurance_claim_management-${org}-${space}"
      },
      "default-service-name" : "********",
      "default-container-name" : "********"
    },
    "isActive" : true,
    "isOptional" : false,
    "propertiesMetadata" : {
      "metadata" : { }
    },
    "parametersMetadata" : {
      "metadata" : { }
    },
    "requiredDependencies" : [ {
      "majorSchemaVersion" : 3,
      "name" : "app-api",
      "properties" : { },
      "parameters" : { },
      "propertiesMetadata" : {
        "metadata" : { }
      },
      "parametersMetadata" : {
        "metadata" : { }
      }
    } ],
    "processedAfter" : [ ]
  }, {
    "majorSchemaVersion" : 3,
    "name" : "Insurance_claim_management-db",
    "type" : "com.sap.xs.hdi-container",
    "properties" : { },
    "parameters" : {
      "generated-password" : "********",
      "service-name" : "${default-service-name}",
      "service-plan" : "hdi-shared",
      "service" : "hana",
      "generated-user" : "********",
      "default-xsappname" : "Insurance_claim_management-db",
      "type" : "managed-service",
      "default-service-name" : "Insurance_claim_management-db",
      "default-container-name" : "547C31AATRIAL_DEV_INSURANCE_CLAIM_MANAGEMENT_DB"
    },
    "isActive" : true,
    "isOptional" : false,
    "propertiesMetadata" : {
      "metadata" : { }
    },
    "parametersMetadata" : {
      "metadata" : { }
    },
    "requiredDependencies" : [ ],
    "processedAfter" : [ ]
  }, {
    "majorSchemaVersion" : 3,
    "name" : "Insurance_claim_management-destination",
    "type" : "org.cloudfoundry.managed-service",
    "properties" : { },
    "parameters" : {
      "generated-password" : "********",
      "service-name" : "${default-service-name}",
      "service-plan" : "lite",
      "service" : "destination",
      "generated-user" : "********",
      "default-xsappname" : "Insurance_claim_management-destination",
      "type" : "managed-service",
      "default-service-name" : "Insurance_claim_management-destination",
      "default-container-name" : "547C31AATRIAL_DEV_INSURANCE_CLAIM_MANAGEMENT_DESTINATION"
    },
    "isActive" : true,
    "isOptional" : false,
    "propertiesMetadata" : {
      "metadata" : { }
    },
    "parametersMetadata" : {
      "metadata" : { }
    },
    "requiredDependencies" : [ ],
    "processedAfter" : [ ]
  } ],
  "parameters" : {
    "mta-id" : "Insurance_claim_management",
    "authorization-url" : "********",
    "org-guid" : "a8788203-b551-47eb-923a-7c205db28329",
    "org" : "547c31aatrial",
    "deploy-target" : "547c31aatrial dev",
    "enable-parallel-deployments" : true,
    "space" : "dev",
    "xs-api-url" : "https://api.cf.us10-001.hana.ondemand.com",
    "deploy-url" : "deploy-service.cfapps.us10-001.hana.ondemand.com",
    "xs-type" : "CF",
    "default-domain" : "cfapps.us10-001.hana.ondemand.com",
    "mta-version" : "1.0.0",
    "xs-auth-url" : "********",
    "space-guid" : "7e49670e-3a44-466e-ab78-1909884ded4e",
    "user" : "********",
    "controller-url" : "https://api.cf.us10-001.hana.ondemand.com",
    "timestamp" : "20260909053405"
  },
  "parametersMetadata" : {
    "metadata" : { }
  }
}#
#2026 09 09 05:34:06.677#Z#DEBUG#125301ff-ac10-11f1-b39f-eeee0a9ef9bb.OPERATION#flowable-async-job-executor-thread-9316#
[XS2CollectSystemParametersStep] Version rule: SAME_HIGHER#
#2026 09 09 05:34:06.677#Z#INFO#125301ff-ac10-11f1-b39f-eeee0a9ef9bb.OPERATION#flowable-async-job-executor-thread-9316#
[XS2CollectSystemParametersStep] Detected new MTA version: "1.0.0"#
#2026 09 09 05:34:06.681#Z#INFO#125301ff-ac10-11f1-b39f-eeee0a9ef9bb.OPERATION#flowable-async-job-executor-thread-9316#
[XS2CollectSystemParametersStep] Deployed MTA version: "1.0.0"#
#2026 09 09 05:34:06.685#Z#DEBUG#125301ff-ac10-11f1-b39f-eeee0a9ef9bb.OPERATION#flowable-async-job-executor-thread-9316#
[XS2CollectSystemParametersStep] MTA accepted for deployment#
#2026 09 09 05:34:06.685#Z#DEBUG#125301ff-ac10-11f1-b39f-eeee0a9ef9bb.OPERATION#flowable-async-job-executor-thread-9316#
[XS2CollectSystemParametersStep] System parameters collected#
#2026 09 09 05:34:06.685#Z#DEBUG#125301ff-ac10-11f1-b39f-eeee0a9ef9bb.OPERATION#flowable-async-job-executor-thread-9316#
Step "Collect System Parameters" finished#
#2026 09 09 05:34:06.717#Z#DEBUG#125301ff-ac10-11f1-b39f-eeee0a9ef9bb.OPERATION#flowable-async-job-executor-thread-9310#
[ProcessDescriptorStep] Executing task "processDescriptorTask" of process "12530225-ac10-11f1-b39f-eeee0a9ef9bb"...#
#2026 09 09 05:34:06.718#Z#DEBUG#125301ff-ac10-11f1-b39f-eeee0a9ef9bb.OPERATION#flowable-async-job-executor-thread-9310#
[ProcessDescriptorStep] Resolving properties and parameters in merged descriptor...#
#2026 09 09 05:34:06.721#Z#DEBUG#125301ff-ac10-11f1-b39f-eeee0a9ef9bb.OPERATION#flowable-async-job-executor-thread-9310#
[ProcessDescriptorStep] Subscriptions: [ ]#
#2026 09 09 05:34:06.721#Z#DEBUG#125301ff-ac10-11f1-b39f-eeee0a9ef9bb.OPERATION#flowable-async-job-executor-thread-9310#
[ProcessDescriptorStep] MTA modules: [Insurance_claim_management, Insurance_claim_management-db-deployer, Insurance_claim_management-srv]#
#2026 09 09 05:34:06.722#Z#DEBUG#125301ff-ac10-11f1-b39f-eeee0a9ef9bb.OPERATION#flowable-async-job-executor-thread-9310#
[ProcessDescriptorStep] Resolved deployment descriptor: {
  "majorSchemaVersion" : 3,
  "schemaVersion" : "3.3.0",
  "id" : "Insurance_claim_management",
  "version" : "1.0.0",
  "modules" : [ {
    "majorSchemaVersion" : 3,
    "name" : "Insurance_claim_management-srv",
    "type" : "javascript.nodejs",
    "path" : "Insurance_claim_management-srv",
    "properties" : { },
    "parameters" : {
      "default-url" : "https://547c31aatrial-dev-insurance-claim-management-srv.cfapps.us10-001.hana.ondemand.com",
      "default-app-name" : "Insurance_claim_management-srv",
      "generated-password" : "********",
      "default-live-url" : "https://547c31aatrial-dev-insurance-claim-management-srv.cfapps.us10-001.hana.ondemand.com",
      "default-uri" : "547c31aatrial-dev-insurance-claim-management-srv.cfapps.us10-001.hana.ondemand.com",
      "default-instances" : 1,
      "default-live-host" : "547c31aatrial-dev-insurance-claim-management-srv",
      "instances" : 1,
      "buildpack" : "nodejs_buildpack",
      "default-host" : "547c31aatrial-dev-insurance-claim-management-srv",
      "app-name" : "Insurance_claim_management-srv",
      "default-live-uri" : "547c31aatrial-dev-insurance-claim-management-srv.cfapps.us10-001.hana.ondemand.com",
      "protocol" : "https",
      "default-live-app-name" : "Insurance_claim_management-srv",
      "default-live-domain" : "cfapps.us10-001.hana.ondemand.com",
      "domain" : "cfapps.us10-001.hana.ondemand.com",
      "host" : "547c31aatrial-dev-insurance-claim-management-srv",
      "generated-user" : "********"
    },
    "requiredDependencies" : [ {
      "majorSchemaVersion" : 3,
      "name" : "********",
      "properties" : { },
      "parameters" : { },
      "propertiesMetadata" : {
        "metadata" : { }
      },
      "parametersMetadata" : {
        "metadata" : { }
      }
    }, {
      "majorSchemaVersion" : 3,
      "name" : "Insurance_claim_management-db",
      "properties" : { },
      "parameters" : { },
      "propertiesMetadata" : {
        "metadata" : { }
      },
      "parametersMetadata" : {
        "metadata" : { }
      }
    }, {
      "majorSchemaVersion" : 3,
      "name" : "Insurance_claim_management-destination",
      "properties" : { },
      "parameters" : { },
      "propertiesMetadata" : {
        "metadata" : { }
      },
      "parametersMetadata" : {
        "metadata" : { }
      }
    } ],
    "providedDependencies" : [ {
      "majorSchemaVersion" : 3,
      "name" : "srv-api",
      "isPublic" : false,
      "properties" : {
        "srv-url" : "https://547c31aatrial-dev-insurance-claim-management-srv.cfapps.us10-001.hana.ondemand.com"
      },
      "parameters" : { },
      "propertiesMetadata" : {
        "metadata" : { }
      },
      "parametersMetadata" : {
        "metadata" : { }
      }
    }, {
      "majorSchemaVersion" : 3,
      "name" : "Insurance_claim_management-srv",
      "isPublic" : false,
      "properties" : { },
      "parameters" : { },
      "propertiesMetadata" : {
        "metadata" : { }
      },
      "parametersMetadata" : {
        "metadata" : { }
      }
    } ],
    "propertiesMetadata" : {
      "metadata" : { }
    },
    "parametersMetadata" : {
      "metadata" : { }
    },
    "hooks" : [ ]
  }, {
    "majorSchemaVersion" : 3,
    "name" : "Insurance_claim_management-db-deployer",
    "type" : "com.sap.xs.hdi",
    "path" : "Insurance_claim_management-db-deployer",
    "properties" : {
      "EXIT" : 1
    },
    "parameters" : {
      "default-url" : "https://547c31aatrial-dev-insurance-claim-management-db-deployer.cfapps.us10-001.hana.ondemand.com",
      "default-app-name" : "Insurance_claim_management-db-deployer",
      "generated-password" : "********",
      "default-live-url" : "https://547c31aatrial-dev-insurance-claim-management-db-deployer.cfapps.us10-001.hana.ondemand.com",
      "default-uri" : "547c31aatrial-dev-insurance-claim-management-db-deployer.cfapps.us10-001.hana.ondemand.com",
      "memory" : "256M",
      "default-instances" : 1,
      "no-route" : true,
      "default-live-host" : "547c31aatrial-dev-insurance-claim-management-db-deployer",
      "instances" : 1,
      "buildpack" : "nodejs_buildpack",
      "default-host" : "547c31aatrial-dev-insurance-claim-management-db-deployer",
      "app-name" : "Insurance_claim_management-db-deployer",
      "default-live-uri" : "547c31aatrial-dev-insurance-claim-management-db-deployer.cfapps.us10-001.hana.ondemand.com",
      "protocol" : "https",
      "default-live-app-name" : "Insurance_claim_management-db-deployer",
      "default-live-domain" : "cfapps.us10-001.hana.ondemand.com",
      "dependency-type" : "hard",
      "domain" : "cfapps.us10-001.hana.ondemand.com",
      "host" : "547c31aatrial-dev-insurance-claim-management-db-deployer",
      "generated-user" : "********",
      "tasks" : [ {
        "command" : "npm start",
        "memory" : "256M",
        "name" : "deploy"
      } ],
      "no-start" : true
    },
    "requiredDependencies" : [ {
      "majorSchemaVersion" : 3,
      "name" : "Insurance_claim_management-db",
      "properties" : { },
      "parameters" : { },
      "propertiesMetadata" : {
        "metadata" : { }
      },
      "parametersMetadata" : {
        "metadata" : { }
      }
    } ],
    "providedDependencies" : [ {
      "majorSchemaVersion" : 3,
      "name" : "Insurance_claim_management-db-deployer",
      "isPublic" : false,
      "properties" : { },
      "parameters" : { },
      "propertiesMetadata" : {
        "metadata" : { }
      },
      "parametersMetadata" : {
        "metadata" : { }
      }
    } ],
    "propertiesMetadata" : {
      "metadata" : { }
    },
    "parametersMetadata" : {
      "metadata" : { }
    },
    "hooks" : [ ]
  }, {
    "majorSchemaVersion" : 3,
    "name" : "Insurance_claim_management",
    "type" : "javascript.nodejs",
    "path" : "Insurance_claim_management",
    "properties" : { },
    "parameters" : {
      "default-url" : "https://547c31aatrial-dev-insurance-claim-management.cfapps.us10-001.hana.ondemand.com",
      "default-app-name" : "Insurance_claim_management",
      "generated-password" : "********",
      "default-live-url" : "https://547c31aatrial-dev-insurance-claim-management.cfapps.us10-001.hana.ondemand.com",
      "default-uri" : "547c31aatrial-dev-insurance-claim-management.cfapps.us10-001.hana.ondemand.com",
      "memory" : "256M",
      "default-instances" : 1,
      "default-live-host" : "547c31aatrial-dev-insurance-claim-management",
      "instances" : 1,
      "default-host" : "547c31aatrial-dev-insurance-claim-management",
      "keep-existing-routes" : true,
      "app-name" : "Insurance_claim_management",
      "default-live-uri" : "547c31aatrial-dev-insurance-claim-management.cfapps.us10-001.hana.ondemand.com",
      "protocol" : "https",
      "default-live-app-name" : "Insurance_claim_management",
      "default-live-domain" : "cfapps.us10-001.hana.ondemand.com",
      "disk-quota" : "256M",
      "domain" : "cfapps.us10-001.hana.ondemand.com",
      "host" : "547c31aatrial-dev-insurance-claim-management",
      "generated-user" : "********"
    },
    "requiredDependencies" : [ {
      "majorSchemaVersion" : 3,
      "name" : "srv-api",
      "group" : "destinations",
      "properties" : {
        "name" : "srv-api",
        "forwardAuthToken" : "********",
        "url" : "https://547c31aatrial-dev-insurance-claim-management-srv.cfapps.us10-001.hana.ondemand.com"
      },
      "parameters" : { },
      "propertiesMetadata" : {
        "metadata" : { }
      },
      "parametersMetadata" : {
        "metadata" : { }
      }
    }, {
      "majorSchemaVersion" : 3,
      "name" : "********",
      "properties" : { },
      "parameters" : { },
      "propertiesMetadata" : {
        "metadata" : { }
      },
      "parametersMetadata" : {
        "metadata" : { }
      }
    } ],
    "providedDependencies" : [ {
      "majorSchemaVersion" : 3,
      "name" : "app-api",
      "isPublic" : false,
      "properties" : {
        "app-protocol" : "https",
        "app-uri" : "547c31aatrial-dev-insurance-claim-management.cfapps.us10-001.hana.ondemand.com"
      },
      "parameters" : { },
      "propertiesMetadata" : {
        "metadata" : { }
      },
      "parametersMetadata" : {
        "metadata" : { }
      }
    }, {
      "majorSchemaVersion" : 3,
      "name" : "Insurance_claim_management",
      "isPublic" : false,
      "properties" : { },
      "parameters" : { },
      "propertiesMetadata" : {
        "metadata" : { }
      },
      "parametersMetadata" : {
        "metadata" : { }
      }
    } ],
    "propertiesMetadata" : {
      "metadata" : { }
    },
    "parametersMetadata" : {
      "metadata" : { }
    },
    "hooks" : [ ]
  } ],
  "resources" : [ {
    "majorSchemaVersion" : 3,
    "name" : "********",
    "type" : "org.cloudfoundry.managed-service",
    "properties" : { },
    "parameters" : {
      "generated-password" : "********",
      "path" : "./xs-security.json",
      "service-name" : "********",
      "service-plan" : "application",
      "service" : "xsuaa",
      "generated-user" : "********",
      "default-xsappname" : "********",
      "type" : "managed-service",
      "config" : {
        "oauth2-configuration" : "********",
        "tenant-mode" : "dedicated",
        "xsappname" : "Insurance_claim_management-547c31aatrial-dev"
      },
      "default-service-name" : "********",
      "default-container-name" : "********"
    },
    "isActive" : true,
    "isOptional" : false,
    "propertiesMetadata" : {
      "metadata" : { }
    },
    "parametersMetadata" : {
      "metadata" : { }
    },
    "requiredDependencies" : [ {
      "majorSchemaVersion" : 3,
      "name" : "app-api",
      "properties" : { },
      "parameters" : { },
      "propertiesMetadata" : {
        "metadata" : { }
      },
      "parametersMetadata" : {
        "metadata" : { }
      }
    } ],
    "processedAfter" : [ ]
  }, {
    "majorSchemaVersion" : 3,
    "name" : "Insurance_claim_management-db",
    "type" : "com.sap.xs.hdi-container",
    "properties" : { },
    "parameters" : {
      "generated-password" : "********",
      "service-name" : "Insurance_claim_management-db",
      "service-plan" : "hdi-shared",
      "service" : "hana",
      "generated-user" : "********",
      "default-xsappname" : "Insurance_claim_management-db",
      "type" : "managed-service",
      "default-service-name" : "Insurance_claim_management-db",
      "default-container-name" : "547C31AATRIAL_DEV_INSURANCE_CLAIM_MANAGEMENT_DB"
    },
    "isActive" : true,
    "isOptional" : false,
    "propertiesMetadata" : {
      "metadata" : { }
    },
    "parametersMetadata" : {
      "metadata" : { }
    },
    "requiredDependencies" : [ ],
    "processedAfter" : [ ]
  }, {
    "majorSchemaVersion" : 3,
    "name" : "Insurance_claim_management-destination",
    "type" : "org.cloudfoundry.managed-service",
    "properties" : { },
    "parameters" : {
      "generated-password" : "********",
      "service-name" : "Insurance_claim_management-destination",
      "service-plan" : "lite",
      "service" : "destination",
      "generated-user" : "********",
      "default-xsappname" : "Insurance_claim_management-destination",
      "type" : "managed-service",
      "default-service-name" : "Insurance_claim_management-destination",
      "default-container-name" : "547C31AATRIAL_DEV_INSURANCE_CLAIM_MANAGEMENT_DESTINATION"
    },
    "isActive" : true,
    "isOptional" : false,
    "propertiesMetadata" : {
      "metadata" : { }
    },
    "parametersMetadata" : {
      "metadata" : { }
    },
    "requiredDependencies" : [ ],
    "processedAfter" : [ ]
  } ],
  "parameters" : {
    "mta-id" : "Insurance_claim_management",
    "authorization-url" : "********",
    "org-guid" : "a8788203-b551-47eb-923a-7c205db28329",
    "org" : "547c31aatrial",
    "deploy-target" : "547c31aatrial dev",
    "enable-parallel-deployments" : true,
    "region-primary-domain" : "us10.hana.ondemand.com",
    "space" : "dev",
    "region-domain" : "us10-001.hana.ondemand.com",
    "xs-api-url" : "https://api.cf.us10-001.hana.ondemand.com",
    "deploy-url" : "deploy-service.cfapps.us10-001.hana.ondemand.com",
    "xs-type" : "CF",
    "default-domain" : "cfapps.us10-001.hana.ondemand.com",
    "mta-version" : "1.0.0",
    "xs-auth-url" : "********",
    "space-guid" : "7e49670e-3a44-466e-ab78-1909884ded4e",
    "user" : "********",
    "controller-url" : "https://api.cf.us10-001.hana.ondemand.com",
    "timestamp" : "20260909053405"
  },
  "parametersMetadata" : {
    "metadata" : { }
  }
}#
#2026 09 09 05:34:06.722#Z#DEBUG#125301ff-ac10-11f1-b39f-eeee0a9ef9bb.OPERATION#flowable-async-job-executor-thread-9310#
[ProcessDescriptorStep] Merged descriptor properties and parameters resolved#
#2026 09 09 05:34:06.722#Z#DEBUG#125301ff-ac10-11f1-b39f-eeee0a9ef9bb.OPERATION#flowable-async-job-executor-thread-9310#
Step "Process Descriptor Step" finished#
#2026 09 09 05:34:06.754#Z#DEBUG#125301ff-ac10-11f1-b39f-eeee0a9ef9bb.OPERATION#flowable-async-job-executor-thread-9310#
[XS2BuildCloudDeployModelStep] Executing task "buildDeployModelTask" of process "12530225-ac10-11f1-b39f-eeee0a9ef9bb"...#
#2026 09 09 05:34:06.757#Z#DEBUG#125301ff-ac10-11f1-b39f-eeee0a9ef9bb.OPERATION#flowable-async-job-executor-thread-9310#
[XS2BuildCloudDeployModelStep] Service keys defined for content deployment grouped by service name: { }#
#2026 09 09 05:34:06.757#Z#DEBUG#125301ff-ac10-11f1-b39f-eeee0a9ef9bb.OPERATION#flowable-async-job-executor-thread-9310#
[XS2BuildCloudDeployModelStep] Building cloud deployment model...#
#2026 09 09 05:34:06.759#Z#DEBUG#125301ff-ac10-11f1-b39f-eeee0a9ef9bb.OPERATION#flowable-async-job-executor-thread-9310#
[XS2BuildCloudDeployModelStep] MTA archive modules: [Insurance_claim_management, Insurance_claim_management-db-deployer, Insurance_claim_management-srv]#
#2026 09 09 05:34:06.759#Z#DEBUG#125301ff-ac10-11f1-b39f-eeee0a9ef9bb.OPERATION#flowable-async-job-executor-thread-9310#
[XS2BuildCloudDeployModelStep] Deployed modules: [Insurance_claim_management, Insurance_claim_management-db-deployer, Insurance_claim_management-srv]#
#2026 09 09 05:34:06.760#Z#DEBUG#125301ff-ac10-11f1-b39f-eeee0a9ef9bb.OPERATION#flowable-async-job-executor-thread-9310#
[XS2BuildCloudDeployModelStep] MTA modules: [Insurance_claim_management, Insurance_claim_management-db-deployer, Insurance_claim_management-srv]#
#2026 09 09 05:34:06.760#Z#DEBUG#125301ff-ac10-11f1-b39f-eeee0a9ef9bb.OPERATION#flowable-async-job-executor-thread-9310#
[XS2BuildCloudDeployModelStep] Service keys to create: {
  "Insurance_claim_management-destination" : [ ],
  "Insurance_claim_management-auth" : "********",
  "Insurance_claim_management-db" : [ ]
}#
#2026 09 09 05:34:06.760#Z#DEBUG#125301ff-ac10-11f1-b39f-eeee0a9ef9bb.OPERATION#flowable-async-job-executor-thread-9310#
[XS2BuildCloudDeployModelStep] Modules to deploy: [{
  "majorSchemaVersion" : 3,
  "name" : "Insurance_claim_management-srv",
  "type" : "javascript.nodejs",
  "path" : "Insurance_claim_management-srv",
  "properties" : { },
  "parameters" : {
    "default-url" : "https://547c31aatrial-dev-insurance-claim-management-srv.cfapps.us10-001.hana.ondemand.com",
    "default-app-name" : "Insurance_claim_management-srv",
    "generated-password" : "********",
    "default-live-url" : "https://547c31aatrial-dev-insurance-claim-management-srv.cfapps.us10-001.hana.ondemand.com",
    "default-uri" : "547c31aatrial-dev-insurance-claim-management-srv.cfapps.us10-001.hana.ondemand.com",
    "default-instances" : 1,
    "default-live-host" : "547c31aatrial-dev-insurance-claim-management-srv",
    "instances" : 1,
    "buildpack" : "nodejs_buildpack",
    "default-host" : "547c31aatrial-dev-insurance-claim-management-srv",
    "app-name" : "Insurance_claim_management-srv",
    "default-live-uri" : "547c31aatrial-dev-insurance-claim-management-srv.cfapps.us10-001.hana.ondemand.com",
    "protocol" : "https",
    "default-live-app-name" : "Insurance_claim_management-srv",
    "default-live-domain" : "cfapps.us10-001.hana.ondemand.com",
    "dependency-type" : "soft",
    "domain" : "cfapps.us10-001.hana.ondemand.com",
    "host" : "547c31aatrial-dev-insurance-claim-management-srv",
    "generated-user" : "********"
  },
  "requiredDependencies" : [ {
    "majorSchemaVersion" : 3,
    "name" : "********",
    "properties" : { },
    "parameters" : { },
    "propertiesMetadata" : {
      "metadata" : { }
    },
    "parametersMetadata" : {
      "metadata" : { }
    }
  }, {
    "majorSchemaVersion" : 3,
    "name" : "Insurance_claim_management-db",
    "properties" : { },
    "parameters" : { },
    "propertiesMetadata" : {
      "metadata" : { }
    },
    "parametersMetadata" : {
      "metadata" : { }
    }
  }, {
    "majorSchemaVersion" : 3,
    "name" : "Insurance_claim_management-destination",
    "properties" : { },
    "parameters" : { },
    "propertiesMetadata" : {
      "metadata" : { }
    },
    "parametersMetadata" : {
      "metadata" : { }
    }
  } ],
  "providedDependencies" : [ {
    "majorSchemaVersion" : 3,
    "name" : "srv-api",
    "isPublic" : false,
    "properties" : {
      "srv-url" : "https://547c31aatrial-dev-insurance-claim-management-srv.cfapps.us10-001.hana.ondemand.com"
    },
    "parameters" : { },
    "propertiesMetadata" : {
      "metadata" : { }
    },
    "parametersMetadata" : {
      "metadata" : { }
    }
  }, {
    "majorSchemaVersion" : 3,
    "name" : "Insurance_claim_management-srv",
    "isPublic" : false,
    "properties" : { },
    "parameters" : { },
    "propertiesMetadata" : {
      "metadata" : { }
    },
    "parametersMetadata" : {
      "metadata" : { }
    }
  } ],
  "propertiesMetadata" : {
    "metadata" : { }
  },
  "parametersMetadata" : {
    "metadata" : { }
  },
  "deployedAfter" : [ ],
  "hooks" : [ ]
}, {
  "majorSchemaVersion" : 3,
  "name" : "Insurance_claim_management-db-deployer",
  "type" : "com.sap.xs.hdi",
  "path" : "Insurance_claim_management-db-deployer",
  "properties" : {
    "EXIT" : 1
  },
  "parameters" : {
    "default-url" : "https://547c31aatrial-dev-insurance-claim-management-db-deployer.cfapps.us10-001.hana.ondemand.com",
    "default-app-name" : "Insurance_claim_management-db-deployer",
    "generated-password" : "********",
    "default-live-url" : "https://547c31aatrial-dev-insurance-claim-management-db-deployer.cfapps.us10-001.hana.ondemand.com",
    "default-uri" : "547c31aatrial-dev-insurance-claim-management-db-deployer.cfapps.us10-001.hana.ondemand.com",
    "memory" : "256M",
    "default-instances" : 1,
    "no-route" : true,
    "default-live-host" : "547c31aatrial-dev-insurance-claim-management-db-deployer",
    "instances" : 1,
    "buildpack" : "nodejs_buildpack",
    "default-host" : "547c31aatrial-dev-insurance-claim-management-db-deployer",
    "app-name" : "Insurance_claim_management-db-deployer",
    "default-live-uri" : "547c31aatrial-dev-insurance-claim-management-db-deployer.cfapps.us10-001.hana.ondemand.com",
    "protocol" : "https",
    "default-live-app-name" : "Insurance_claim_management-db-deployer",
    "default-live-domain" : "cfapps.us10-001.hana.ondemand.com",
    "dependency-type" : "hard",
    "domain" : "cfapps.us10-001.hana.ondemand.com",
    "host" : "547c31aatrial-dev-insurance-claim-management-db-deployer",
    "generated-user" : "********",
    "tasks" : [ {
      "command" : "npm start",
      "memory" : "256M",
      "name" : "deploy"
    } ],
    "no-start" : true
  },
  "requiredDependencies" : [ {
    "majorSchemaVersion" : 3,
    "name" : "Insurance_claim_management-db",
    "properties" : { },
    "parameters" : { },
    "propertiesMetadata" : {
      "metadata" : { }
    },
    "parametersMetadata" : {
      "metadata" : { }
    }
  } ],
  "providedDependencies" : [ {
    "majorSchemaVersion" : 3,
    "name" : "Insurance_claim_management-db-deployer",
    "isPublic" : false,
    "properties" : { },
    "parameters" : { },
    "propertiesMetadata" : {
      "metadata" : { }
    },
    "parametersMetadata" : {
      "metadata" : { }
    }
  } ],
  "propertiesMetadata" : {
    "metadata" : { }
  },
  "parametersMetadata" : {
    "metadata" : { }
  },
  "deployedAfter" : [ ],
  "hooks" : [ ]
}, {
  "majorSchemaVersion" : 3,
  "name" : "Insurance_claim_management",
  "type" : "javascript.nodejs",
  "path" : "Insurance_claim_management",
  "properties" : { },
  "parameters" : {
    "default-url" : "https://547c31aatrial-dev-insurance-claim-management.cfapps.us10-001.hana.ondemand.com",
    "default-app-name" : "Insurance_claim_management",
    "generated-password" : "********",
    "default-live-url" : "https://547c31aatrial-dev-insurance-claim-management.cfapps.us10-001.hana.ondemand.com",
    "default-uri" : "547c31aatrial-dev-insurance-claim-management.cfapps.us10-001.hana.ondemand.com",
    "memory" : "256M",
    "default-instances" : 1,
    "default-live-host" : "547c31aatrial-dev-insurance-claim-management",
    "instances" : 1,
    "default-host" : "547c31aatrial-dev-insurance-claim-management",
    "keep-existing-routes" : true,
    "app-name" : "Insurance_claim_management",
    "default-live-uri" : "547c31aatrial-dev-insurance-claim-management.cfapps.us10-001.hana.ondemand.com",
    "protocol" : "https",
    "default-live-app-name" : "Insurance_claim_management",
    "default-live-domain" : "cfapps.us10-001.hana.ondemand.com",
    "disk-quota" : "256M",
    "dependency-type" : "soft",
    "domain" : "cfapps.us10-001.hana.ondemand.com",
    "host" : "547c31aatrial-dev-insurance-claim-management",
    "generated-user" : "********"
  },
  "requiredDependencies" : [ {
    "majorSchemaVersion" : 3,
    "name" : "srv-api",
    "group" : "destinations",
    "properties" : {
      "name" : "srv-api",
      "forwardAuthToken" : "********",
      "url" : "https://547c31aatrial-dev-insurance-claim-management-srv.cfapps.us10-001.hana.ondemand.com"
    },
    "parameters" : { },
    "propertiesMetadata" : {
      "metadata" : { }
    },
    "parametersMetadata" : {
      "metadata" : { }
    }
  }, {
    "majorSchemaVersion" : 3,
    "name" : "********",
    "properties" : { },
    "parameters" : { },
    "propertiesMetadata" : {
      "metadata" : { }
    },
    "parametersMetadata" : {
      "metadata" : { }
    }
  } ],
  "providedDependencies" : [ {
    "majorSchemaVersion" : 3,
    "name" : "app-api",
    "isPublic" : false,
    "properties" : {
      "app-protocol" : "https",
      "app-uri" : "547c31aatrial-dev-insurance-claim-management.cfapps.us10-001.hana.ondemand.com"
    },
    "parameters" : { },
    "propertiesMetadata" : {
      "metadata" : { }
    },
    "parametersMetadata" : {
      "metadata" : { }
    }
  }, {
    "majorSchemaVersion" : 3,
    "name" : "Insurance_claim_management",
    "isPublic" : false,
    "properties" : { },
    "parameters" : { },
    "propertiesMetadata" : {
      "metadata" : { }
    },
    "parametersMetadata" : {
      "metadata" : { }
    }
  } ],
  "propertiesMetadata" : {
    "metadata" : { }
  },
  "parametersMetadata" : {
    "metadata" : { }
  },
  "deployedAfter" : [ ],
  "hooks" : [ ]
}]#
#2026 09 09 05:34:06.761#Z#DEBUG#125301ff-ac10-11f1-b39f-eeee0a9ef9bb.OPERATION#flowable-async-job-executor-thread-9310#
[XS2BuildCloudDeployModelStep] Custom domains: []#
#2026 09 09 05:34:06.763#Z#DEBUG#125301ff-ac10-11f1-b39f-eeee0a9ef9bb.OPERATION#flowable-async-job-executor-thread-9310#
[XS2BuildCloudDeployModelStep] Calculating resource batches...#
#2026 09 09 05:34:06.763#Z#DEBUG#125301ff-ac10-11f1-b39f-eeee0a9ef9bb.OPERATION#flowable-async-job-executor-thread-9310#
[XS2BuildCloudDeployModelStep] Calculating resource batches completed.#
#2026 09 09 05:34:06.763#Z#DEBUG#125301ff-ac10-11f1-b39f-eeee0a9ef9bb.OPERATION#flowable-async-job-executor-thread-9310#
[XS2BuildCloudDeployModelStep] Cloud deployment model built#
#2026 09 09 05:34:06.763#Z#DEBUG#125301ff-ac10-11f1-b39f-eeee0a9ef9bb.OPERATION#flowable-async-job-executor-thread-9310#
Step "Build Deploy Model" finished#
#2026 09 09 05:34:06.798#Z#DEBUG#125301ff-ac10-11f1-b39f-eeee0a9ef9bb.OPERATION#flowable-async-job-executor-thread-9310#
[BuildCloudUndeployModelStep] Executing task "buildUndeployModelTask" of process "12530225-ac10-11f1-b39f-eeee0a9ef9bb"...#
#2026 09 09 05:34:06.799#Z#DEBUG#125301ff-ac10-11f1-b39f-eeee0a9ef9bb.OPERATION#flowable-async-job-executor-thread-9310#
[BuildCloudUndeployModelStep] Building cloud undeployment model...#
#2026 09 09 05:34:06.801#Z#DEBUG#125301ff-ac10-11f1-b39f-eeee0a9ef9bb.OPERATION#flowable-async-job-executor-thread-9310#
[BuildCloudUndeployModelStep] Detecting service keys to delete.#
#2026 09 09 05:34:06.802#Z#DEBUG#125301ff-ac10-11f1-b39f-eeee0a9ef9bb.OPERATION#flowable-async-job-executor-thread-9310#
[BuildCloudUndeployModelStep] No deployed service keys detected!#
#2026 09 09 05:34:06.802#Z#DEBUG#125301ff-ac10-11f1-b39f-eeee0a9ef9bb.OPERATION#flowable-async-job-executor-thread-9310#
[BuildCloudUndeployModelStep] Detected service keys to delete "[]"#
#2026 09 09 05:34:06.808#Z#DEBUG#125301ff-ac10-11f1-b39f-eeee0a9ef9bb.OPERATION#flowable-async-job-executor-thread-9310#
[BuildCloudUndeployModelStep] MTA modules: [Insurance_claim_management, Insurance_claim_management-db-deployer, Insurance_claim_management-srv]#
#2026 09 09 05:34:06.808#Z#DEBUG#125301ff-ac10-11f1-b39f-eeee0a9ef9bb.OPERATION#flowable-async-job-executor-thread-9310#
[BuildCloudUndeployModelStep] Modules to undeploy: [ ]#
#2026 09 09 05:34:06.808#Z#DEBUG#125301ff-ac10-11f1-b39f-eeee0a9ef9bb.OPERATION#flowable-async-job-executor-thread-9310#
[BuildCloudUndeployModelStep] Modules that won't be changed: [ ]#
#2026 09 09 05:34:06.809#Z#DEBUG#125301ff-ac10-11f1-b39f-eeee0a9ef9bb.OPERATION#flowable-async-job-executor-thread-9310#
[BuildCloudUndeployModelStep] Subscriptions to delete: [ ]#
#2026 09 09 05:34:06.811#Z#DEBUG#125301ff-ac10-11f1-b39f-eeee0a9ef9bb.OPERATION#flowable-async-job-executor-thread-9310#
[BuildCloudUndeployModelStep] Cloud services to delete: []#
#2026 09 09 05:34:06.811#Z#DEBUG#125301ff-ac10-11f1-b39f-eeee0a9ef9bb.OPERATION#flowable-async-job-executor-thread-9310#
[BuildCloudUndeployModelStep] Cloud applications to undeploy: [ ]#
#2026 09 09 05:34:06.814#Z#DEBUG#125301ff-ac10-11f1-b39f-eeee0a9ef9bb.OPERATION#flowable-async-job-executor-thread-9310#
[BuildCloudUndeployModelStep] Cloud undeployment model built#
#2026 09 09 05:34:06.814#Z#DEBUG#125301ff-ac10-11f1-b39f-eeee0a9ef9bb.OPERATION#flowable-async-job-executor-thread-9310#
Step "Build Undeploy Model" finished#
#2026 09 09 05:34:06.848#Z#DEBUG#125301ff-ac10-11f1-b39f-eeee0a9ef9bb.OPERATION#flowable-async-job-executor-thread-9310#
[AddDomainsStep] Executing task "addDomainsTask" of process "12530225-ac10-11f1-b39f-eeee0a9ef9bb"...#
#2026 09 09 05:34:06.849#Z#DEBUG#125301ff-ac10-11f1-b39f-eeee0a9ef9bb.OPERATION#flowable-async-job-executor-thread-9310#
[AddDomainsStep] Custom domains: []#
#2026 09 09 05:34:06.849#Z#DEBUG#125301ff-ac10-11f1-b39f-eeee0a9ef9bb.OPERATION#flowable-async-job-executor-thread-9310#
Step "Add Domains" finished#
#2026 09 09 05:34:07.237#Z#DEBUG#125301ff-ac10-11f1-b39f-eeee0a9ef9bb.OPERATION#flowable-async-job-executor-thread-9315#
[ExtractBatchedServicesWithResolvedDynamicParametersStep] Executing task "prepareModulesDeploymentTask" of process "1353f71d-ac10-11f1-b39f-eeee0a9ef9bb"...#
#2026 09 09 05:34:07.238#Z#DEBUG#125301ff-ac10-11f1-b39f-eeee0a9ef9bb.OPERATION#flowable-async-job-executor-thread-9315#
[ExtractBatchedServicesWithResolvedDynamicParametersStep] Extracting services and resolving dynamic parameters from batch#
#2026 09 09 05:34:07.239#Z#DEBUG#125301ff-ac10-11f1-b39f-eeee0a9ef9bb.OPERATION#flowable-async-job-executor-thread-9315#
[ExtractBatchedServicesWithResolvedDynamicParametersStep] Services to create: [ {
  "isOptional" : false,
  "isManaged" : true,
  "name" : "********",
  "v3Metadata" : {
    "annotations" : {
      "mta_id" : "Insurance_claim_management",
      "mta_version" : "1.0.0",
      "mta_resource" : "********"
    },
    "labels" : {
      "mta_id" : "c7e962098a21159a313bcca2ffc9fcf3"
    }
  },
  "label" : "xsuaa",
  "plan" : "application",
  "credentials" : "********",
  "tags" : [ ],
  "type" : "managed",
  "resourceName" : "********",
  "shouldSkipParametersUpdate" : false,
  "shouldSkipPlanUpdate" : false,
  "shouldSkipTagsUpdate" : false,
  "shouldSkipSyslogUrlUpdate" : false
}, {
  "isOptional" : false,
  "isManaged" : true,
  "name" : "Insurance_claim_management-db",
  "v3Metadata" : {
    "annotations" : {
      "mta_id" : "Insurance_claim_management",
      "mta_version" : "1.0.0",
      "mta_resource" : "{\"name\":\"Insurance_claim_management-db\"}"
    },
    "labels" : {
      "mta_id" : "c7e962098a21159a313bcca2ffc9fcf3"
    }
  },
  "label" : "hana",
  "plan" : "hdi-shared",
  "credentials" : "********",
  "tags" : [ ],
  "type" : "managed",
  "resourceName" : "Insurance_claim_management-db",
  "shouldSkipParametersUpdate" : false,
  "shouldSkipPlanUpdate" : false,
  "shouldSkipTagsUpdate" : false,
  "shouldSkipSyslogUrlUpdate" : false
}, {
  "isOptional" : false,
  "isManaged" : true,
  "name" : "Insurance_claim_management-destination",
  "v3Metadata" : {
    "annotations" : {
      "mta_id" : "Insurance_claim_management",
      "mta_version" : "1.0.0",
      "mta_resource" : "{\"name\":\"Insurance_claim_management-destination\"}"
    },
    "labels" : {
      "mta_id" : "c7e962098a21159a313bcca2ffc9fcf3"
    }
  },
  "label" : "destination",
  "plan" : "lite",
  "credentials" : "********",
  "tags" : [ ],
  "type" : "managed",
  "resourceName" : "Insurance_claim_management-destination",
  "shouldSkipParametersUpdate" : false,
  "shouldSkipPlanUpdate" : false,
  "shouldSkipTagsUpdate" : false,
  "shouldSkipSyslogUrlUpdate" : false
} ]#
#2026 09 09 05:34:07.240#Z#DEBUG#125301ff-ac10-11f1-b39f-eeee0a9ef9bb.OPERATION#flowable-async-job-executor-thread-9315#
Step "Extract Services with Resolved Dynamic parameters from batch" finished#
#2026 09 09 05:34:07.342#Z#DEBUG#125301ff-ac10-11f1-b39f-eeee0a9ef9bb.OPERATION#flowable-async-job-executor-thread-9309#
[CheckServiceOperationStateStep] Executing task "CheckServiceOperationStateTask" of process "13917593-ac10-11f1-b39f-eeee0a9ef9bb"...#
#2026 09 09 05:34:07.343#Z#DEBUG#125301ff-ac10-11f1-b39f-eeee0a9ef9bb.OPERATION#flowable-async-job-executor-thread-9309#
[CheckServiceOperationStateStep] Getting service instance "Insurance_claim_management-auth"...#
#2026 09 09 05:34:07.462#Z#DEBUG#125301ff-ac10-11f1-b39f-eeee0a9ef9bb.OPERATION#flowable-async-job-executor-thread-9309#
Step "Check for service operations in Progress" finished#
#2026 09 09 05:34:07.627#Z#DEBUG#125301ff-ac10-11f1-b39f-eeee0a9ef9bb.OPERATION#flowable-async-job-executor-thread-9309#
[DetermineServiceCreateUpdateServiceActionsStep] Executing task "DetermineServiceCreateUpdateActionsTask" of process "13917593-ac10-11f1-b39f-eeee0a9ef9bb"...#
#2026 09 09 05:34:07.629#Z#INFO#125301ff-ac10-11f1-b39f-eeee0a9ef9bb.OPERATION#flowable-async-job-executor-thread-9309#
[DetermineServiceCreateUpdateServiceActionsStep] Processing service "Insurance_claim_management-auth"...#
#2026 09 09 05:34:07.634#Z#DEBUG#125301ff-ac10-11f1-b39f-eeee0a9ef9bb.OPERATION#flowable-async-job-executor-thread-9309#
[DetermineServiceCreateUpdateServiceActionsStep] Getting service instance "Insurance_claim_management-auth"...#
#2026 09 09 05:34:07.746#Z#INFO#125301ff-ac10-11f1-b39f-eeee0a9ef9bb.OPERATION#flowable-async-job-executor-thread-9309#
[DetermineServiceCreateUpdateServiceActionsStep] Setting service "Insurance_claim_management-auth" parameters from "xs-security.json"#
#2026 09 09 05:34:07.779#Z#DEBUG#125301ff-ac10-11f1-b39f-eeee0a9ef9bb.OPERATION#flowable-async-job-executor-thread-9309#
[DetermineServiceCreateUpdateServiceActionsStep] Existing service: {
  "name" : "********",
  "metadata" : {
    "guid" : "e5e70aef-e707-4a06-b058-4925e1315219",
    "createdAt" : [ 2026, 9, 3, 9, 21, 7 ],
    "updatedAt" : [ 2026, 9, 3, 9, 21, 8 ]
  },
  "v3Metadata" : {
    "annotations" : {
      "mta_id" : "Insurance_claim_management",
      "mta_version" : "1.0.0",
      "mta_resource" : "********"
    },
    "labels" : {
      "mta_id" : "c7e962098a21159a313bcca2ffc9fcf3"
    }
  },
  "label" : "xsuaa",
  "plan" : "application",
  "credentials" : "********",
  "tags" : [ ],
  "type" : "managed",
  "lastOperation" : {
    "type" : "UPDATE",
    "description" : "",
    "state" : "SUCCEEDED"
  }
}#
#2026 09 09 05:34:07.779#Z#DEBUG#125301ff-ac10-11f1-b39f-eeee0a9ef9bb.OPERATION#flowable-async-job-executor-thread-9309#
[DetermineServiceCreateUpdateServiceActionsStep] Service parameters will be updated#
#2026 09 09 05:34:07.779#Z#DEBUG#125301ff-ac10-11f1-b39f-eeee0a9ef9bb.OPERATION#flowable-async-job-executor-thread-9309#
[DetermineServiceCreateUpdateServiceActionsStep] New parameters: {
  "attributes" : [ ],
  "oauth2-configuration" : "********",
  "role-templates" : [ ],
  "scopes" : [ ],
  "tenant-mode" : "dedicated",
  "xsappname" : "Insurance_claim_management-547c31aatrial-dev"
}#
#2026 09 09 05:34:07.780#Z#DEBUG#125301ff-ac10-11f1-b39f-eeee0a9ef9bb.OPERATION#flowable-async-job-executor-thread-9309#
Step "Determine update actions" finished#
#2026 09 09 05:34:07.832#Z#DEBUG#125301ff-ac10-11f1-b39f-eeee0a9ef9bb.OPERATION#flowable-async-job-executor-thread-9314#
[CheckForServiceBindingOrKeyOperationStep] Executing task "CheckForServiceBindingOrKeyCreation" of process "13917593-ac10-11f1-b39f-eeee0a9ef9bb"...#
#2026 09 09 05:34:07.834#Z#DEBUG#125301ff-ac10-11f1-b39f-eeee0a9ef9bb.OPERATION#flowable-async-job-executor-thread-9314#
Step "Check for service binding or key creation" finished#
#2026 09 09 05:34:07.875#Z#DEBUG#125301ff-ac10-11f1-b39f-eeee0a9ef9bb.OPERATION#flowable-async-job-executor-thread-9310#
[UpdateServiceParametersStep] Executing task "UpdateServiceParametersTask" of process "13917593-ac10-11f1-b39f-eeee0a9ef9bb"...#
#2026 09 09 05:34:07.878#Z#INFO#125301ff-ac10-11f1-b39f-eeee0a9ef9bb.OPERATION#flowable-async-job-executor-thread-9310#
[UpdateServiceParametersStep] Updating service "Insurance_claim_management-auth"...#
#2026 09 09 05:34:07.882#Z#DEBUG#125301ff-ac10-11f1-b39f-eeee0a9ef9bb.OPERATION#flowable-async-job-executor-thread-9310#
[UpdateServiceParametersStep] Updating service parameters for service "Insurance_claim_management-auth"...#
#2026 09 09 05:34:07.972#Z#DEBUG#125301ff-ac10-11f1-b39f-eeee0a9ef9bb.OPERATION#flowable-async-job-executor-thread-9310#
[UpdateServiceParametersStep] Service "Insurance_claim_management-auth" updated#
#2026 09 09 05:34:07.972#Z#DEBUG#125301ff-ac10-11f1-b39f-eeee0a9ef9bb.OPERATION#flowable-async-job-executor-thread-9310#
[UpdateServiceParametersStep] Triggered service operations: {
  "Insurance_claim_management-auth" : "UPDATE"
}#
#2026 09 09 05:34:07.973#Z#DEBUG#125301ff-ac10-11f1-b39f-eeee0a9ef9bb.OPERATION#flowable-async-job-executor-thread-9310#
Step "Update parameters" finished#
#2026 09 09 05:34:09.296#Z#DEBUG#125301ff-ac10-11f1-b39f-eeee0a9ef9bb.OPERATION#flowable-async-job-executor-thread-6558#
[CheckServiceOperationStateStep] Executing task "CheckServiceOperationStateTask" of process "14ba1730-ac10-11f1-9fee-eeee0a8f4579"...#
#2026 09 09 05:34:09.380#Z#DEBUG#125301ff-ac10-11f1-b39f-eeee0a9ef9bb.OPERATION#flowable-async-job-executor-thread-6558#
[CheckServiceOperationStateStep] Getting service instance "Insurance_claim_management-destination"...#
#2026 09 09 05:34:09.547#Z#DEBUG#125301ff-ac10-11f1-b39f-eeee0a9ef9bb.OPERATION#flowable-async-job-executor-thread-6558#
Step "Check for service operations in Progress" finished#
#2026 09 09 05:34:09.585#Z#DEBUG#125301ff-ac10-11f1-b39f-eeee0a9ef9bb.OPERATION#flowable-async-job-executor-thread-6559#
[DetermineServiceCreateUpdateServiceActionsStep] Executing task "DetermineServiceCreateUpdateActionsTask" of process "14ba1730-ac10-11f1-9fee-eeee0a8f4579"...#
#2026 09 09 05:34:09.588#Z#INFO#125301ff-ac10-11f1-b39f-eeee0a9ef9bb.OPERATION#flowable-async-job-executor-thread-6559#
[DetermineServiceCreateUpdateServiceActionsStep] Processing service "Insurance_claim_management-destination"...#
#2026 09 09 05:34:09.595#Z#DEBUG#125301ff-ac10-11f1-b39f-eeee0a9ef9bb.OPERATION#flowable-async-job-executor-thread-6559#
[DetermineServiceCreateUpdateServiceActionsStep] Getting service instance "Insurance_claim_management-destination"...#
#2026 09 09 05:34:09.724#Z#DEBUG#125301ff-ac10-11f1-b39f-eeee0a9ef9bb.OPERATION#flowable-async-job-executor-thread-6559#
[DetermineServiceCreateUpdateServiceActionsStep] Existing service: {
  "name" : "Insurance_claim_management-destination",
  "metadata" : {
    "guid" : "601dcd33-7662-4420-a480-0a8673eee5ce",
    "createdAt" : [ 2026, 9, 3, 10, 14, 36 ],
    "updatedAt" : [ 2026, 9, 3, 10, 14, 37 ]
  },
  "v3Metadata" : {
    "annotations" : {
      "mta_id" : "Insurance_claim_management",
      "mta_version" : "1.0.0",
      "mta_resource" : "{\"name\":\"Insurance_claim_management-destination\"}"
    },
    "labels" : {
      "mta_id" : "c7e962098a21159a313bcca2ffc9fcf3"
    }
  },
  "label" : "destination",
  "plan" : "lite",
  "credentials" : "********",
  "tags" : [ ],
  "type" : "managed",
  "lastOperation" : {
    "type" : "CREATE",
    "description" : "",
    "state" : "SUCCEEDED"
  }
}#
#2026 09 09 05:34:09.725#Z#WARN#125301ff-ac10-11f1-b39f-eeee0a9ef9bb.OPERATION#flowable-async-job-executor-thread-6559#
[DetermineServiceCreateUpdateServiceActionsStep] Service parameters for service "Insurance_claim_management-destination" will not be updated, as the parameters are not defined or empty.#
#2026 09 09 05:34:09.725#Z#DEBUG#125301ff-ac10-11f1-b39f-eeee0a9ef9bb.OPERATION#flowable-async-job-executor-thread-6559#
Step "Determine update actions" finished#
#2026 09 09 05:34:09.785#Z#DEBUG#125301ff-ac10-11f1-b39f-eeee0a9ef9bb.OPERATION#flowable-async-job-executor-thread-6560#
[CheckForServiceBindingOrKeyOperationStep] Executing task "CheckForServiceBindingOrKeyCreation" of process "14ba1730-ac10-11f1-9fee-eeee0a8f4579"...#
#2026 09 09 05:34:09.788#Z#DEBUG#125301ff-ac10-11f1-b39f-eeee0a9ef9bb.OPERATION#flowable-async-job-executor-thread-6560#
Step "Check for service binding or key creation" finished#
#2026 09 09 05:34:10.273#Z#DEBUG#125301ff-ac10-11f1-b39f-eeee0a9ef9bb.OPERATION#flowable-async-job-executor-thread-9311#
[CheckServiceOperationStateStep] Executing task "CheckServiceOperationStateTask" of process "1551ea9d-ac10-11f1-b39f-eeee0a9ef9bb"...#
#2026 09 09 05:34:10.274#Z#DEBUG#125301ff-ac10-11f1-b39f-eeee0a9ef9bb.OPERATION#flowable-async-job-executor-thread-9311#
[CheckServiceOperationStateStep] Getting service instance "Insurance_claim_management-db"...#
#2026 09 09 05:34:10.383#Z#DEBUG#125301ff-ac10-11f1-b39f-eeee0a9ef9bb.OPERATION#flowable-async-job-executor-thread-9311#
Step "Check for service operations in Progress" finished#
#2026 09 09 05:34:10.410#Z#DEBUG#125301ff-ac10-11f1-b39f-eeee0a9ef9bb.OPERATION#flowable-async-job-executor-thread-9311#
[DetermineServiceCreateUpdateServiceActionsStep] Executing task "DetermineServiceCreateUpdateActionsTask" of process "1551ea9d-ac10-11f1-b39f-eeee0a9ef9bb"...#
#2026 09 09 05:34:10.412#Z#INFO#125301ff-ac10-11f1-b39f-eeee0a9ef9bb.OPERATION#flowable-async-job-executor-thread-9311#
[DetermineServiceCreateUpdateServiceActionsStep] Processing service "Insurance_claim_management-db"...#
#2026 09 09 05:34:10.416#Z#DEBUG#125301ff-ac10-11f1-b39f-eeee0a9ef9bb.OPERATION#flowable-async-job-executor-thread-9311#
[DetermineServiceCreateUpdateServiceActionsStep] Getting service instance "Insurance_claim_management-db"...#
#2026 09 09 05:34:10.524#Z#DEBUG#125301ff-ac10-11f1-b39f-eeee0a9ef9bb.OPERATION#flowable-async-job-executor-thread-9311#
[DetermineServiceCreateUpdateServiceActionsStep] Existing service: {
  "name" : "Insurance_claim_management-db",
  "metadata" : {
    "guid" : "40ada052-98ad-422f-b7ab-f78e2b93250f",
    "createdAt" : [ 2026, 8, 31, 12, 20, 35 ],
    "updatedAt" : [ 2026, 9, 2, 9, 0, 29 ]
  },
  "v3Metadata" : {
    "annotations" : {
      "mta_id" : "Insurance_claim_management",
      "mta_version" : "1.0.0",
      "mta_resource" : "{\"name\":\"Insurance_claim_management-db\"}"
    },
    "labels" : {
      "mta_id" : "c7e962098a21159a313bcca2ffc9fcf3"
    }
  },
  "label" : "hana",
  "plan" : "hdi-shared",
  "credentials" : "********",
  "tags" : [ ],
  "type" : "managed",
  "lastOperation" : {
    "type" : "UPDATE",
    "state" : "SUCCEEDED"
  }
}#
#2026 09 09 05:34:10.525#Z#WARN#125301ff-ac10-11f1-b39f-eeee0a9ef9bb.OPERATION#flowable-async-job-executor-thread-9311#
[DetermineServiceCreateUpdateServiceActionsStep] Service parameters for service "Insurance_claim_management-db" will not be updated, as the parameters are not defined or empty.#
#2026 09 09 05:34:10.525#Z#DEBUG#125301ff-ac10-11f1-b39f-eeee0a9ef9bb.OPERATION#flowable-async-job-executor-thread-9311#
Step "Determine update actions" finished#
#2026 09 09 05:34:10.562#Z#DEBUG#125301ff-ac10-11f1-b39f-eeee0a9ef9bb.OPERATION#flowable-async-job-executor-thread-9311#
[CheckForServiceBindingOrKeyOperationStep] Executing task "CheckForServiceBindingOrKeyCreation" of process "1551ea9d-ac10-11f1-b39f-eeee0a9ef9bb"...#
#2026 09 09 05:34:10.564#Z#DEBUG#125301ff-ac10-11f1-b39f-eeee0a9ef9bb.OPERATION#flowable-async-job-executor-thread-9311#
Step "Check for service binding or key creation" finished#
#2026 09 09 05:34:23.068#Z#DEBUG#125301ff-ac10-11f1-b39f-eeee0a9ef9bb.OPERATION#flowable-async-job-executor-thread-6565#
[UpdateServiceParametersStep] Executing task "UpdateServiceParametersTask" of process "13917593-ac10-11f1-b39f-eeee0a9ef9bb"...#
#2026 09 09 05:34:23.069#Z#DEBUG#125301ff-ac10-11f1-b39f-eeee0a9ef9bb.OPERATION#flowable-async-job-executor-thread-6565#
[UpdateServiceParametersStep] Polling service operations...#
#2026 09 09 05:34:23.073#Z#DEBUG#125301ff-ac10-11f1-b39f-eeee0a9ef9bb.OPERATION#flowable-async-job-executor-thread-6565#
[UpdateServiceParametersStep] Getting service instance "Insurance_claim_management-auth"...#
#2026 09 09 05:34:23.195#Z#DEBUG#125301ff-ac10-11f1-b39f-eeee0a9ef9bb.OPERATION#flowable-async-job-executor-thread-6565#
[UpdateServiceParametersStep] Last operation for service "Insurance_claim_management-auth": {
  "type" : "UPDATE",
  "description" : "",
  "state" : "SUCCEEDED"
}#
#2026 09 09 05:34:23.195#Z#DEBUG#125301ff-ac10-11f1-b39f-eeee0a9ef9bb.OPERATION#flowable-async-job-executor-thread-6565#
[UpdateServiceParametersStep] Service "Insurance_claim_management-auth" updated#
#2026 09 09 05:34:23.195#Z#INFO#125301ff-ac10-11f1-b39f-eeee0a9ef9bb.OPERATION#flowable-async-job-executor-thread-6565#
[UpdateServiceParametersStep] 1 of 1 done#
#2026 09 09 05:34:23.206#Z#DEBUG#125301ff-ac10-11f1-b39f-eeee0a9ef9bb.OPERATION#flowable-async-job-executor-thread-6565#
[UpdateServiceParametersStep] Remaining services to poll: [ ]#
#2026 09 09 05:34:23.208#Z#DEBUG#125301ff-ac10-11f1-b39f-eeee0a9ef9bb.OPERATION#flowable-async-job-executor-thread-6565#
Step "Update parameters" finished#
#2026 09 09 05:34:23.540#Z#DEBUG#125301ff-ac10-11f1-b39f-eeee0a9ef9bb.OPERATION#flowable-async-job-executor-thread-6568#
[PrepareModulesDeploymentStep] Executing task "prepareModulesDeploymentTask" of process "1d35df23-ac10-11f1-9fee-eeee0a8f4579"...#
#2026 09 09 05:34:23.542#Z#DEBUG#125301ff-ac10-11f1-b39f-eeee0a9ef9bb.OPERATION#flowable-async-job-executor-thread-6568#
[PrepareModulesDeploymentStep] Preparing modules deployment...#
#2026 09 09 05:34:23.550#Z#DEBUG#125301ff-ac10-11f1-b39f-eeee0a9ef9bb.OPERATION#flowable-async-job-executor-thread-6568#
Step "Prepare Modules Deployment" finished#
#2026 09 09 05:34:23.603#Z#DEBUG#125301ff-ac10-11f1-b39f-eeee0a9ef9bb.OPERATION#flowable-async-job-executor-thread-6569#
[ComputeNextModulesStep] Executing task "computeNextModulesToDeployInParallel" of process "1d35df23-ac10-11f1-9fee-eeee0a8f4579"...#
#2026 09 09 05:34:23.604#Z#DEBUG#125301ff-ac10-11f1-b39f-eeee0a9ef9bb.OPERATION#flowable-async-job-executor-thread-6569#
[ComputeNextModulesStep] Computing modules for next parallel iteration...#
#2026 09 09 05:34:23.608#Z#DEBUG#125301ff-ac10-11f1-b39f-eeee0a9ef9bb.OPERATION#flowable-async-job-executor-thread-6569#
[ComputeNextModulesStep] Completed modules detected: []#
#2026 09 09 05:34:23.608#Z#DEBUG#125301ff-ac10-11f1-b39f-eeee0a9ef9bb.OPERATION#flowable-async-job-executor-thread-6569#
[ComputeNextModulesStep] All modules for deploy detected: [Insurance_claim_management, Insurance_claim_management-db-deployer, Insurance_claim_management-srv]#
#2026 09 09 05:34:23.608#Z#DEBUG#125301ff-ac10-11f1-b39f-eeee0a9ef9bb.OPERATION#flowable-async-job-executor-thread-6569#
[ComputeNextModulesStep] Modules not for deploy detected: []#
#2026 09 09 05:34:23.609#Z#DEBUG#125301ff-ac10-11f1-b39f-eeee0a9ef9bb.OPERATION#flowable-async-job-executor-thread-6569#
[ComputeNextModulesStep] Computed modules for next parallel iteration: [ {
  "majorSchemaVersion" : 3,
  "name" : "Insurance_claim_management-srv",
  "type" : "javascript.nodejs",
  "path" : "Insurance_claim_management-srv",
  "properties" : { },
  "parameters" : {
    "app-name" : "Insurance_claim_management-srv",
    "buildpack" : "nodejs_buildpack",
    "default-app-name" : "Insurance_claim_management-srv",
    "default-host" : "547c31aatrial-dev-insurance-claim-management-srv",
    "default-instances" : 1,
    "default-live-app-name" : "Insurance_claim_management-srv",
    "default-live-domain" : "cfapps.us10-001.hana.ondemand.com",
    "default-live-host" : "547c31aatrial-dev-insurance-claim-management-srv",
    "default-live-uri" : "547c31aatrial-dev-insurance-claim-management-srv.cfapps.us10-001.hana.ondemand.com",
    "default-live-url" : "https://547c31aatrial-dev-insurance-claim-management-srv.cfapps.us10-001.hana.ondemand.com",
    "default-uri" : "547c31aatrial-dev-insurance-claim-management-srv.cfapps.us10-001.hana.ondemand.com",
    "default-url" : "https://547c31aatrial-dev-insurance-claim-management-srv.cfapps.us10-001.hana.ondemand.com",
    "dependency-type" : "soft",
    "domain" : "cfapps.us10-001.hana.ondemand.com",
    "generated-password" : "********",
    "generated-user" : "********",
    "host" : "547c31aatrial-dev-insurance-claim-management-srv",
    "instances" : 1,
    "protocol" : "https"
  },
  "requiredDependencies" : [ {
    "majorSchemaVersion" : 3,
    "name" : "********",
    "properties" : { },
    "parameters" : { },
    "propertiesMetadata" : {
      "metadata" : { }
    },
    "parametersMetadata" : {
      "metadata" : { }
    }
  }, {
    "majorSchemaVersion" : 3,
    "name" : "Insurance_claim_management-db",
    "properties" : { },
    "parameters" : { },
    "propertiesMetadata" : {
      "metadata" : { }
    },
    "parametersMetadata" : {
      "metadata" : { }
    }
  }, {
    "majorSchemaVersion" : 3,
    "name" : "Insurance_claim_management-destination",
    "properties" : { },
    "parameters" : { },
    "propertiesMetadata" : {
      "metadata" : { }
    },
    "parametersMetadata" : {
      "metadata" : { }
    }
  } ],
  "providedDependencies" : [ {
    "majorSchemaVersion" : 3,
    "name" : "srv-api",
    "isPublic" : false,
    "properties" : {
      "srv-url" : "https://547c31aatrial-dev-insurance-claim-management-srv.cfapps.us10-001.hana.ondemand.com"
    },
    "parameters" : { },
    "propertiesMetadata" : {
      "metadata" : { }
    },
    "parametersMetadata" : {
      "metadata" : { }
    }
  }, {
    "majorSchemaVersion" : 3,
    "name" : "Insurance_claim_management-srv",
    "isPublic" : false,
    "properties" : { },
    "parameters" : { },
    "propertiesMetadata" : {
      "metadata" : { }
    },
    "parametersMetadata" : {
      "metadata" : { }
    }
  } ],
  "propertiesMetadata" : {
    "metadata" : { }
  },
  "parametersMetadata" : {
    "metadata" : { }
  },
  "deployedAfter" : [ ],
  "hooks" : [ ]
}, {
  "majorSchemaVersion" : 3,
  "name" : "Insurance_claim_management-db-deployer",
  "type" : "com.sap.xs.hdi",
  "path" : "Insurance_claim_management-db-deployer",
  "properties" : {
    "EXIT" : 1
  },
  "parameters" : {
    "app-name" : "Insurance_claim_management-db-deployer",
    "buildpack" : "nodejs_buildpack",
    "default-app-name" : "Insurance_claim_management-db-deployer",
    "default-host" : "547c31aatrial-dev-insurance-claim-management-db-deployer",
    "default-instances" : 1,
    "default-live-app-name" : "Insurance_claim_management-db-deployer",
    "default-live-domain" : "cfapps.us10-001.hana.ondemand.com",
    "default-live-host" : "547c31aatrial-dev-insurance-claim-management-db-deployer",
    "default-live-uri" : "547c31aatrial-dev-insurance-claim-management-db-deployer.cfapps.us10-001.hana.ondemand.com",
    "default-live-url" : "https://547c31aatrial-dev-insurance-claim-management-db-deployer.cfapps.us10-001.hana.ondemand.com",
    "default-uri" : "547c31aatrial-dev-insurance-claim-management-db-deployer.cfapps.us10-001.hana.ondemand.com",
    "default-url" : "https://547c31aatrial-dev-insurance-claim-management-db-deployer.cfapps.us10-001.hana.ondemand.com",
    "dependency-type" : "hard",
    "domain" : "cfapps.us10-001.hana.ondemand.com",
    "generated-password" : "********",
    "generated-user" : "********",
    "host" : "547c31aatrial-dev-insurance-claim-management-db-deployer",
    "instances" : 1,
    "memory" : "256M",
    "no-route" : true,
    "no-start" : true,
    "protocol" : "https",
    "tasks" : [ {
      "command" : "npm start",
      "memory" : "256M",
      "name" : "deploy"
    } ]
  },
  "requiredDependencies" : [ {
    "majorSchemaVersion" : 3,
    "name" : "Insurance_claim_management-db",
    "properties" : { },
    "parameters" : { },
    "propertiesMetadata" : {
      "metadata" : { }
    },
    "parametersMetadata" : {
      "metadata" : { }
    }
  } ],
  "providedDependencies" : [ {
    "majorSchemaVersion" : 3,
    "name" : "Insurance_claim_management-db-deployer",
    "isPublic" : false,
    "properties" : { },
    "parameters" : { },
    "propertiesMetadata" : {
      "metadata" : { }
    },
    "parametersMetadata" : {
      "metadata" : { }
    }
  } ],
  "propertiesMetadata" : {
    "metadata" : { }
  },
  "parametersMetadata" : {
    "metadata" : { }
  },
  "deployedAfter" : [ ],
  "hooks" : [ ]
}, {
  "majorSchemaVersion" : 3,
  "name" : "Insurance_claim_management",
  "type" : "javascript.nodejs",
  "path" : "Insurance_claim_management",
  "properties" : { },
  "parameters" : {
    "app-name" : "Insurance_claim_management",
    "default-app-name" : "Insurance_claim_management",
    "default-host" : "547c31aatrial-dev-insurance-claim-management",
    "default-instances" : 1,
    "default-live-app-name" : "Insurance_claim_management",
    "default-live-domain" : "cfapps.us10-001.hana.ondemand.com",
    "default-live-host" : "547c31aatrial-dev-insurance-claim-management",
    "default-live-uri" : "547c31aatrial-dev-insurance-claim-management.cfapps.us10-001.hana.ondemand.com",
    "default-live-url" : "https://547c31aatrial-dev-insurance-claim-management.cfapps.us10-001.hana.ondemand.com",
    "default-uri" : "547c31aatrial-dev-insurance-claim-management.cfapps.us10-001.hana.ondemand.com",
    "default-url" : "https://547c31aatrial-dev-insurance-claim-management.cfapps.us10-001.hana.ondemand.com",
    "dependency-type" : "soft",
    "disk-quota" : "256M",
    "domain" : "cfapps.us10-001.hana.ondemand.com",
    "generated-password" : "********",
    "generated-user" : "********",
    "host" : "547c31aatrial-dev-insurance-claim-management",
    "instances" : 1,
    "keep-existing-routes" : true,
    "memory" : "256M",
    "protocol" : "https"
  },
  "requiredDependencies" : [ {
    "majorSchemaVersion" : 3,
    "name" : "srv-api",
    "group" : "destinations",
    "properties" : {
      "forwardAuthToken" : "********",
      "name" : "srv-api",
      "url" : "https://547c31aatrial-dev-insurance-claim-management-srv.cfapps.us10-001.hana.ondemand.com"
    },
    "parameters" : { },
    "propertiesMetadata" : {
      "metadata" : { }
    },
    "parametersMetadata" : {
      "metadata" : { }
    }
  }, {
    "majorSchemaVersion" : 3,
    "name" : "********",
    "properties" : { },
    "parameters" : { },
    "propertiesMetadata" : {
      "metadata" : { }
    },
    "parametersMetadata" : {
      "metadata" : { }
    }
  } ],
  "providedDependencies" : [ {
    "majorSchemaVersion" : 3,
    "name" : "app-api",
    "isPublic" : false,
    "properties" : {
      "app-protocol" : "https",
      "app-uri" : "547c31aatrial-dev-insurance-claim-management.cfapps.us10-001.hana.ondemand.com"
    },
    "parameters" : { },
    "propertiesMetadata" : {
      "metadata" : { }
    },
    "parametersMetadata" : {
      "metadata" : { }
    }
  }, {
    "majorSchemaVersion" : 3,
    "name" : "Insurance_claim_management",
    "isPublic" : false,
    "properties" : { },
    "parameters" : { },
    "propertiesMetadata" : {
      "metadata" : { }
    },
    "parametersMetadata" : {
      "metadata" : { }
    }
  } ],
  "propertiesMetadata" : {
    "metadata" : { }
  },
  "parametersMetadata" : {
    "metadata" : { }
  },
  "deployedAfter" : [ ],
  "hooks" : [ ]
} ]#
#2026 09 09 05:34:23.609#Z#DEBUG#125301ff-ac10-11f1-b39f-eeee0a9ef9bb.OPERATION#flowable-async-job-executor-thread-6569#
Step "Compute Next Modules To Deploy" finished#
#2026 09 09 05:34:23.795#Z#DEBUG#125301ff-ac10-11f1-b39f-eeee0a9ef9bb.OPERATION#flowable-async-job-executor-thread-6562#
[ProcessDescriptorStep] Executing task "reprocessDescriptorTask" of process "1d5aa601-ac10-11f1-9fee-eeee0a8f4579"...#
#2026 09 09 05:34:23.796#Z#DEBUG#125301ff-ac10-11f1-b39f-eeee0a9ef9bb.OPERATION#flowable-async-job-executor-thread-6562#
[ProcessDescriptorStep] Resolving properties and parameters in merged descriptor...#
#2026 09 09 05:34:23.802#Z#DEBUG#125301ff-ac10-11f1-b39f-eeee0a9ef9bb.OPERATION#flowable-async-job-executor-thread-6562#
[ProcessDescriptorStep] Subscriptions: [ ]#
#2026 09 09 05:34:23.811#Z#DEBUG#125301ff-ac10-11f1-b39f-eeee0a9ef9bb.OPERATION#flowable-async-job-executor-thread-6562#
[ProcessDescriptorStep] MTA modules: [Insurance_claim_management, Insurance_claim_management-db-deployer, Insurance_claim_management-srv]#
#2026 09 09 05:34:23.817#Z#DEBUG#125301ff-ac10-11f1-b39f-eeee0a9ef9bb.OPERATION#flowable-async-job-executor-thread-6562#
[ProcessDescriptorStep] Resolved deployment descriptor: {
  "majorSchemaVersion" : 3,
  "schemaVersion" : "3.3.0",
  "id" : "Insurance_claim_management",
  "version" : "1.0.0",
  "modules" : [ {
    "majorSchemaVersion" : 3,
    "name" : "Insurance_claim_management-srv",
    "type" : "javascript.nodejs",
    "path" : "Insurance_claim_management-srv",
    "properties" : { },
    "parameters" : {
      "default-url" : "https://547c31aatrial-dev-insurance-claim-management-srv.cfapps.us10-001.hana.ondemand.com",
      "default-app-name" : "Insurance_claim_management-srv",
      "generated-password" : "********",
      "default-live-url" : "https://547c31aatrial-dev-insurance-claim-management-srv.cfapps.us10-001.hana.ondemand.com",
      "default-uri" : "547c31aatrial-dev-insurance-claim-management-srv.cfapps.us10-001.hana.ondemand.com",
      "default-instances" : 1,
      "default-live-host" : "547c31aatrial-dev-insurance-claim-management-srv",
      "instances" : 1,
      "buildpack" : "nodejs_buildpack",
      "default-host" : "547c31aatrial-dev-insurance-claim-management-srv",
      "app-name" : "Insurance_claim_management-srv",
      "default-live-uri" : "547c31aatrial-dev-insurance-claim-management-srv.cfapps.us10-001.hana.ondemand.com",
      "protocol" : "https",
      "default-live-app-name" : "Insurance_claim_management-srv",
      "default-live-domain" : "cfapps.us10-001.hana.ondemand.com",
      "domain" : "cfapps.us10-001.hana.ondemand.com",
      "host" : "547c31aatrial-dev-insurance-claim-management-srv",
      "generated-user" : "********"
    },
    "requiredDependencies" : [ {
      "majorSchemaVersion" : 3,
      "name" : "********",
      "properties" : { },
      "parameters" : { },
      "propertiesMetadata" : {
        "metadata" : { }
      },
      "parametersMetadata" : {
        "metadata" : { }
      }
    }, {
      "majorSchemaVersion" : 3,
      "name" : "Insurance_claim_management-db",
      "properties" : { },
      "parameters" : { },
      "propertiesMetadata" : {
        "metadata" : { }
      },
      "parametersMetadata" : {
        "metadata" : { }
      }
    }, {
      "majorSchemaVersion" : 3,
      "name" : "Insurance_claim_management-destination",
      "properties" : { },
      "parameters" : { },
      "propertiesMetadata" : {
        "metadata" : { }
      },
      "parametersMetadata" : {
        "metadata" : { }
      }
    } ],
    "providedDependencies" : [ {
      "majorSchemaVersion" : 3,
      "name" : "srv-api",
      "isPublic" : false,
      "properties" : {
        "srv-url" : "https://547c31aatrial-dev-insurance-claim-management-srv.cfapps.us10-001.hana.ondemand.com"
      },
      "parameters" : { },
      "propertiesMetadata" : {
        "metadata" : { }
      },
      "parametersMetadata" : {
        "metadata" : { }
      }
    }, {
      "majorSchemaVersion" : 3,
      "name" : "Insurance_claim_management-srv",
      "isPublic" : false,
      "properties" : { },
      "parameters" : { },
      "propertiesMetadata" : {
        "metadata" : { }
      },
      "parametersMetadata" : {
        "metadata" : { }
      }
    } ],
    "propertiesMetadata" : {
      "metadata" : { }
    },
    "parametersMetadata" : {
      "metadata" : { }
    },
    "hooks" : [ ]
  }, {
    "majorSchemaVersion" : 3,
    "name" : "Insurance_claim_management-db-deployer",
    "type" : "com.sap.xs.hdi",
    "path" : "Insurance_claim_management-db-deployer",
    "properties" : {
      "EXIT" : 1
    },
    "parameters" : {
      "default-url" : "https://547c31aatrial-dev-insurance-claim-management-db-deployer.cfapps.us10-001.hana.ondemand.com",
      "default-app-name" : "Insurance_claim_management-db-deployer",
      "generated-password" : "********",
      "default-live-url" : "https://547c31aatrial-dev-insurance-claim-management-db-deployer.cfapps.us10-001.hana.ondemand.com",
      "default-uri" : "547c31aatrial-dev-insurance-claim-management-db-deployer.cfapps.us10-001.hana.ondemand.com",
      "memory" : "256M",
      "default-instances" : 1,
      "no-route" : true,
      "default-live-host" : "547c31aatrial-dev-insurance-claim-management-db-deployer",
      "instances" : 1,
      "buildpack" : "nodejs_buildpack",
      "default-host" : "547c31aatrial-dev-insurance-claim-management-db-deployer",
      "app-name" : "Insurance_claim_management-db-deployer",
      "default-live-uri" : "547c31aatrial-dev-insurance-claim-management-db-deployer.cfapps.us10-001.hana.ondemand.com",
      "protocol" : "https",
      "default-live-app-name" : "Insurance_claim_management-db-deployer",
      "default-live-domain" : "cfapps.us10-001.hana.ondemand.com",
      "dependency-type" : "hard",
      "domain" : "cfapps.us10-001.hana.ondemand.com",
      "host" : "547c31aatrial-dev-insurance-claim-management-db-deployer",
      "generated-user" : "********",
      "tasks" : [ {
        "command" : "npm start",
        "memory" : "256M",
        "name" : "deploy"
      } ],
      "no-start" : true
    },
    "requiredDependencies" : [ {
      "majorSchemaVersion" : 3,
      "name" : "Insurance_claim_management-db",
      "properties" : { },
      "parameters" : { },
      "propertiesMetadata" : {
        "metadata" : { }
      },
      "parametersMetadata" : {
        "metadata" : { }
      }
    } ],
    "providedDependencies" : [ {
      "majorSchemaVersion" : 3,
      "name" : "Insurance_claim_management-db-deployer",
      "isPublic" : false,
      "properties" : { },
      "parameters" : { },
      "propertiesMetadata" : {
        "metadata" : { }
      },
      "parametersMetadata" : {
        "metadata" : { }
      }
    } ],
    "propertiesMetadata" : {
      "metadata" : { }
    },
    "parametersMetadata" : {
      "metadata" : { }
    },
    "hooks" : [ ]
  }, {
    "majorSchemaVersion" : 3,
    "name" : "Insurance_claim_management",
    "type" : "javascript.nodejs",
    "path" : "Insurance_claim_management",
    "properties" : { },
    "parameters" : {
      "default-url" : "https://547c31aatrial-dev-insurance-claim-management.cfapps.us10-001.hana.ondemand.com",
      "default-app-name" : "Insurance_claim_management",
      "generated-password" : "********",
      "default-live-url" : "https://547c31aatrial-dev-insurance-claim-management.cfapps.us10-001.hana.ondemand.com",
      "default-uri" : "547c31aatrial-dev-insurance-claim-management.cfapps.us10-001.hana.ondemand.com",
      "memory" : "256M",
      "default-instances" : 1,
      "default-live-host" : "547c31aatrial-dev-insurance-claim-management",
      "instances" : 1,
      "default-host" : "547c31aatrial-dev-insurance-claim-management",
      "keep-existing-routes" : true,
      "app-name" : "Insurance_claim_management",
      "default-live-uri" : "547c31aatrial-dev-insurance-claim-management.cfapps.us10-001.hana.ondemand.com",
      "protocol" : "https",
      "default-live-app-name" : "Insurance_claim_management",
      "default-live-domain" : "cfapps.us10-001.hana.ondemand.com",
      "disk-quota" : "256M",
      "domain" : "cfapps.us10-001.hana.ondemand.com",
      "host" : "547c31aatrial-dev-insurance-claim-management",
      "generated-user" : "********"
    },
    "requiredDependencies" : [ {
      "majorSchemaVersion" : 3,
      "name" : "srv-api",
      "group" : "destinations",
      "properties" : {
        "name" : "srv-api",
        "forwardAuthToken" : "********",
        "url" : "https://547c31aatrial-dev-insurance-claim-management-srv.cfapps.us10-001.hana.ondemand.com"
      },
      "parameters" : { },
      "propertiesMetadata" : {
        "metadata" : { }
      },
      "parametersMetadata" : {
        "metadata" : { }
      }
    }, {
      "majorSchemaVersion" : 3,
      "name" : "********",
      "properties" : { },
      "parameters" : { },
      "propertiesMetadata" : {
        "metadata" : { }
      },
      "parametersMetadata" : {
        "metadata" : { }
      }
    } ],
    "providedDependencies" : [ {
      "majorSchemaVersion" : 3,
      "name" : "app-api",
      "isPublic" : false,
      "properties" : {
        "app-protocol" : "https",
        "app-uri" : "547c31aatrial-dev-insurance-claim-management.cfapps.us10-001.hana.ondemand.com"
      },
      "parameters" : { },
      "propertiesMetadata" : {
        "metadata" : { }
      },
      "parametersMetadata" : {
        "metadata" : { }
      }
    }, {
      "majorSchemaVersion" : 3,
      "name" : "Insurance_claim_management",
      "isPublic" : false,
      "properties" : { },
      "parameters" : { },
      "propertiesMetadata" : {
        "metadata" : { }
      },
      "parametersMetadata" : {
        "metadata" : { }
      }
    } ],
    "propertiesMetadata" : {
      "metadata" : { }
    },
    "parametersMetadata" : {
      "metadata" : { }
    },
    "hooks" : [ ]
  } ],
  "resources" : [ {
    "majorSchemaVersion" : 3,
    "name" : "********",
    "type" : "org.cloudfoundry.managed-service",
    "properties" : { },
    "parameters" : {
      "generated-password" : "********",
      "path" : "./xs-security.json",
      "service-name" : "********",
      "service-plan" : "application",
      "service" : "xsuaa",
      "generated-user" : "********",
      "default-xsappname" : "********",
      "type" : "managed-service",
      "config" : {
        "oauth2-configuration" : "********",
        "tenant-mode" : "dedicated",
        "xsappname" : "Insurance_claim_management-547c31aatrial-dev"
      },
      "default-service-name" : "********",
      "default-container-name" : "********"
    },
    "isActive" : true,
    "isOptional" : false,
    "propertiesMetadata" : {
      "metadata" : { }
    },
    "parametersMetadata" : {
      "metadata" : { }
    },
    "requiredDependencies" : [ {
      "majorSchemaVersion" : 3,
      "name" : "app-api",
      "properties" : { },
      "parameters" : { },
      "propertiesMetadata" : {
        "metadata" : { }
      },
      "parametersMetadata" : {
        "metadata" : { }
      }
    } ],
    "processedAfter" : [ ]
  }, {
    "majorSchemaVersion" : 3,
    "name" : "Insurance_claim_management-db",
    "type" : "com.sap.xs.hdi-container",
    "properties" : { },
    "parameters" : {
      "generated-password" : "********",
      "service-name" : "Insurance_claim_management-db",
      "service-plan" : "hdi-shared",
      "service" : "hana",
      "generated-user" : "********",
      "default-xsappname" : "Insurance_claim_management-db",
      "type" : "managed-service",
      "default-service-name" : "Insurance_claim_management-db",
      "default-container-name" : "547C31AATRIAL_DEV_INSURANCE_CLAIM_MANAGEMENT_DB"
    },
    "isActive" : true,
    "isOptional" : false,
    "propertiesMetadata" : {
      "metadata" : { }
    },
    "parametersMetadata" : {
      "metadata" : { }
    },
    "requiredDependencies" : [ ],
    "processedAfter" : [ ]
  }, {
    "majorSchemaVersion" : 3,
    "name" : "Insurance_claim_management-destination",
    "type" : "org.cloudfoundry.managed-service",
    "properties" : { },
    "parameters" : {
      "generated-password" : "********",
      "service-name" : "Insurance_claim_management-destination",
      "service-plan" : "lite",
      "service" : "destination",
      "generated-user" : "********",
      "default-xsappname" : "Insurance_claim_management-destination",
      "type" : "managed-service",
      "default-service-name" : "Insurance_claim_management-destination",
      "default-container-name" : "547C31AATRIAL_DEV_INSURANCE_CLAIM_MANAGEMENT_DESTINATION"
    },
    "isActive" : true,
    "isOptional" : false,
    "propertiesMetadata" : {
      "metadata" : { }
    },
    "parametersMetadata" : {
      "metadata" : { }
    },
    "requiredDependencies" : [ ],
    "processedAfter" : [ ]
  } ],
  "parameters" : {
    "mta-id" : "Insurance_claim_management",
    "authorization-url" : "********",
    "org-guid" : "a8788203-b551-47eb-923a-7c205db28329",
    "org" : "547c31aatrial",
    "deploy-target" : "547c31aatrial dev",
    "enable-parallel-deployments" : true,
    "region-primary-domain" : "us10.hana.ondemand.com",
    "space" : "dev",
    "region-domain" : "us10-001.hana.ondemand.com",
    "xs-api-url" : "https://api.cf.us10-001.hana.ondemand.com",
    "deploy-url" : "deploy-service.cfapps.us10-001.hana.ondemand.com",
    "xs-type" : "CF",
    "default-domain" : "cfapps.us10-001.hana.ondemand.com",
    "mta-version" : "1.0.0",
    "xs-auth-url" : "********",
    "space-guid" : "7e49670e-3a44-466e-ab78-1909884ded4e",
    "user" : "********",
    "controller-url" : "https://api.cf.us10-001.hana.ondemand.com",
    "timestamp" : "20260909053405"
  },
  "parametersMetadata" : {
    "metadata" : { }
  }
}#
#2026 09 09 05:34:23.817#Z#DEBUG#125301ff-ac10-11f1-b39f-eeee0a9ef9bb.OPERATION#flowable-async-job-executor-thread-6562#
[ProcessDescriptorStep] Merged descriptor properties and parameters resolved#
#2026 09 09 05:34:23.817#Z#DEBUG#125301ff-ac10-11f1-b39f-eeee0a9ef9bb.OPERATION#flowable-async-job-executor-thread-6562#
Step "Re-Process Descriptor Step" finished#
#2026 09 09 05:34:23.861#Z#DEBUG#125301ff-ac10-11f1-b39f-eeee0a9ef9bb.OPERATION#flowable-async-job-executor-thread-6562#
[BuildApplicationDeployModelStep] Executing task "buildApplicationDeployModelTask" of process "1d5aa601-ac10-11f1-9fee-eeee0a8f4579"...#
#2026 09 09 05:34:23.865#Z#DEBUG#125301ff-ac10-11f1-b39f-eeee0a9ef9bb.OPERATION#flowable-async-job-executor-thread-6562#
[BuildApplicationDeployModelStep] Building cloud deployment model for application "Insurance_claim_management-db-deployer"...#
#2026 09 09 05:34:23.874#Z#DEBUG#125301ff-ac10-11f1-b39f-eeee0a9ef9bb.OPERATION#flowable-async-job-executor-thread-6562#
[BuildApplicationDeployModelStep] No health-check-type is specified. Setting default type: port#
#2026 09 09 05:34:23.875#Z#INFO#125301ff-ac10-11f1-b39f-eeee0a9ef9bb.OPERATION#flowable-async-job-executor-thread-6562#
[BuildApplicationDeployModelStep] Building configuration entries for org 547c31aatrial, space dev, spaceId 7e49670e-3a44-466e-ab78-1909884ded4e and namespace null!#
#2026 09 09 05:34:23.876#Z#DEBUG#125301ff-ac10-11f1-b39f-eeee0a9ef9bb.OPERATION#flowable-async-job-executor-thread-6562#
[BuildApplicationDeployModelStep] Configuration entries to publish: [ ]#
#2026 09 09 05:34:23.876#Z#DEBUG#125301ff-ac10-11f1-b39f-eeee0a9ef9bb.OPERATION#flowable-async-job-executor-thread-6562#
[BuildApplicationDeployModelStep] Cloud deployment model for application built#
#2026 09 09 05:34:23.876#Z#DEBUG#125301ff-ac10-11f1-b39f-eeee0a9ef9bb.OPERATION#flowable-async-job-executor-thread-6562#
Step "Build Application Deploy Model" finished#
#2026 09 09 05:34:23.931#Z#DEBUG#125301ff-ac10-11f1-b39f-eeee0a9ef9bb.OPERATION#flowable-async-job-executor-thread-6562#
[CreateOrUpdateAppStep] Executing task "createAppTask" of process "1d5aa601-ac10-11f1-9fee-eeee0a8f4579"...#
#2026 09 09 05:34:23.934#Z#DEBUG#125301ff-ac10-11f1-b39f-eeee0a9ef9bb.OPERATION#flowable-async-job-executor-thread-6562#
[CreateOrUpdateAppStep] Getting application "Insurance_claim_management-db-deployer"...#
#2026 09 09 05:34:23.970#Z#INFO#125301ff-ac10-11f1-b39f-eeee0a9ef9bb.OPERATION#flowable-async-job-executor-thread-6562#
[CreateOrUpdateAppStep] Updating application "Insurance_claim_management-db-deployer"...#
#2026 09 09 05:34:23.978#Z#DEBUG#125301ff-ac10-11f1-b39f-eeee0a9ef9bb.OPERATION#flowable-async-job-executor-thread-6562#
[CreateOrUpdateAppStep] Getting process for application "34352468-b085-4729-8d97-bdb72238eaed"...#
#2026 09 09 05:34:24.008#Z#DEBUG#125301ff-ac10-11f1-b39f-eeee0a9ef9bb.OPERATION#flowable-async-job-executor-thread-6562#
[CreateOrUpdateAppStep] Getting routes for application "34352468-b085-4729-8d97-bdb72238eaed"...#
#2026 09 09 05:34:24.030#Z#DEBUG#125301ff-ac10-11f1-b39f-eeee0a9ef9bb.OPERATION#flowable-async-job-executor-thread-6562#
[CreateOrUpdateAppStep] Getting features for application "34352468-b085-4729-8d97-bdb72238eaed"#
#2026 09 09 05:34:24.062#Z#DEBUG#125301ff-ac10-11f1-b39f-eeee0a9ef9bb.OPERATION#flowable-async-job-executor-thread-6562#
[CreateOrUpdateAppStep] Updating staging of application "Insurance_claim_management-db-deployer" to: {
  "buildpacks" : [ "nodejs_buildpack" ],
  "healthCheckType" : "port",
  "appFeatures" : { }
}#
#2026 09 09 05:34:24.269#Z#DEBUG#125301ff-ac10-11f1-b39f-eeee0a9ef9bb.OPERATION#flowable-async-job-executor-thread-6562#
[CreateOrUpdateAppStep] Application "Insurance_claim_management-db-deployer" updated#
#2026 09 09 05:34:24.269#Z#DEBUG#125301ff-ac10-11f1-b39f-eeee0a9ef9bb.OPERATION#flowable-async-job-executor-thread-6562#
[CreateOrUpdateAppStep] Getting environment of application "34352468-b085-4729-8d97-bdb72238eaed"...#
#2026 09 09 05:34:24.341#Z#DEBUG#125301ff-ac10-11f1-b39f-eeee0a9ef9bb.OPERATION#flowable-async-job-executor-thread-6562#
[CreateOrUpdateAppStep] Application "Insurance_claim_management-db-deployer" updated#
#2026 09 09 05:34:24.341#Z#DEBUG#125301ff-ac10-11f1-b39f-eeee0a9ef9bb.OPERATION#flowable-async-job-executor-thread-6562#
Step "Create App" finished#
#2026 09 09 05:34:24.411#Z#DEBUG#125301ff-ac10-11f1-b39f-eeee0a9ef9bb.OPERATION#flowable-async-job-executor-thread-6568#
[ProcessDescriptorStep] Executing task "reprocessDescriptorTask" of process "1db6815b-ac10-11f1-9fee-eeee0a8f4579"...#
#2026 09 09 05:34:24.413#Z#DEBUG#125301ff-ac10-11f1-b39f-eeee0a9ef9bb.OPERATION#flowable-async-job-executor-thread-6568#
[ProcessDescriptorStep] Resolving properties and parameters in merged descriptor...#
#2026 09 09 05:34:24.418#Z#DEBUG#125301ff-ac10-11f1-b39f-eeee0a9ef9bb.OPERATION#flowable-async-job-executor-thread-6568#
[ProcessDescriptorStep] Subscriptions: [ ]#
#2026 09 09 05:34:24.429#Z#DEBUG#125301ff-ac10-11f1-b39f-eeee0a9ef9bb.OPERATION#flowable-async-job-executor-thread-6568#
[ProcessDescriptorStep] MTA modules: [Insurance_claim_management, Insurance_claim_management-db-deployer, Insurance_claim_management-srv]#
#2026 09 09 05:34:24.434#Z#DEBUG#125301ff-ac10-11f1-b39f-eeee0a9ef9bb.OPERATION#flowable-async-job-executor-thread-6568#
[ProcessDescriptorStep] Resolved deployment descriptor: {
  "majorSchemaVersion" : 3,
  "schemaVersion" : "3.3.0",
  "id" : "Insurance_claim_management",
  "version" : "1.0.0",
  "modules" : [ {
    "majorSchemaVersion" : 3,
    "name" : "Insurance_claim_management-srv",
    "type" : "javascript.nodejs",
    "path" : "Insurance_claim_management-srv",
    "properties" : { },
    "parameters" : {
      "default-url" : "https://547c31aatrial-dev-insurance-claim-management-srv.cfapps.us10-001.hana.ondemand.com",
      "default-app-name" : "Insurance_claim_management-srv",
      "generated-password" : "********",
      "default-live-url" : "https://547c31aatrial-dev-insurance-claim-management-srv.cfapps.us10-001.hana.ondemand.com",
      "default-uri" : "547c31aatrial-dev-insurance-claim-management-srv.cfapps.us10-001.hana.ondemand.com",
      "default-instances" : 1,
      "default-live-host" : "547c31aatrial-dev-insurance-claim-management-srv",
      "instances" : 1,
      "buildpack" : "nodejs_buildpack",
      "default-host" : "547c31aatrial-dev-insurance-claim-management-srv",
      "app-name" : "Insurance_claim_management-srv",
      "default-live-uri" : "547c31aatrial-dev-insurance-claim-management-srv.cfapps.us10-001.hana.ondemand.com",
      "protocol" : "https",
      "default-live-app-name" : "Insurance_claim_management-srv",
      "default-live-domain" : "cfapps.us10-001.hana.ondemand.com",
      "domain" : "cfapps.us10-001.hana.ondemand.com",
      "host" : "547c31aatrial-dev-insurance-claim-management-srv",
      "generated-user" : "********"
    },
    "requiredDependencies" : [ {
      "majorSchemaVersion" : 3,
      "name" : "********",
      "properties" : { },
      "parameters" : { },
      "propertiesMetadata" : {
        "metadata" : { }
      },
      "parametersMetadata" : {
        "metadata" : { }
      }
    }, {
      "majorSchemaVersion" : 3,
      "name" : "Insurance_claim_management-db",
      "properties" : { },
      "parameters" : { },
      "propertiesMetadata" : {
        "metadata" : { }
      },
      "parametersMetadata" : {
        "metadata" : { }
      }
    }, {
      "majorSchemaVersion" : 3,
      "name" : "Insurance_claim_management-destination",
      "properties" : { },
      "parameters" : { },
      "propertiesMetadata" : {
        "metadata" : { }
      },
      "parametersMetadata" : {
        "metadata" : { }
      }
    } ],
    "providedDependencies" : [ {
      "majorSchemaVersion" : 3,
      "name" : "srv-api",
      "isPublic" : false,
      "properties" : {
        "srv-url" : "https://547c31aatrial-dev-insurance-claim-management-srv.cfapps.us10-001.hana.ondemand.com"
      },
      "parameters" : { },
      "propertiesMetadata" : {
        "metadata" : { }
      },
      "parametersMetadata" : {
        "metadata" : { }
      }
    }, {
      "majorSchemaVersion" : 3,
      "name" : "Insurance_claim_management-srv",
      "isPublic" : false,
      "properties" : { },
      "parameters" : { },
      "propertiesMetadata" : {
        "metadata" : { }
      },
      "parametersMetadata" : {
        "metadata" : { }
      }
    } ],
    "propertiesMetadata" : {
      "metadata" : { }
    },
    "parametersMetadata" : {
      "metadata" : { }
    },
    "hooks" : [ ]
  }, {
    "majorSchemaVersion" : 3,
    "name" : "Insurance_claim_management-db-deployer",
    "type" : "com.sap.xs.hdi",
    "path" : "Insurance_claim_management-db-deployer",
    "properties" : {
      "EXIT" : 1
    },
    "parameters" : {
      "default-url" : "https://547c31aatrial-dev-insurance-claim-management-db-deployer.cfapps.us10-001.hana.ondemand.com",
      "default-app-name" : "Insurance_claim_management-db-deployer",
      "generated-password" : "********",
      "default-live-url" : "https://547c31aatrial-dev-insurance-claim-management-db-deployer.cfapps.us10-001.hana.ondemand.com",
      "default-uri" : "547c31aatrial-dev-insurance-claim-management-db-deployer.cfapps.us10-001.hana.ondemand.com",
      "memory" : "256M",
      "default-instances" : 1,
      "no-route" : true,
      "default-live-host" : "547c31aatrial-dev-insurance-claim-management-db-deployer",
      "instances" : 1,
      "buildpack" : "nodejs_buildpack",
      "default-host" : "547c31aatrial-dev-insurance-claim-management-db-deployer",
      "app-name" : "Insurance_claim_management-db-deployer",
      "default-live-uri" : "547c31aatrial-dev-insurance-claim-management-db-deployer.cfapps.us10-001.hana.ondemand.com",
      "protocol" : "https",
      "default-live-app-name" : "Insurance_claim_management-db-deployer",
      "default-live-domain" : "cfapps.us10-001.hana.ondemand.com",
      "dependency-type" : "hard",
      "domain" : "cfapps.us10-001.hana.ondemand.com",
      "host" : "547c31aatrial-dev-insurance-claim-management-db-deployer",
      "generated-user" : "********",
      "tasks" : [ {
        "command" : "npm start",
        "memory" : "256M",
        "name" : "deploy"
      } ],
      "no-start" : true
    },
    "requiredDependencies" : [ {
      "majorSchemaVersion" : 3,
      "name" : "Insurance_claim_management-db",
      "properties" : { },
      "parameters" : { },
      "propertiesMetadata" : {
        "metadata" : { }
      },
      "parametersMetadata" : {
        "metadata" : { }
      }
    } ],
    "providedDependencies" : [ {
      "majorSchemaVersion" : 3,
      "name" : "Insurance_claim_management-db-deployer",
      "isPublic" : false,
      "properties" : { },
      "parameters" : { },
      "propertiesMetadata" : {
        "metadata" : { }
      },
      "parametersMetadata" : {
        "metadata" : { }
      }
    } ],
    "propertiesMetadata" : {
      "metadata" : { }
    },
    "parametersMetadata" : {
      "metadata" : { }
    },
    "hooks" : [ ]
  }, {
    "majorSchemaVersion" : 3,
    "name" : "Insurance_claim_management",
    "type" : "javascript.nodejs",
    "path" : "Insurance_claim_management",
    "properties" : { },
    "parameters" : {
      "default-url" : "https://547c31aatrial-dev-insurance-claim-management.cfapps.us10-001.hana.ondemand.com",
      "default-app-name" : "Insurance_claim_management",
      "generated-password" : "********",
      "default-live-url" : "https://547c31aatrial-dev-insurance-claim-management.cfapps.us10-001.hana.ondemand.com",
      "default-uri" : "547c31aatrial-dev-insurance-claim-management.cfapps.us10-001.hana.ondemand.com",
      "memory" : "256M",
      "default-instances" : 1,
      "default-live-host" : "547c31aatrial-dev-insurance-claim-management",
      "instances" : 1,
      "default-host" : "547c31aatrial-dev-insurance-claim-management",
      "keep-existing-routes" : true,
      "app-name" : "Insurance_claim_management",
      "default-live-uri" : "547c31aatrial-dev-insurance-claim-management.cfapps.us10-001.hana.ondemand.com",
      "protocol" : "https",
      "default-live-app-name" : "Insurance_claim_management",
      "default-live-domain" : "cfapps.us10-001.hana.ondemand.com",
      "disk-quota" : "256M",
      "domain" : "cfapps.us10-001.hana.ondemand.com",
      "host" : "547c31aatrial-dev-insurance-claim-management",
      "generated-user" : "********"
    },
    "requiredDependencies" : [ {
      "majorSchemaVersion" : 3,
      "name" : "srv-api",
      "group" : "destinations",
      "properties" : {
        "name" : "srv-api",
        "forwardAuthToken" : "********",
        "url" : "https://547c31aatrial-dev-insurance-claim-management-srv.cfapps.us10-001.hana.ondemand.com"
      },
      "parameters" : { },
      "propertiesMetadata" : {
        "metadata" : { }
      },
      "parametersMetadata" : {
        "metadata" : { }
      }
    }, {
      "majorSchemaVersion" : 3,
      "name" : "********",
      "properties" : { },
      "parameters" : { },
      "propertiesMetadata" : {
        "metadata" : { }
      },
      "parametersMetadata" : {
        "metadata" : { }
      }
    } ],
    "providedDependencies" : [ {
      "majorSchemaVersion" : 3,
      "name" : "app-api",
      "isPublic" : false,
      "properties" : {
        "app-protocol" : "https",
        "app-uri" : "547c31aatrial-dev-insurance-claim-management.cfapps.us10-001.hana.ondemand.com"
      },
      "parameters" : { },
      "propertiesMetadata" : {
        "metadata" : { }
      },
      "parametersMetadata" : {
        "metadata" : { }
      }
    }, {
      "majorSchemaVersion" : 3,
      "name" : "Insurance_claim_management",
      "isPublic" : false,
      "properties" : { },
      "parameters" : { },
      "propertiesMetadata" : {
        "metadata" : { }
      },
      "parametersMetadata" : {
        "metadata" : { }
      }
    } ],
    "propertiesMetadata" : {
      "metadata" : { }
    },
    "parametersMetadata" : {
      "metadata" : { }
    },
    "hooks" : [ ]
  } ],
  "resources" : [ {
    "majorSchemaVersion" : 3,
    "name" : "********",
    "type" : "org.cloudfoundry.managed-service",
    "properties" : { },
    "parameters" : {
      "generated-password" : "********",
      "path" : "./xs-security.json",
      "service-name" : "********",
      "service-plan" : "application",
      "service" : "xsuaa",
      "generated-user" : "********",
      "default-xsappname" : "********",
      "type" : "managed-service",
      "config" : {
        "oauth2-configuration" : "********",
        "tenant-mode" : "dedicated",
        "xsappname" : "Insurance_claim_management-547c31aatrial-dev"
      },
      "default-service-name" : "********",
      "default-container-name" : "********"
    },
    "isActive" : true,
    "isOptional" : false,
    "propertiesMetadata" : {
      "metadata" : { }
    },
    "parametersMetadata" : {
      "metadata" : { }
    },
    "requiredDependencies" : [ {
      "majorSchemaVersion" : 3,
      "name" : "app-api",
      "properties" : { },
      "parameters" : { },
      "propertiesMetadata" : {
        "metadata" : { }
      },
      "parametersMetadata" : {
        "metadata" : { }
      }
    } ],
    "processedAfter" : [ ]
  }, {
    "majorSchemaVersion" : 3,
    "name" : "Insurance_claim_management-db",
    "type" : "com.sap.xs.hdi-container",
    "properties" : { },
    "parameters" : {
      "generated-password" : "********",
      "service-name" : "Insurance_claim_management-db",
      "service-plan" : "hdi-shared",
      "service" : "hana",
      "generated-user" : "********",
      "default-xsappname" : "Insurance_claim_management-db",
      "type" : "managed-service",
      "default-service-name" : "Insurance_claim_management-db",
      "default-container-name" : "547C31AATRIAL_DEV_INSURANCE_CLAIM_MANAGEMENT_DB"
    },
    "isActive" : true,
    "isOptional" : false,
    "propertiesMetadata" : {
      "metadata" : { }
    },
    "parametersMetadata" : {
      "metadata" : { }
    },
    "requiredDependencies" : [ ],
    "processedAfter" : [ ]
  }, {
    "majorSchemaVersion" : 3,
    "name" : "Insurance_claim_management-destination",
    "type" : "org.cloudfoundry.managed-service",
    "properties" : { },
    "parameters" : {
      "generated-password" : "********",
      "service-name" : "Insurance_claim_management-destination",
      "service-plan" : "lite",
      "service" : "destination",
      "generated-user" : "********",
      "default-xsappname" : "Insurance_claim_management-destination",
      "type" : "managed-service",
      "default-service-name" : "Insurance_claim_management-destination",
      "default-container-name" : "547C31AATRIAL_DEV_INSURANCE_CLAIM_MANAGEMENT_DESTINATION"
    },
    "isActive" : true,
    "isOptional" : false,
    "propertiesMetadata" : {
      "metadata" : { }
    },
    "parametersMetadata" : {
      "metadata" : { }
    },
    "requiredDependencies" : [ ],
    "processedAfter" : [ ]
  } ],
  "parameters" : {
    "mta-id" : "Insurance_claim_management",
    "authorization-url" : "********",
    "org-guid" : "a8788203-b551-47eb-923a-7c205db28329",
    "org" : "547c31aatrial",
    "deploy-target" : "547c31aatrial dev",
    "enable-parallel-deployments" : true,
    "region-primary-domain" : "us10.hana.ondemand.com",
    "space" : "dev",
    "region-domain" : "us10-001.hana.ondemand.com",
    "xs-api-url" : "https://api.cf.us10-001.hana.ondemand.com",
    "deploy-url" : "deploy-service.cfapps.us10-001.hana.ondemand.com",
    "xs-type" : "CF",
    "default-domain" : "cfapps.us10-001.hana.ondemand.com",
    "mta-version" : "1.0.0",
    "xs-auth-url" : "********",
    "space-guid" : "7e49670e-3a44-466e-ab78-1909884ded4e",
    "user" : "********",
    "controller-url" : "https://api.cf.us10-001.hana.ondemand.com",
    "timestamp" : "20260909053405"
  },
  "parametersMetadata" : {
    "metadata" : { }
  }
}#
#2026 09 09 05:34:24.434#Z#DEBUG#125301ff-ac10-11f1-b39f-eeee0a9ef9bb.OPERATION#flowable-async-job-executor-thread-6568#
[ProcessDescriptorStep] Merged descriptor properties and parameters resolved#
#2026 09 09 05:34:24.434#Z#DEBUG#125301ff-ac10-11f1-b39f-eeee0a9ef9bb.OPERATION#flowable-async-job-executor-thread-6568#
Step "Re-Process Descriptor Step" finished#
#2026 09 09 05:34:24.488#Z#DEBUG#125301ff-ac10-11f1-b39f-eeee0a9ef9bb.OPERATION#flowable-async-job-executor-thread-6568#
[BuildApplicationDeployModelStep] Executing task "buildApplicationDeployModelTask" of process "1db6815b-ac10-11f1-9fee-eeee0a8f4579"...#
#2026 09 09 05:34:24.492#Z#DEBUG#125301ff-ac10-11f1-b39f-eeee0a9ef9bb.OPERATION#flowable-async-job-executor-thread-6568#
[BuildApplicationDeployModelStep] Building cloud deployment model for application "Insurance_claim_management"...#
#2026 09 09 05:34:24.499#Z#DEBUG#125301ff-ac10-11f1-b39f-eeee0a9ef9bb.OPERATION#flowable-async-job-executor-thread-6568#
[BuildApplicationDeployModelStep] Getting routes for application "ee8268c6-5ffd-425a-b49a-ee1e2c76f442"...#
#2026 09 09 05:34:24.535#Z#DEBUG#125301ff-ac10-11f1-b39f-eeee0a9ef9bb.OPERATION#flowable-async-job-executor-thread-6568#
[BuildApplicationDeployModelStep] No health-check-type is specified. Setting default type: port#
#2026 09 09 05:34:24.536#Z#INFO#125301ff-ac10-11f1-b39f-eeee0a9ef9bb.OPERATION#flowable-async-job-executor-thread-6568#
[BuildApplicationDeployModelStep] Building configuration entries for org 547c31aatrial, space dev, spaceId 7e49670e-3a44-466e-ab78-1909884ded4e and namespace null!#
#2026 09 09 05:34:24.538#Z#DEBUG#125301ff-ac10-11f1-b39f-eeee0a9ef9bb.OPERATION#flowable-async-job-executor-thread-6568#
[BuildApplicationDeployModelStep] Configuration entries to publish: [ ]#
#2026 09 09 05:34:24.538#Z#DEBUG#125301ff-ac10-11f1-b39f-eeee0a9ef9bb.OPERATION#flowable-async-job-executor-thread-6568#
[BuildApplicationDeployModelStep] Cloud deployment model for application built#
#2026 09 09 05:34:24.538#Z#DEBUG#125301ff-ac10-11f1-b39f-eeee0a9ef9bb.OPERATION#flowable-async-job-executor-thread-6568#
Step "Build Application Deploy Model" finished#
#2026 09 09 05:34:24.478#Z#DEBUG#125301ff-ac10-11f1-b39f-eeee0a9ef9bb.OPERATION#flowable-async-job-executor-thread-6562#
[CheckServiceBindingOperationStep] Executing task "checkForServiceBindingOperationInProgress" of process "1dc611f5-ac10-11f1-9fee-eeee0a8f4579"...#
#2026 09 09 05:34:24.478#Z#DEBUG#125301ff-ac10-11f1-b39f-eeee0a9ef9bb.OPERATION#flowable-async-job-executor-thread-6562#
[CheckServiceBindingOperationStep] Checking for service binding operation in progress between app "Insurance_claim_management-db-deployer" and service instance "Insurance_claim_management-db"#
#2026 09 09 05:34:24.480#Z#DEBUG#125301ff-ac10-11f1-b39f-eeee0a9ef9bb.OPERATION#flowable-async-job-executor-thread-6562#
[CheckServiceBindingOperationStep] Getting application guid "Insurance_claim_management-db-deployer"...#
#2026 09 09 05:34:24.512#Z#DEBUG#125301ff-ac10-11f1-b39f-eeee0a9ef9bb.OPERATION#flowable-async-job-executor-thread-6562#
[CheckServiceBindingOperationStep] Getting GUID of required service instance "Insurance_claim_management-db"...#
#2026 09 09 05:34:24.542#Z#DEBUG#125301ff-ac10-11f1-b39f-eeee0a9ef9bb.OPERATION#flowable-async-job-executor-thread-6562#
[CheckServiceBindingOperationStep] Getting binding of service instance "40ada052-98ad-422f-b7ab-f78e2b93250f" with application "34352468-b085-4729-8d97-bdb72238eaed"...#
#2026 09 09 05:34:24.574#Z#DEBUG#125301ff-ac10-11f1-b39f-eeee0a9ef9bb.OPERATION#flowable-async-job-executor-thread-6562#
[CheckServiceBindingOperationStep] Service binding operation "8e0be8d6-5ff5-4437-8f16-19c81c2cc1f3" with type "create" is in state "succeeded"#
#2026 09 09 05:34:24.574#Z#DEBUG#125301ff-ac10-11f1-b39f-eeee0a9ef9bb.OPERATION#flowable-async-job-executor-thread-6562#
Step "Check For Service Binding Operation In Progress" finished#
#2026 09 09 05:34:24.615#Z#DEBUG#125301ff-ac10-11f1-b39f-eeee0a9ef9bb.OPERATION#flowable-async-job-executor-thread-6562#
[DetermineApplicationServiceBindingActionsStep] Executing task "determineApplicationServiceBindingActionsTask" of process "1dc611f5-ac10-11f1-9fee-eeee0a8f4579"...#
#2026 09 09 05:34:24.618#Z#DEBUG#125301ff-ac10-11f1-b39f-eeee0a9ef9bb.OPERATION#flowable-async-job-executor-thread-6562#
[DetermineApplicationServiceBindingActionsStep] Determine bind/unbind operations of application "Insurance_claim_management-db-deployer" to service instance "Insurance_claim_management-db"#
#2026 09 09 05:34:24.618#Z#DEBUG#125301ff-ac10-11f1-b39f-eeee0a9ef9bb.OPERATION#flowable-async-job-executor-thread-6562#
[DetermineApplicationServiceBindingActionsStep] Getting application "Insurance_claim_management-db-deployer"...#
#2026 09 09 05:34:24.658#Z#DEBUG#125301ff-ac10-11f1-b39f-eeee0a9ef9bb.OPERATION#flowable-async-job-executor-thread-6562#
[DetermineApplicationServiceBindingActionsStep] Binding parameters for application "Insurance_claim_management-db-deployer": { }#
#2026 09 09 05:34:24.691#Z#DEBUG#125301ff-ac10-11f1-b39f-eeee0a9ef9bb.OPERATION#flowable-async-job-executor-thread-6562#
[DetermineApplicationServiceBindingActionsStep] Check should rebind application "Insurance_claim_management-db-deployer" and service instance "Insurance_claim_management-db"#
#2026 09 09 05:34:24.691#Z#DEBUG#125301ff-ac10-11f1-b39f-eeee0a9ef9bb.OPERATION#flowable-async-job-executor-thread-6562#
[DetermineApplicationServiceBindingActionsStep] Getting GUID of required service instance "Insurance_claim_management-db"...#
#2026 09 09 05:34:24.717#Z#DEBUG#125301ff-ac10-11f1-b39f-eeee0a9ef9bb.OPERATION#flowable-async-job-executor-thread-6562#
[DetermineApplicationServiceBindingActionsStep] Getting binding of service instance "40ada052-98ad-422f-b7ab-f78e2b93250f" with application "34352468-b085-4729-8d97-bdb72238eaed"...#
#2026 09 09 05:34:24.752#Z#DEBUG#125301ff-ac10-11f1-b39f-eeee0a9ef9bb.OPERATION#flowable-async-job-executor-thread-6562#
[DetermineApplicationServiceBindingActionsStep] Getting parameters of service binding "8e0be8d6-5ff5-4437-8f16-19c81c2cc1f3"...#
#2026 09 09 05:34:24.949#Z#INFO#125301ff-ac10-11f1-b39f-eeee0a9ef9bb.OPERATION#flowable-async-job-executor-thread-6562#
[DetermineApplicationServiceBindingActionsStep] Service instance "Insurance_claim_management-db" will not be rebound to application "Insurance_claim_management-db-deployer" because the binding parameters are not modified#
#2026 09 09 05:34:24.958#Z#DEBUG#125301ff-ac10-11f1-b39f-eeee0a9ef9bb.OPERATION#flowable-async-job-executor-thread-6562#
[DetermineApplicationServiceBindingActionsStep] Calculated binding operations between application "Insurance_claim_management-db-deployer" and service instance "Insurance_claim_management-db": unbind - false bind - false#
#2026 09 09 05:34:24.958#Z#DEBUG#125301ff-ac10-11f1-b39f-eeee0a9ef9bb.OPERATION#flowable-async-job-executor-thread-6562#
Step "Determine Application Service Binding Actions" finished#
#2026 09 09 05:34:24.591#Z#DEBUG#125301ff-ac10-11f1-b39f-eeee0a9ef9bb.OPERATION#flowable-async-job-executor-thread-6568#
[CreateOrUpdateAppStep] Executing task "createAppTask" of process "1db6815b-ac10-11f1-9fee-eeee0a8f4579"...#
#2026 09 09 05:34:24.594#Z#DEBUG#125301ff-ac10-11f1-b39f-eeee0a9ef9bb.OPERATION#flowable-async-job-executor-thread-6568#
[CreateOrUpdateAppStep] Getting application "Insurance_claim_management"...#
#2026 09 09 05:34:24.645#Z#INFO#125301ff-ac10-11f1-b39f-eeee0a9ef9bb.OPERATION#flowable-async-job-executor-thread-6568#
[CreateOrUpdateAppStep] Updating application "Insurance_claim_management"...#
#2026 09 09 05:34:24.654#Z#DEBUG#125301ff-ac10-11f1-b39f-eeee0a9ef9bb.OPERATION#flowable-async-job-executor-thread-6568#
[CreateOrUpdateAppStep] Getting process for application "ee8268c6-5ffd-425a-b49a-ee1e2c76f442"...#
#2026 09 09 05:34:24.683#Z#DEBUG#125301ff-ac10-11f1-b39f-eeee0a9ef9bb.OPERATION#flowable-async-job-executor-thread-6568#
[CreateOrUpdateAppStep] Getting routes for application "ee8268c6-5ffd-425a-b49a-ee1e2c76f442"...#
#2026 09 09 05:34:24.716#Z#DEBUG#125301ff-ac10-11f1-b39f-eeee0a9ef9bb.OPERATION#flowable-async-job-executor-thread-6568#
[CreateOrUpdateAppStep] Getting features for application "ee8268c6-5ffd-425a-b49a-ee1e2c76f442"#
#2026 09 09 05:34:24.738#Z#DEBUG#125301ff-ac10-11f1-b39f-eeee0a9ef9bb.OPERATION#flowable-async-job-executor-thread-6568#
[CreateOrUpdateAppStep] Updating staging of application "Insurance_claim_management" to: {
  "buildpacks" : [ ],
  "healthCheckType" : "port",
  "appFeatures" : { }
}#
#2026 09 09 05:34:24.928#Z#DEBUG#125301ff-ac10-11f1-b39f-eeee0a9ef9bb.OPERATION#flowable-async-job-executor-thread-6568#
[CreateOrUpdateAppStep] Application "Insurance_claim_management" updated#
#2026 09 09 05:34:24.928#Z#DEBUG#125301ff-ac10-11f1-b39f-eeee0a9ef9bb.OPERATION#flowable-async-job-executor-thread-6568#
[CreateOrUpdateAppStep] Getting environment of application "ee8268c6-5ffd-425a-b49a-ee1e2c76f442"...#
#2026 09 09 05:34:24.995#Z#DEBUG#125301ff-ac10-11f1-b39f-eeee0a9ef9bb.OPERATION#flowable-async-job-executor-thread-6568#
[CreateOrUpdateAppStep] Application "Insurance_claim_management" updated#
#2026 09 09 05:34:24.995#Z#DEBUG#125301ff-ac10-11f1-b39f-eeee0a9ef9bb.OPERATION#flowable-async-job-executor-thread-6568#
Step "Create App" finished#
#2026 09 09 05:34:25.129#Z#DEBUG#125301ff-ac10-11f1-b39f-eeee0a9ef9bb.OPERATION#flowable-async-job-executor-thread-6562#
[DetermineVcapServicesPropertiesChangedStep] Executing task "determineVcapServicesPropertiesChangedTask" of process "1e27e04c-ac10-11f1-9fee-eeee0a8f4579"...#
#2026 09 09 05:34:25.131#Z#DEBUG#125301ff-ac10-11f1-b39f-eeee0a9ef9bb.OPERATION#flowable-async-job-executor-thread-6562#
[DetermineVcapServicesPropertiesChangedStep] VCAP_SERVICES properties for application "Insurance_claim_management-db-deployer" changed: false#
#2026 09 09 05:34:25.131#Z#DEBUG#125301ff-ac10-11f1-b39f-eeee0a9ef9bb.OPERATION#flowable-async-job-executor-thread-6562#
Step "Determine vcap services properties changed" finished#
#2026 09 09 05:34:25.121#Z#DEBUG#125301ff-ac10-11f1-b39f-eeee0a9ef9bb.OPERATION#flowable-async-job-executor-thread-6568#
[CheckServiceBindingOperationStep] Executing task "checkForServiceBindingOperationInProgress" of process "1e294001-ac10-11f1-9fee-eeee0a8f4579"...#
#2026 09 09 05:34:25.122#Z#DEBUG#125301ff-ac10-11f1-b39f-eeee0a9ef9bb.OPERATION#flowable-async-job-executor-thread-6568#
[CheckServiceBindingOperationStep] Checking for service binding operation in progress between app "Insurance_claim_management" and service instance "Insurance_claim_management-auth"#
#2026 09 09 05:34:25.123#Z#DEBUG#125301ff-ac10-11f1-b39f-eeee0a9ef9bb.OPERATION#flowable-async-job-executor-thread-6568#
[CheckServiceBindingOperationStep] Getting application guid "Insurance_claim_management"...#
#2026 09 09 05:34:25.155#Z#DEBUG#125301ff-ac10-11f1-b39f-eeee0a9ef9bb.OPERATION#flowable-async-job-executor-thread-6568#
[CheckServiceBindingOperationStep] Getting GUID of required service instance "Insurance_claim_management-auth"...#
#2026 09 09 05:34:25.186#Z#DEBUG#125301ff-ac10-11f1-b39f-eeee0a9ef9bb.OPERATION#flowable-async-job-executor-thread-6568#
[CheckServiceBindingOperationStep] Getting binding of service instance "e5e70aef-e707-4a06-b058-4925e1315219" with application "ee8268c6-5ffd-425a-b49a-ee1e2c76f442"...#
#2026 09 09 05:34:25.221#Z#DEBUG#125301ff-ac10-11f1-b39f-eeee0a9ef9bb.OPERATION#flowable-async-job-executor-thread-6568#
[CheckServiceBindingOperationStep] Service binding operation "a8094b05-d260-41e9-9a9f-31de659cb8ce" with type "create" is in state "succeeded"#
#2026 09 09 05:34:25.221#Z#DEBUG#125301ff-ac10-11f1-b39f-eeee0a9ef9bb.OPERATION#flowable-async-job-executor-thread-6568#
Step "Check For Service Binding Operation In Progress" finished#
#2026 09 09 05:34:25.350#Z#DEBUG#125301ff-ac10-11f1-b39f-eeee0a9ef9bb.OPERATION#flowable-async-job-executor-thread-9320#
[ProcessDescriptorStep] Executing task "reprocessDescriptorTask" of process "1e48fd8b-ac10-11f1-b39f-eeee0a9ef9bb"...#
#2026 09 09 05:34:25.351#Z#DEBUG#125301ff-ac10-11f1-b39f-eeee0a9ef9bb.OPERATION#flowable-async-job-executor-thread-9320#
[ProcessDescriptorStep] Resolving properties and parameters in merged descriptor...#
#2026 09 09 05:34:25.355#Z#DEBUG#125301ff-ac10-11f1-b39f-eeee0a9ef9bb.OPERATION#flowable-async-job-executor-thread-9320#
[ProcessDescriptorStep] Subscriptions: [ ]#
#2026 09 09 05:34:25.361#Z#DEBUG#125301ff-ac10-11f1-b39f-eeee0a9ef9bb.OPERATION#flowable-async-job-executor-thread-9320#
[ProcessDescriptorStep] MTA modules: [Insurance_claim_management, Insurance_claim_management-db-deployer, Insurance_claim_management-srv]#
#2026 09 09 05:34:25.364#Z#DEBUG#125301ff-ac10-11f1-b39f-eeee0a9ef9bb.OPERATION#flowable-async-job-executor-thread-9320#
[ProcessDescriptorStep] Resolved deployment descriptor: {
  "majorSchemaVersion" : 3,
  "schemaVersion" : "3.3.0",
  "id" : "Insurance_claim_management",
  "version" : "1.0.0",
  "modules" : [ {
    "majorSchemaVersion" : 3,
    "name" : "Insurance_claim_management-srv",
    "type" : "javascript.nodejs",
    "path" : "Insurance_claim_management-srv",
    "properties" : { },
    "parameters" : {
      "default-url" : "https://547c31aatrial-dev-insurance-claim-management-srv.cfapps.us10-001.hana.ondemand.com",
      "default-app-name" : "Insurance_claim_management-srv",
      "generated-password" : "********",
      "default-live-url" : "https://547c31aatrial-dev-insurance-claim-management-srv.cfapps.us10-001.hana.ondemand.com",
      "default-uri" : "547c31aatrial-dev-insurance-claim-management-srv.cfapps.us10-001.hana.ondemand.com",
      "default-instances" : 1,
      "default-live-host" : "547c31aatrial-dev-insurance-claim-management-srv",
      "instances" : 1,
      "buildpack" : "nodejs_buildpack",
      "default-host" : "547c31aatrial-dev-insurance-claim-management-srv",
      "app-name" : "Insurance_claim_management-srv",
      "default-live-uri" : "547c31aatrial-dev-insurance-claim-management-srv.cfapps.us10-001.hana.ondemand.com",
      "protocol" : "https",
      "default-live-app-name" : "Insurance_claim_management-srv",
      "default-live-domain" : "cfapps.us10-001.hana.ondemand.com",
      "domain" : "cfapps.us10-001.hana.ondemand.com",
      "host" : "547c31aatrial-dev-insurance-claim-management-srv",
      "generated-user" : "********"
    },
    "requiredDependencies" : [ {
      "majorSchemaVersion" : 3,
      "name" : "********",
      "properties" : { },
      "parameters" : { },
      "propertiesMetadata" : {
        "metadata" : { }
      },
      "parametersMetadata" : {
        "metadata" : { }
      }
    }, {
      "majorSchemaVersion" : 3,
      "name" : "Insurance_claim_management-db",
      "properties" : { },
      "parameters" : { },
      "propertiesMetadata" : {
        "metadata" : { }
      },
      "parametersMetadata" : {
        "metadata" : { }
      }
    }, {
      "majorSchemaVersion" : 3,
      "name" : "Insurance_claim_management-destination",
      "properties" : { },
      "parameters" : { },
      "propertiesMetadata" : {
        "metadata" : { }
      },
      "parametersMetadata" : {
        "metadata" : { }
      }
    } ],
    "providedDependencies" : [ {
      "majorSchemaVersion" : 3,
      "name" : "srv-api",
      "isPublic" : false,
      "properties" : {
        "srv-url" : "https://547c31aatrial-dev-insurance-claim-management-srv.cfapps.us10-001.hana.ondemand.com"
      },
      "parameters" : { },
      "propertiesMetadata" : {
        "metadata" : { }
      },
      "parametersMetadata" : {
        "metadata" : { }
      }
    }, {
      "majorSchemaVersion" : 3,
      "name" : "Insurance_claim_management-srv",
      "isPublic" : false,
      "properties" : { },
      "parameters" : { },
      "propertiesMetadata" : {
        "metadata" : { }
      },
      "parametersMetadata" : {
        "metadata" : { }
      }
    } ],
    "propertiesMetadata" : {
      "metadata" : { }
    },
    "parametersMetadata" : {
      "metadata" : { }
    },
    "hooks" : [ ]
  }, {
    "majorSchemaVersion" : 3,
    "name" : "Insurance_claim_management-db-deployer",
    "type" : "com.sap.xs.hdi",
    "path" : "Insurance_claim_management-db-deployer",
    "properties" : {
      "EXIT" : 1
    },
    "parameters" : {
      "default-url" : "https://547c31aatrial-dev-insurance-claim-management-db-deployer.cfapps.us10-001.hana.ondemand.com",
      "default-app-name" : "Insurance_claim_management-db-deployer",
      "generated-password" : "********",
      "default-live-url" : "https://547c31aatrial-dev-insurance-claim-management-db-deployer.cfapps.us10-001.hana.ondemand.com",
      "default-uri" : "547c31aatrial-dev-insurance-claim-management-db-deployer.cfapps.us10-001.hana.ondemand.com",
      "memory" : "256M",
      "default-instances" : 1,
      "no-route" : true,
      "default-live-host" : "547c31aatrial-dev-insurance-claim-management-db-deployer",
      "instances" : 1,
      "buildpack" : "nodejs_buildpack",
      "default-host" : "547c31aatrial-dev-insurance-claim-management-db-deployer",
      "app-name" : "Insurance_claim_management-db-deployer",
      "default-live-uri" : "547c31aatrial-dev-insurance-claim-management-db-deployer.cfapps.us10-001.hana.ondemand.com",
      "protocol" : "https",
      "default-live-app-name" : "Insurance_claim_management-db-deployer",
      "default-live-domain" : "cfapps.us10-001.hana.ondemand.com",
      "dependency-type" : "hard",
      "domain" : "cfapps.us10-001.hana.ondemand.com",
      "host" : "547c31aatrial-dev-insurance-claim-management-db-deployer",
      "generated-user" : "********",
      "tasks" : [ {
        "command" : "npm start",
        "memory" : "256M",
        "name" : "deploy"
      } ],
      "no-start" : true
    },
    "requiredDependencies" : [ {
      "majorSchemaVersion" : 3,
      "name" : "Insurance_claim_management-db",
      "properties" : { },
      "parameters" : { },
      "propertiesMetadata" : {
        "metadata" : { }
      },
      "parametersMetadata" : {
        "metadata" : { }
      }
    } ],
    "providedDependencies" : [ {
      "majorSchemaVersion" : 3,
      "name" : "Insurance_claim_management-db-deployer",
      "isPublic" : false,
      "properties" : { },
      "parameters" : { },
      "propertiesMetadata" : {
        "metadata" : { }
      },
      "parametersMetadata" : {
        "metadata" : { }
      }
    } ],
    "propertiesMetadata" : {
      "metadata" : { }
    },
    "parametersMetadata" : {
      "metadata" : { }
    },
    "hooks" : [ ]
  }, {
    "majorSchemaVersion" : 3,
    "name" : "Insurance_claim_management",
    "type" : "javascript.nodejs",
    "path" : "Insurance_claim_management",
    "properties" : { },
    "parameters" : {
      "default-url" : "https://547c31aatrial-dev-insurance-claim-management.cfapps.us10-001.hana.ondemand.com",
      "default-app-name" : "Insurance_claim_management",
      "generated-password" : "********",
      "default-live-url" : "https://547c31aatrial-dev-insurance-claim-management.cfapps.us10-001.hana.ondemand.com",
      "default-uri" : "547c31aatrial-dev-insurance-claim-management.cfapps.us10-001.hana.ondemand.com",
      "memory" : "256M",
      "default-instances" : 1,
      "default-live-host" : "547c31aatrial-dev-insurance-claim-management",
      "instances" : 1,
      "default-host" : "547c31aatrial-dev-insurance-claim-management",
      "keep-existing-routes" : true,
      "app-name" : "Insurance_claim_management",
      "default-live-uri" : "547c31aatrial-dev-insurance-claim-management.cfapps.us10-001.hana.ondemand.com",
      "protocol" : "https",
      "default-live-app-name" : "Insurance_claim_management",
      "default-live-domain" : "cfapps.us10-001.hana.ondemand.com",
      "disk-quota" : "256M",
      "domain" : "cfapps.us10-001.hana.ondemand.com",
      "host" : "547c31aatrial-dev-insurance-claim-management",
      "generated-user" : "********"
    },
    "requiredDependencies" : [ {
      "majorSchemaVersion" : 3,
      "name" : "srv-api",
      "group" : "destinations",
      "properties" : {
        "name" : "srv-api",
        "forwardAuthToken" : "********",
        "url" : "https://547c31aatrial-dev-insurance-claim-management-srv.cfapps.us10-001.hana.ondemand.com"
      },
      "parameters" : { },
      "propertiesMetadata" : {
        "metadata" : { }
      },
      "parametersMetadata" : {
        "metadata" : { }
      }
    }, {
      "majorSchemaVersion" : 3,
      "name" : "********",
      "properties" : { },
      "parameters" : { },
      "propertiesMetadata" : {
        "metadata" : { }
      },
      "parametersMetadata" : {
        "metadata" : { }
      }
    } ],
    "providedDependencies" : [ {
      "majorSchemaVersion" : 3,
      "name" : "app-api",
      "isPublic" : false,
      "properties" : {
        "app-protocol" : "https",
        "app-uri" : "547c31aatrial-dev-insurance-claim-management.cfapps.us10-001.hana.ondemand.com"
      },
      "parameters" : { },
      "propertiesMetadata" : {
        "metadata" : { }
      },
      "parametersMetadata" : {
        "metadata" : { }
      }
    }, {
      "majorSchemaVersion" : 3,
      "name" : "Insurance_claim_management",
      "isPublic" : false,
      "properties" : { },
      "parameters" : { },
      "propertiesMetadata" : {
        "metadata" : { }
      },
      "parametersMetadata" : {
        "metadata" : { }
      }
    } ],
    "propertiesMetadata" : {
      "metadata" : { }
    },
    "parametersMetadata" : {
      "metadata" : { }
    },
    "hooks" : [ ]
  } ],
  "resources" : [ {
    "majorSchemaVersion" : 3,
    "name" : "********",
    "type" : "org.cloudfoundry.managed-service",
    "properties" : { },
    "parameters" : {
      "generated-password" : "********",
      "path" : "./xs-security.json",
      "service-name" : "********",
      "service-plan" : "application",
      "service" : "xsuaa",
      "generated-user" : "********",
      "default-xsappname" : "********",
      "type" : "managed-service",
      "config" : {
        "oauth2-configuration" : "********",
        "tenant-mode" : "dedicated",
        "xsappname" : "Insurance_claim_management-547c31aatrial-dev"
      },
      "default-service-name" : "********",
      "default-container-name" : "********"
    },
    "isActive" : true,
    "isOptional" : false,
    "propertiesMetadata" : {
      "metadata" : { }
    },
    "parametersMetadata" : {
      "metadata" : { }
    },
    "requiredDependencies" : [ {
      "majorSchemaVersion" : 3,
      "name" : "app-api",
      "properties" : { },
      "parameters" : { },
      "propertiesMetadata" : {
        "metadata" : { }
      },
      "parametersMetadata" : {
        "metadata" : { }
      }
    } ],
    "processedAfter" : [ ]
  }, {
    "majorSchemaVersion" : 3,
    "name" : "Insurance_claim_management-db",
    "type" : "com.sap.xs.hdi-container",
    "properties" : { },
    "parameters" : {
      "generated-password" : "********",
      "service-name" : "Insurance_claim_management-db",
      "service-plan" : "hdi-shared",
      "service" : "hana",
      "generated-user" : "********",
      "default-xsappname" : "Insurance_claim_management-db",
      "type" : "managed-service",
      "default-service-name" : "Insurance_claim_management-db",
      "default-container-name" : "547C31AATRIAL_DEV_INSURANCE_CLAIM_MANAGEMENT_DB"
    },
    "isActive" : true,
    "isOptional" : false,
    "propertiesMetadata" : {
      "metadata" : { }
    },
    "parametersMetadata" : {
      "metadata" : { }
    },
    "requiredDependencies" : [ ],
    "processedAfter" : [ ]
  }, {
    "majorSchemaVersion" : 3,
    "name" : "Insurance_claim_management-destination",
    "type" : "org.cloudfoundry.managed-service",
    "properties" : { },
    "parameters" : {
      "generated-password" : "********",
      "service-name" : "Insurance_claim_management-destination",
      "service-plan" : "lite",
      "service" : "destination",
      "generated-user" : "********",
      "default-xsappname" : "Insurance_claim_management-destination",
      "type" : "managed-service",
      "default-service-name" : "Insurance_claim_management-destination",
      "default-container-name" : "547C31AATRIAL_DEV_INSURANCE_CLAIM_MANAGEMENT_DESTINATION"
    },
    "isActive" : true,
    "isOptional" : false,
    "propertiesMetadata" : {
      "metadata" : { }
    },
    "parametersMetadata" : {
      "metadata" : { }
    },
    "requiredDependencies" : [ ],
    "processedAfter" : [ ]
  } ],
  "parameters" : {
    "mta-id" : "Insurance_claim_management",
    "authorization-url" : "********",
    "org-guid" : "a8788203-b551-47eb-923a-7c205db28329",
    "org" : "547c31aatrial",
    "deploy-target" : "547c31aatrial dev",
    "enable-parallel-deployments" : true,
    "region-primary-domain" : "us10.hana.ondemand.com",
    "space" : "dev",
    "region-domain" : "us10-001.hana.ondemand.com",
    "xs-api-url" : "https://api.cf.us10-001.hana.ondemand.com",
    "deploy-url" : "deploy-service.cfapps.us10-001.hana.ondemand.com",
    "xs-type" : "CF",
    "default-domain" : "cfapps.us10-001.hana.ondemand.com",
    "mta-version" : "1.0.0",
    "xs-auth-url" : "********",
    "space-guid" : "7e49670e-3a44-466e-ab78-1909884ded4e",
    "user" : "********",
    "controller-url" : "https://api.cf.us10-001.hana.ondemand.com",
    "timestamp" : "20260909053405"
  },
  "parametersMetadata" : {
    "metadata" : { }
  }
}#
#2026 09 09 05:34:25.364#Z#DEBUG#125301ff-ac10-11f1-b39f-eeee0a9ef9bb.OPERATION#flowable-async-job-executor-thread-9320#
[ProcessDescriptorStep] Merged descriptor properties and parameters resolved#
#2026 09 09 05:34:25.364#Z#DEBUG#125301ff-ac10-11f1-b39f-eeee0a9ef9bb.OPERATION#flowable-async-job-executor-thread-9320#
Step "Re-Process Descriptor Step" finished#
#2026 09 09 05:34:25.395#Z#DEBUG#125301ff-ac10-11f1-b39f-eeee0a9ef9bb.OPERATION#flowable-async-job-executor-thread-9321#
[BuildApplicationDeployModelStep] Executing task "buildApplicationDeployModelTask" of process "1e48fd8b-ac10-11f1-b39f-eeee0a9ef9bb"...#
#2026 09 09 05:34:25.397#Z#DEBUG#125301ff-ac10-11f1-b39f-eeee0a9ef9bb.OPERATION#flowable-async-job-executor-thread-9321#
[BuildApplicationDeployModelStep] Building cloud deployment model for application "Insurance_claim_management-srv"...#
#2026 09 09 05:34:25.402#Z#DEBUG#125301ff-ac10-11f1-b39f-eeee0a9ef9bb.OPERATION#flowable-async-job-executor-thread-9321#
[BuildApplicationDeployModelStep] No health-check-type is specified. Setting default type: port#
#2026 09 09 05:34:25.402#Z#INFO#125301ff-ac10-11f1-b39f-eeee0a9ef9bb.OPERATION#flowable-async-job-executor-thread-9321#
[BuildApplicationDeployModelStep] Building configuration entries for org 547c31aatrial, space dev, spaceId 7e49670e-3a44-466e-ab78-1909884ded4e and namespace null!#
#2026 09 09 05:34:25.403#Z#DEBUG#125301ff-ac10-11f1-b39f-eeee0a9ef9bb.OPERATION#flowable-async-job-executor-thread-9321#
[BuildApplicationDeployModelStep] Configuration entries to publish: [ ]#
#2026 09 09 05:34:25.403#Z#DEBUG#125301ff-ac10-11f1-b39f-eeee0a9ef9bb.OPERATION#flowable-async-job-executor-thread-9321#
[BuildApplicationDeployModelStep] Cloud deployment model for application built#
#2026 09 09 05:34:25.403#Z#DEBUG#125301ff-ac10-11f1-b39f-eeee0a9ef9bb.OPERATION#flowable-async-job-executor-thread-9321#
Step "Build Application Deploy Model" finished#
#2026 09 09 05:34:25.268#Z#DEBUG#125301ff-ac10-11f1-b39f-eeee0a9ef9bb.OPERATION#flowable-async-job-executor-thread-6568#
[DetermineApplicationServiceBindingActionsStep] Executing task "determineApplicationServiceBindingActionsTask" of process "1e294001-ac10-11f1-9fee-eeee0a8f4579"...#
#2026 09 09 05:34:25.271#Z#DEBUG#125301ff-ac10-11f1-b39f-eeee0a9ef9bb.OPERATION#flowable-async-job-executor-thread-6568#
[DetermineApplicationServiceBindingActionsStep] Determine bind/unbind operations of application "Insurance_claim_management" to service instance "Insurance_claim_management-auth"#
#2026 09 09 05:34:25.271#Z#DEBUG#125301ff-ac10-11f1-b39f-eeee0a9ef9bb.OPERATION#flowable-async-job-executor-thread-6568#
[DetermineApplicationServiceBindingActionsStep] Getting application "Insurance_claim_management"...#
#2026 09 09 05:34:25.305#Z#DEBUG#125301ff-ac10-11f1-b39f-eeee0a9ef9bb.OPERATION#flowable-async-job-executor-thread-6568#
[DetermineApplicationServiceBindingActionsStep] Binding parameters for application "Insurance_claim_management": { }#
#2026 09 09 05:34:25.338#Z#DEBUG#125301ff-ac10-11f1-b39f-eeee0a9ef9bb.OPERATION#flowable-async-job-executor-thread-6568#
[DetermineApplicationServiceBindingActionsStep] Check should rebind application "Insurance_claim_management" and service instance "Insurance_claim_management-auth"#
#2026 09 09 05:34:25.338#Z#DEBUG#125301ff-ac10-11f1-b39f-eeee0a9ef9bb.OPERATION#flowable-async-job-executor-thread-6568#
[DetermineApplicationServiceBindingActionsStep] Getting GUID of required service instance "Insurance_claim_management-auth"...#
#2026 09 09 05:34:25.369#Z#DEBUG#125301ff-ac10-11f1-b39f-eeee0a9ef9bb.OPERATION#flowable-async-job-executor-thread-6568#
[DetermineApplicationServiceBindingActionsStep] Getting binding of service instance "e5e70aef-e707-4a06-b058-4925e1315219" with application "ee8268c6-5ffd-425a-b49a-ee1e2c76f442"...#
#2026 09 09 05:34:25.396#Z#DEBUG#125301ff-ac10-11f1-b39f-eeee0a9ef9bb.OPERATION#flowable-async-job-executor-thread-6568#
[DetermineApplicationServiceBindingActionsStep] Getting parameters of service binding "a8094b05-d260-41e9-9a9f-31de659cb8ce"...#
#2026 09 09 05:34:25.434#Z#WARN#125301ff-ac10-11f1-b39f-eeee0a9ef9bb.OPERATION#flowable-async-job-executor-thread-6568#
[DetermineApplicationServiceBindingActionsStep] Cannot retrieve parameters of binding between application "Insurance_claim_management" and service instance "Insurance_claim_management-auth"#
#2026 09 09 05:34:25.439#Z#DEBUG#125301ff-ac10-11f1-b39f-eeee0a9ef9bb.OPERATION#flowable-async-job-executor-thread-6568#
[DetermineApplicationServiceBindingActionsStep] Calculated binding operations between application "Insurance_claim_management" and service instance "Insurance_claim_management-auth": unbind - true bind - true#
#2026 09 09 05:34:25.439#Z#DEBUG#125301ff-ac10-11f1-b39f-eeee0a9ef9bb.OPERATION#flowable-async-job-executor-thread-6568#
Step "Determine Application Service Binding Actions" finished#
#2026 09 09 05:34:25.173#Z#DEBUG#125301ff-ac10-11f1-b39f-eeee0a9ef9bb.OPERATION#flowable-async-job-executor-thread-6562#
[UploadAppStep] Executing task "uploadAppTask" of process "1e27e04c-ac10-11f1-9fee-eeee0a8f4579"...#
#2026 09 09 05:34:25.176#Z#DEBUG#125301ff-ac10-11f1-b39f-eeee0a9ef9bb.OPERATION#flowable-async-job-executor-thread-6562#
[UploadAppStep] Application upload timeout is default one: 3,600 seconds#
#2026 09 09 05:34:25.176#Z#INFO#125301ff-ac10-11f1-b39f-eeee0a9ef9bb.OPERATION#flowable-async-job-executor-thread-6562#
[UploadAppStep] Uploading application "Insurance_claim_management-db-deployer"...#
#2026 09 09 05:34:25.183#Z#DEBUG#125301ff-ac10-11f1-b39f-eeee0a9ef9bb.OPERATION#flowable-async-job-executor-thread-6562#
[UploadAppStep] Getting application "Insurance_claim_management-db-deployer"...#
#2026 09 09 05:34:25.215#Z#DEBUG#125301ff-ac10-11f1-b39f-eeee0a9ef9bb.OPERATION#flowable-async-job-executor-thread-6562#
[UploadAppStep] Getting environment of application "34352468-b085-4729-8d97-bdb72238eaed"...#
#2026 09 09 05:34:25.253#Z#INFO#125301ff-ac10-11f1-b39f-eeee0a9ef9bb.OPERATION#flowable-async-job-executor-thread-6562#
[UploadAppStep] Calculating application digest: "Insurance_claim_management-db-deployer"#
#2026 09 09 05:34:25.455#Z#DEBUG#125301ff-ac10-11f1-b39f-eeee0a9ef9bb.OPERATION#flowable-async-job-executor-thread-6562#
Step "Upload App" finished#
#2026 09 09 05:34:25.494#Z#DEBUG#125301ff-ac10-11f1-b39f-eeee0a9ef9bb.OPERATION#flowable-async-job-executor-thread-6568#
[UnbindServiceFromApplicationStep] Executing task "unbindServiceFromApplicationTask" of process "1e294001-ac10-11f1-9fee-eeee0a8f4579"...#
#2026 09 09 05:34:25.498#Z#INFO#125301ff-ac10-11f1-b39f-eeee0a9ef9bb.OPERATION#flowable-async-job-executor-thread-6568#
[UnbindServiceFromApplicationStep] Unbinding service instance "Insurance_claim_management-auth" from application "Insurance_claim_management"...#
#2026 09 09 05:34:25.503#Z#DEBUG#125301ff-ac10-11f1-b39f-eeee0a9ef9bb.OPERATION#flowable-async-job-executor-thread-6568#
[UnbindServiceFromApplicationStep] Unbinding application "Insurance_claim_management" from service instance "Insurance_claim_management-auth"...#
#2026 09 09 05:34:25.639#Z#DEBUG#125301ff-ac10-11f1-b39f-eeee0a9ef9bb.OPERATION#flowable-async-job-executor-thread-6568#
Step "Unbind Service from Application" finished#
#2026 09 09 05:34:25.439#Z#DEBUG#125301ff-ac10-11f1-b39f-eeee0a9ef9bb.OPERATION#flowable-async-job-executor-thread-9322#
[CreateOrUpdateAppStep] Executing task "createAppTask" of process "1e48fd8b-ac10-11f1-b39f-eeee0a9ef9bb"...#
#2026 09 09 05:34:25.441#Z#DEBUG#125301ff-ac10-11f1-b39f-eeee0a9ef9bb.OPERATION#flowable-async-job-executor-thread-9322#
[CreateOrUpdateAppStep] Getting application "Insurance_claim_management-srv"...#
#2026 09 09 05:34:25.473#Z#INFO#125301ff-ac10-11f1-b39f-eeee0a9ef9bb.OPERATION#flowable-async-job-executor-thread-9322#
[CreateOrUpdateAppStep] Updating application "Insurance_claim_management-srv"...#
#2026 09 09 05:34:25.479#Z#DEBUG#125301ff-ac10-11f1-b39f-eeee0a9ef9bb.OPERATION#flowable-async-job-executor-thread-9322#
[CreateOrUpdateAppStep] Getting process for application "36814cef-ef5f-4c60-bb5c-9a0d13b8c81b"...#
#2026 09 09 05:34:25.511#Z#DEBUG#125301ff-ac10-11f1-b39f-eeee0a9ef9bb.OPERATION#flowable-async-job-executor-thread-9322#
[CreateOrUpdateAppStep] Getting routes for application "36814cef-ef5f-4c60-bb5c-9a0d13b8c81b"...#
#2026 09 09 05:34:25.543#Z#DEBUG#125301ff-ac10-11f1-b39f-eeee0a9ef9bb.OPERATION#flowable-async-job-executor-thread-9322#
[CreateOrUpdateAppStep] Getting features for application "36814cef-ef5f-4c60-bb5c-9a0d13b8c81b"#
#2026 09 09 05:34:25.567#Z#DEBUG#125301ff-ac10-11f1-b39f-eeee0a9ef9bb.OPERATION#flowable-async-job-executor-thread-9322#
[CreateOrUpdateAppStep] Updating staging of application "Insurance_claim_management-srv" to: {
  "buildpacks" : [ "nodejs_buildpack" ],
  "healthCheckType" : "port",
  "appFeatures" : { }
}#
#2026 09 09 05:34:25.773#Z#DEBUG#125301ff-ac10-11f1-b39f-eeee0a9ef9bb.OPERATION#flowable-async-job-executor-thread-9322#
[CreateOrUpdateAppStep] Application "Insurance_claim_management-srv" updated#
#2026 09 09 05:34:25.773#Z#DEBUG#125301ff-ac10-11f1-b39f-eeee0a9ef9bb.OPERATION#flowable-async-job-executor-thread-9322#
[CreateOrUpdateAppStep] Getting environment of application "36814cef-ef5f-4c60-bb5c-9a0d13b8c81b"...#
#2026 09 09 05:34:25.862#Z#DEBUG#125301ff-ac10-11f1-b39f-eeee0a9ef9bb.OPERATION#flowable-async-job-executor-thread-9322#
[CreateOrUpdateAppStep] Application "Insurance_claim_management-srv" updated#
#2026 09 09 05:34:25.862#Z#DEBUG#125301ff-ac10-11f1-b39f-eeee0a9ef9bb.OPERATION#flowable-async-job-executor-thread-9322#
Step "Create App" finished#
#2026 09 09 05:34:25.949#Z#DEBUG#125301ff-ac10-11f1-b39f-eeee0a9ef9bb.OPERATION#flowable-async-job-executor-thread-9326#
[CheckServiceBindingOperationStep] Executing task "checkForServiceBindingOperationInProgress" of process "1eaa56c9-ac10-11f1-b39f-eeee0a9ef9bb"...#
#2026 09 09 05:34:25.949#Z#DEBUG#125301ff-ac10-11f1-b39f-eeee0a9ef9bb.OPERATION#flowable-async-job-executor-thread-9326#
[CheckServiceBindingOperationStep] Checking for service binding operation in progress between app "Insurance_claim_management-srv" and service instance "Insurance_claim_management-destination"#
#2026 09 09 05:34:25.950#Z#DEBUG#125301ff-ac10-11f1-b39f-eeee0a9ef9bb.OPERATION#flowable-async-job-executor-thread-9326#
[CheckServiceBindingOperationStep] Getting application guid "Insurance_claim_management-srv"...#
#2026 09 09 05:34:25.981#Z#DEBUG#125301ff-ac10-11f1-b39f-eeee0a9ef9bb.OPERATION#flowable-async-job-executor-thread-9326#
[CheckServiceBindingOperationStep] Getting GUID of required service instance "Insurance_claim_management-destination"...#
#2026 09 09 05:34:26.012#Z#DEBUG#125301ff-ac10-11f1-b39f-eeee0a9ef9bb.OPERATION#flowable-async-job-executor-thread-9326#
[CheckServiceBindingOperationStep] Getting binding of service instance "601dcd33-7662-4420-a480-0a8673eee5ce" with application "36814cef-ef5f-4c60-bb5c-9a0d13b8c81b"...#
#2026 09 09 05:34:26.044#Z#DEBUG#125301ff-ac10-11f1-b39f-eeee0a9ef9bb.OPERATION#flowable-async-job-executor-thread-9326#
[CheckServiceBindingOperationStep] Service binding operation "82e5d9e5-996e-4fee-92da-296c8d514f90" with type "create" is in state "succeeded"#
#2026 09 09 05:34:26.045#Z#DEBUG#125301ff-ac10-11f1-b39f-eeee0a9ef9bb.OPERATION#flowable-async-job-executor-thread-9326#
Step "Check For Service Binding Operation In Progress" finished#
#2026 09 09 05:34:26.072#Z#DEBUG#125301ff-ac10-11f1-b39f-eeee0a9ef9bb.OPERATION#flowable-async-job-executor-thread-9326#
[DetermineApplicationServiceBindingActionsStep] Executing task "determineApplicationServiceBindingActionsTask" of process "1eaa56c9-ac10-11f1-b39f-eeee0a9ef9bb"...#
#2026 09 09 05:34:26.073#Z#DEBUG#125301ff-ac10-11f1-b39f-eeee0a9ef9bb.OPERATION#flowable-async-job-executor-thread-9326#
[DetermineApplicationServiceBindingActionsStep] Determine bind/unbind operations of application "Insurance_claim_management-srv" to service instance "Insurance_claim_management-destination"#
#2026 09 09 05:34:26.073#Z#DEBUG#125301ff-ac10-11f1-b39f-eeee0a9ef9bb.OPERATION#flowable-async-job-executor-thread-9326#
[DetermineApplicationServiceBindingActionsStep] Getting application "Insurance_claim_management-srv"...#
#2026 09 09 05:34:26.102#Z#DEBUG#125301ff-ac10-11f1-b39f-eeee0a9ef9bb.OPERATION#flowable-async-job-executor-thread-9326#
[DetermineApplicationServiceBindingActionsStep] Binding parameters for application "Insurance_claim_management-srv": { }#
#2026 09 09 05:34:26.128#Z#DEBUG#125301ff-ac10-11f1-b39f-eeee0a9ef9bb.OPERATION#flowable-async-job-executor-thread-9326#
[DetermineApplicationServiceBindingActionsStep] Check should rebind application "Insurance_claim_management-srv" and service instance "Insurance_claim_management-destination"#
#2026 09 09 05:34:26.128#Z#DEBUG#125301ff-ac10-11f1-b39f-eeee0a9ef9bb.OPERATION#flowable-async-job-executor-thread-9326#
[DetermineApplicationServiceBindingActionsStep] Getting GUID of required service instance "Insurance_claim_management-destination"...#
#2026 09 09 05:34:26.157#Z#DEBUG#125301ff-ac10-11f1-b39f-eeee0a9ef9bb.OPERATION#flowable-async-job-executor-thread-9326#
[DetermineApplicationServiceBindingActionsStep] Getting binding of service instance "601dcd33-7662-4420-a480-0a8673eee5ce" with application "36814cef-ef5f-4c60-bb5c-9a0d13b8c81b"...#
#2026 09 09 05:34:26.189#Z#DEBUG#125301ff-ac10-11f1-b39f-eeee0a9ef9bb.OPERATION#flowable-async-job-executor-thread-9326#
[DetermineApplicationServiceBindingActionsStep] Getting parameters of service binding "82e5d9e5-996e-4fee-92da-296c8d514f90"...#
#2026 09 09 05:34:26.221#Z#WARN#125301ff-ac10-11f1-b39f-eeee0a9ef9bb.OPERATION#flowable-async-job-executor-thread-9326#
[DetermineApplicationServiceBindingActionsStep] Cannot retrieve parameters of binding between application "Insurance_claim_management-srv" and service instance "Insurance_claim_management-destination"#
#2026 09 09 05:34:26.222#Z#DEBUG#125301ff-ac10-11f1-b39f-eeee0a9ef9bb.OPERATION#flowable-async-job-executor-thread-9326#
[DetermineApplicationServiceBindingActionsStep] Calculated binding operations between application "Insurance_claim_management-srv" and service instance "Insurance_claim_management-destination": unbind - true bind - true#
#2026 09 09 05:34:26.222#Z#DEBUG#125301ff-ac10-11f1-b39f-eeee0a9ef9bb.OPERATION#flowable-async-job-executor-thread-9326#
Step "Determine Application Service Binding Actions" finished#
#2026 09 09 05:34:26.253#Z#DEBUG#125301ff-ac10-11f1-b39f-eeee0a9ef9bb.OPERATION#flowable-async-job-executor-thread-9326#
[UnbindServiceFromApplicationStep] Executing task "unbindServiceFromApplicationTask" of process "1eaa56c9-ac10-11f1-b39f-eeee0a9ef9bb"...#
#2026 09 09 05:34:26.256#Z#INFO#125301ff-ac10-11f1-b39f-eeee0a9ef9bb.OPERATION#flowable-async-job-executor-thread-9326#
[UnbindServiceFromApplicationStep] Unbinding service instance "Insurance_claim_management-destination" from application "Insurance_claim_management-srv"...#
#2026 09 09 05:34:26.260#Z#DEBUG#125301ff-ac10-11f1-b39f-eeee0a9ef9bb.OPERATION#flowable-async-job-executor-thread-9326#
[UnbindServiceFromApplicationStep] Unbinding application "Insurance_claim_management-srv" from service instance "Insurance_claim_management-destination"...#
#2026 09 09 05:34:26.395#Z#DEBUG#125301ff-ac10-11f1-b39f-eeee0a9ef9bb.OPERATION#flowable-async-job-executor-thread-9326#
Step "Unbind Service from Application" finished#
#2026 09 09 05:34:27.340#Z#DEBUG#125301ff-ac10-11f1-b39f-eeee0a9ef9bb.OPERATION#flowable-async-job-executor-thread-6569#
[CheckServiceBindingOperationStep] Executing task "checkForServiceBindingOperationInProgress" of process "1f7c9b58-ac10-11f1-9fee-eeee0a8f4579"...#
#2026 09 09 05:34:27.340#Z#DEBUG#125301ff-ac10-11f1-b39f-eeee0a9ef9bb.OPERATION#flowable-async-job-executor-thread-6569#
[CheckServiceBindingOperationStep] Checking for service binding operation in progress between app "Insurance_claim_management-srv" and service instance "Insurance_claim_management-auth"#
#2026 09 09 05:34:27.341#Z#DEBUG#125301ff-ac10-11f1-b39f-eeee0a9ef9bb.OPERATION#flowable-async-job-executor-thread-6569#
[CheckServiceBindingOperationStep] Getting application guid "Insurance_claim_management-srv"...#
#2026 09 09 05:34:27.367#Z#DEBUG#125301ff-ac10-11f1-b39f-eeee0a9ef9bb.OPERATION#flowable-async-job-executor-thread-6569#
[CheckServiceBindingOperationStep] Getting GUID of required service instance "Insurance_claim_management-auth"...#
#2026 09 09 05:34:27.392#Z#DEBUG#125301ff-ac10-11f1-b39f-eeee0a9ef9bb.OPERATION#flowable-async-job-executor-thread-6569#
[CheckServiceBindingOperationStep] Getting binding of service instance "e5e70aef-e707-4a06-b058-4925e1315219" with application "36814cef-ef5f-4c60-bb5c-9a0d13b8c81b"...#
#2026 09 09 05:34:27.427#Z#DEBUG#125301ff-ac10-11f1-b39f-eeee0a9ef9bb.OPERATION#flowable-async-job-executor-thread-6569#
[CheckServiceBindingOperationStep] Service binding operation "3a0bedc5-7511-491f-b8e5-0c04057cbd12" with type "create" is in state "succeeded"#
#2026 09 09 05:34:27.427#Z#DEBUG#125301ff-ac10-11f1-b39f-eeee0a9ef9bb.OPERATION#flowable-async-job-executor-thread-6569#
Step "Check For Service Binding Operation In Progress" finished#
#2026 09 09 05:34:27.468#Z#DEBUG#125301ff-ac10-11f1-b39f-eeee0a9ef9bb.OPERATION#flowable-async-job-executor-thread-6569#
[DetermineApplicationServiceBindingActionsStep] Executing task "determineApplicationServiceBindingActionsTask" of process "1f7c9b58-ac10-11f1-9fee-eeee0a8f4579"...#
#2026 09 09 05:34:27.470#Z#DEBUG#125301ff-ac10-11f1-b39f-eeee0a9ef9bb.OPERATION#flowable-async-job-executor-thread-6569#
[DetermineApplicationServiceBindingActionsStep] Determine bind/unbind operations of application "Insurance_claim_management-srv" to service instance "Insurance_claim_management-auth"#
#2026 09 09 05:34:27.470#Z#DEBUG#125301ff-ac10-11f1-b39f-eeee0a9ef9bb.OPERATION#flowable-async-job-executor-thread-6569#
[DetermineApplicationServiceBindingActionsStep] Getting application "Insurance_claim_management-srv"...#
#2026 09 09 05:34:27.504#Z#DEBUG#125301ff-ac10-11f1-b39f-eeee0a9ef9bb.OPERATION#flowable-async-job-executor-thread-6569#
[DetermineApplicationServiceBindingActionsStep] Binding parameters for application "Insurance_claim_management-srv": { }#
#2026 09 09 05:34:27.541#Z#DEBUG#125301ff-ac10-11f1-b39f-eeee0a9ef9bb.OPERATION#flowable-async-job-executor-thread-6569#
[DetermineApplicationServiceBindingActionsStep] Check should rebind application "Insurance_claim_management-srv" and service instance "Insurance_claim_management-auth"#
#2026 09 09 05:34:27.541#Z#DEBUG#125301ff-ac10-11f1-b39f-eeee0a9ef9bb.OPERATION#flowable-async-job-executor-thread-6569#
[DetermineApplicationServiceBindingActionsStep] Getting GUID of required service instance "Insurance_claim_management-auth"...#
#2026 09 09 05:34:27.579#Z#DEBUG#125301ff-ac10-11f1-b39f-eeee0a9ef9bb.OPERATION#flowable-async-job-executor-thread-6569#
[DetermineApplicationServiceBindingActionsStep] Getting binding of service instance "e5e70aef-e707-4a06-b058-4925e1315219" with application "36814cef-ef5f-4c60-bb5c-9a0d13b8c81b"...#
#2026 09 09 05:34:27.603#Z#DEBUG#125301ff-ac10-11f1-b39f-eeee0a9ef9bb.OPERATION#flowable-async-job-executor-thread-6569#
[DetermineApplicationServiceBindingActionsStep] Getting parameters of service binding "3a0bedc5-7511-491f-b8e5-0c04057cbd12"...#
#2026 09 09 05:34:27.631#Z#WARN#125301ff-ac10-11f1-b39f-eeee0a9ef9bb.OPERATION#flowable-async-job-executor-thread-6569#
[DetermineApplicationServiceBindingActionsStep] Cannot retrieve parameters of binding between application "Insurance_claim_management-srv" and service instance "Insurance_claim_management-auth"#
#2026 09 09 05:34:27.634#Z#DEBUG#125301ff-ac10-11f1-b39f-eeee0a9ef9bb.OPERATION#flowable-async-job-executor-thread-6569#
[DetermineApplicationServiceBindingActionsStep] Calculated binding operations between application "Insurance_claim_management-srv" and service instance "Insurance_claim_management-auth": unbind - true bind - true#
#2026 09 09 05:34:27.634#Z#DEBUG#125301ff-ac10-11f1-b39f-eeee0a9ef9bb.OPERATION#flowable-async-job-executor-thread-6569#
Step "Determine Application Service Binding Actions" finished#
#2026 09 09 05:34:27.682#Z#DEBUG#125301ff-ac10-11f1-b39f-eeee0a9ef9bb.OPERATION#flowable-async-job-executor-thread-6569#
[UnbindServiceFromApplicationStep] Executing task "unbindServiceFromApplicationTask" of process "1f7c9b58-ac10-11f1-9fee-eeee0a8f4579"...#
#2026 09 09 05:34:27.686#Z#INFO#125301ff-ac10-11f1-b39f-eeee0a9ef9bb.OPERATION#flowable-async-job-executor-thread-6569#
[UnbindServiceFromApplicationStep] Unbinding service instance "Insurance_claim_management-auth" from application "Insurance_claim_management-srv"...#
#2026 09 09 05:34:27.691#Z#DEBUG#125301ff-ac10-11f1-b39f-eeee0a9ef9bb.OPERATION#flowable-async-job-executor-thread-6569#
[UnbindServiceFromApplicationStep] Unbinding application "Insurance_claim_management-srv" from service instance "Insurance_claim_management-auth"...#
#2026 09 09 05:34:27.833#Z#DEBUG#125301ff-ac10-11f1-b39f-eeee0a9ef9bb.OPERATION#flowable-async-job-executor-thread-6569#
Step "Unbind Service from Application" finished#
#2026 09 09 05:34:28.298#Z#DEBUG#125301ff-ac10-11f1-b39f-eeee0a9ef9bb.OPERATION#flowable-async-job-executor-thread-9321#
[CheckServiceBindingOperationStep] Executing task "checkForServiceBindingOperationInProgress" of process "20109dce-ac10-11f1-b39f-eeee0a9ef9bb"...#
#2026 09 09 05:34:28.298#Z#DEBUG#125301ff-ac10-11f1-b39f-eeee0a9ef9bb.OPERATION#flowable-async-job-executor-thread-9321#
[CheckServiceBindingOperationStep] Checking for service binding operation in progress between app "Insurance_claim_management-srv" and service instance "Insurance_claim_management-db"#
#2026 09 09 05:34:28.299#Z#DEBUG#125301ff-ac10-11f1-b39f-eeee0a9ef9bb.OPERATION#flowable-async-job-executor-thread-9321#
[CheckServiceBindingOperationStep] Getting application guid "Insurance_claim_management-srv"...#
#2026 09 09 05:34:28.326#Z#DEBUG#125301ff-ac10-11f1-b39f-eeee0a9ef9bb.OPERATION#flowable-async-job-executor-thread-9321#
[CheckServiceBindingOperationStep] Getting GUID of required service instance "Insurance_claim_management-db"...#
#2026 09 09 05:34:28.356#Z#DEBUG#125301ff-ac10-11f1-b39f-eeee0a9ef9bb.OPERATION#flowable-async-job-executor-thread-9321#
[CheckServiceBindingOperationStep] Getting binding of service instance "40ada052-98ad-422f-b7ab-f78e2b93250f" with application "36814cef-ef5f-4c60-bb5c-9a0d13b8c81b"...#
#2026 09 09 05:34:28.381#Z#DEBUG#125301ff-ac10-11f1-b39f-eeee0a9ef9bb.OPERATION#flowable-async-job-executor-thread-9321#
[CheckServiceBindingOperationStep] Service binding operation "ae49ce46-e69e-4e58-9611-604a81fb7a4d" with type "create" is in state "succeeded"#
#2026 09 09 05:34:28.381#Z#DEBUG#125301ff-ac10-11f1-b39f-eeee0a9ef9bb.OPERATION#flowable-async-job-executor-thread-9321#
Step "Check For Service Binding Operation In Progress" finished#
#2026 09 09 05:34:28.414#Z#DEBUG#125301ff-ac10-11f1-b39f-eeee0a9ef9bb.OPERATION#flowable-async-job-executor-thread-9321#
[DetermineApplicationServiceBindingActionsStep] Executing task "determineApplicationServiceBindingActionsTask" of process "20109dce-ac10-11f1-b39f-eeee0a9ef9bb"...#
#2026 09 09 05:34:28.415#Z#DEBUG#125301ff-ac10-11f1-b39f-eeee0a9ef9bb.OPERATION#flowable-async-job-executor-thread-9321#
[DetermineApplicationServiceBindingActionsStep] Determine bind/unbind operations of application "Insurance_claim_management-srv" to service instance "Insurance_claim_management-db"#
#2026 09 09 05:34:28.415#Z#DEBUG#125301ff-ac10-11f1-b39f-eeee0a9ef9bb.OPERATION#flowable-async-job-executor-thread-9321#
[DetermineApplicationServiceBindingActionsStep] Getting application "Insurance_claim_management-srv"...#
#2026 09 09 05:34:28.454#Z#DEBUG#125301ff-ac10-11f1-b39f-eeee0a9ef9bb.OPERATION#flowable-async-job-executor-thread-9321#
[DetermineApplicationServiceBindingActionsStep] Binding parameters for application "Insurance_claim_management-srv": { }#
#2026 09 09 05:34:28.484#Z#DEBUG#125301ff-ac10-11f1-b39f-eeee0a9ef9bb.OPERATION#flowable-async-job-executor-thread-9321#
[DetermineApplicationServiceBindingActionsStep] Check should rebind application "Insurance_claim_management-srv" and service instance "Insurance_claim_management-db"#
#2026 09 09 05:34:28.484#Z#DEBUG#125301ff-ac10-11f1-b39f-eeee0a9ef9bb.OPERATION#flowable-async-job-executor-thread-9321#
[DetermineApplicationServiceBindingActionsStep] Getting GUID of required service instance "Insurance_claim_management-db"...#
#2026 09 09 05:34:28.507#Z#DEBUG#125301ff-ac10-11f1-b39f-eeee0a9ef9bb.OPERATION#flowable-async-job-executor-thread-9321#
[DetermineApplicationServiceBindingActionsStep] Getting binding of service instance "40ada052-98ad-422f-b7ab-f78e2b93250f" with application "36814cef-ef5f-4c60-bb5c-9a0d13b8c81b"...#
#2026 09 09 05:34:28.536#Z#DEBUG#125301ff-ac10-11f1-b39f-eeee0a9ef9bb.OPERATION#flowable-async-job-executor-thread-9321#
[DetermineApplicationServiceBindingActionsStep] Getting parameters of service binding "ae49ce46-e69e-4e58-9611-604a81fb7a4d"...#
#2026 09 09 05:34:28.699#Z#INFO#125301ff-ac10-11f1-b39f-eeee0a9ef9bb.OPERATION#flowable-async-job-executor-thread-9321#
[DetermineApplicationServiceBindingActionsStep] Service instance "Insurance_claim_management-db" will not be rebound to application "Insurance_claim_management-srv" because the binding parameters are not modified#
#2026 09 09 05:34:28.704#Z#DEBUG#125301ff-ac10-11f1-b39f-eeee0a9ef9bb.OPERATION#flowable-async-job-executor-thread-9321#
[DetermineApplicationServiceBindingActionsStep] Calculated binding operations between application "Insurance_claim_management-srv" and service instance "Insurance_claim_management-db": unbind - false bind - false#
#2026 09 09 05:34:28.704#Z#DEBUG#125301ff-ac10-11f1-b39f-eeee0a9ef9bb.OPERATION#flowable-async-job-executor-thread-9321#
Step "Determine Application Service Binding Actions" finished#
#2026 09 09 05:34:33.084#Z#DEBUG#125301ff-ac10-11f1-b39f-eeee0a9ef9bb.OPERATION#flowable-async-job-executor-thread-9331#
[UnbindServiceFromApplicationStep] Executing task "unbindServiceFromApplicationTask" of process "1f7c9b58-ac10-11f1-9fee-eeee0a8f4579"...#
#2026 09 09 05:34:33.085#Z#DEBUG#125301ff-ac10-11f1-b39f-eeee0a9ef9bb.OPERATION#flowable-async-job-executor-thread-9332#
[UnbindServiceFromApplicationStep] Executing task "unbindServiceFromApplicationTask" of process "1e294001-ac10-11f1-9fee-eeee0a8f4579"...#
#2026 09 09 05:34:33.086#Z#DEBUG#125301ff-ac10-11f1-b39f-eeee0a9ef9bb.OPERATION#flowable-async-job-executor-thread-9331#
[UnbindServiceFromApplicationStep] Getting async job "8d60762d-f59c-492a-8d66-4fc90713afee"#
#2026 09 09 05:34:33.088#Z#DEBUG#125301ff-ac10-11f1-b39f-eeee0a9ef9bb.OPERATION#flowable-async-job-executor-thread-9332#
[UnbindServiceFromApplicationStep] Getting async job "bcc9eab5-c9f4-46aa-b622-8f533dfeadc5"#
#2026 09 09 05:34:33.108#Z#DEBUG#125301ff-ac10-11f1-b39f-eeee0a9ef9bb.OPERATION#flowable-async-job-executor-thread-9331#
[UnbindServiceFromApplicationStep] Getting service instance "Insurance_claim_management-auth"...#
#2026 09 09 05:34:33.111#Z#DEBUG#125301ff-ac10-11f1-b39f-eeee0a9ef9bb.OPERATION#flowable-async-job-executor-thread-9332#
[UnbindServiceFromApplicationStep] Getting service instance "Insurance_claim_management-auth"...#
#2026 09 09 05:34:33.241#Z#DEBUG#125301ff-ac10-11f1-b39f-eeee0a9ef9bb.OPERATION#flowable-async-job-executor-thread-9331#
[UnbindServiceFromApplicationStep] Async service binding operation with id "8d60762d-f59c-492a-8d66-4fc90713afee" finished#
#2026 09 09 05:34:33.242#Z#DEBUG#125301ff-ac10-11f1-b39f-eeee0a9ef9bb.OPERATION#flowable-async-job-executor-thread-9332#
[UnbindServiceFromApplicationStep] Async service binding operation with id "bcc9eab5-c9f4-46aa-b622-8f533dfeadc5" finished#
#2026 09 09 05:34:33.244#Z#DEBUG#125301ff-ac10-11f1-b39f-eeee0a9ef9bb.OPERATION#flowable-async-job-executor-thread-9331#
Step "Unbind Service from Application" finished#
#2026 09 09 05:34:33.245#Z#DEBUG#125301ff-ac10-11f1-b39f-eeee0a9ef9bb.OPERATION#flowable-async-job-executor-thread-9332#
Step "Unbind Service from Application" finished#
#2026 09 09 05:34:33.061#Z#DEBUG#125301ff-ac10-11f1-b39f-eeee0a9ef9bb.OPERATION#flowable-async-job-executor-thread-15317#
[UnbindServiceFromApplicationStep] Executing task "unbindServiceFromApplicationTask" of process "1eaa56c9-ac10-11f1-b39f-eeee0a9ef9bb"...#
#2026 09 09 05:34:33.120#Z#DEBUG#125301ff-ac10-11f1-b39f-eeee0a9ef9bb.OPERATION#flowable-async-job-executor-thread-15317#
[UnbindServiceFromApplicationStep] Getting async job "3762cb12-eaa5-474f-8c5a-274c239ee738"#
#2026 09 09 05:34:33.165#Z#DEBUG#125301ff-ac10-11f1-b39f-eeee0a9ef9bb.OPERATION#flowable-async-job-executor-thread-15317#
[UnbindServiceFromApplicationStep] Getting service instance "Insurance_claim_management-destination"...#
#2026 09 09 05:34:33.325#Z#DEBUG#125301ff-ac10-11f1-b39f-eeee0a9ef9bb.OPERATION#flowable-async-job-executor-thread-15317#
[UnbindServiceFromApplicationStep] Async service binding operation with id "3762cb12-eaa5-474f-8c5a-274c239ee738" finished#
#2026 09 09 05:34:33.327#Z#DEBUG#125301ff-ac10-11f1-b39f-eeee0a9ef9bb.OPERATION#flowable-async-job-executor-thread-15317#
Step "Unbind Service from Application" finished#
#2026 09 09 05:34:33.283#Z#DEBUG#125301ff-ac10-11f1-b39f-eeee0a9ef9bb.OPERATION#flowable-async-job-executor-thread-9331#
[BindServiceToApplicationStep] Executing task "bindServiceToApplicationTask" of process "1f7c9b58-ac10-11f1-9fee-eeee0a8f4579"...#
#2026 09 09 05:34:33.284#Z#DEBUG#125301ff-ac10-11f1-b39f-eeee0a9ef9bb.OPERATION#flowable-async-job-executor-thread-9333#
[BindServiceToApplicationStep] Executing task "bindServiceToApplicationTask" of process "1e294001-ac10-11f1-9fee-eeee0a8f4579"...#
#2026 09 09 05:34:33.285#Z#INFO#125301ff-ac10-11f1-b39f-eeee0a9ef9bb.OPERATION#flowable-async-job-executor-thread-9331#
[BindServiceToApplicationStep] Binding service instance "Insurance_claim_management-auth" to application "Insurance_claim_management-srv"...#
#2026 09 09 05:34:33.286#Z#INFO#125301ff-ac10-11f1-b39f-eeee0a9ef9bb.OPERATION#flowable-async-job-executor-thread-9333#
[BindServiceToApplicationStep] Binding service instance "Insurance_claim_management-auth" to application "Insurance_claim_management"...#
#2026 09 09 05:34:33.291#Z#DEBUG#125301ff-ac10-11f1-b39f-eeee0a9ef9bb.OPERATION#flowable-async-job-executor-thread-9331#
[BindServiceToApplicationStep] Binding service instance "Insurance_claim_management-auth" to application "Insurance_claim_management-srv" with parameters: { }#
#2026 09 09 05:34:33.292#Z#DEBUG#125301ff-ac10-11f1-b39f-eeee0a9ef9bb.OPERATION#flowable-async-job-executor-thread-9333#
[BindServiceToApplicationStep] Binding service instance "Insurance_claim_management-auth" to application "Insurance_claim_management" with parameters: { }#
#2026 09 09 05:34:33.405#Z#DEBUG#125301ff-ac10-11f1-b39f-eeee0a9ef9bb.OPERATION#flowable-async-job-executor-thread-9331#
Step "Bind Service to Application" finished#
#2026 09 09 05:34:33.408#Z#DEBUG#125301ff-ac10-11f1-b39f-eeee0a9ef9bb.OPERATION#flowable-async-job-executor-thread-9333#
Step "Bind Service to Application" finished#
#2026 09 09 05:34:33.359#Z#DEBUG#125301ff-ac10-11f1-b39f-eeee0a9ef9bb.OPERATION#flowable-async-job-executor-thread-15317#
[BindServiceToApplicationStep] Executing task "bindServiceToApplicationTask" of process "1eaa56c9-ac10-11f1-b39f-eeee0a9ef9bb"...#
#2026 09 09 05:34:33.361#Z#INFO#125301ff-ac10-11f1-b39f-eeee0a9ef9bb.OPERATION#flowable-async-job-executor-thread-15317#
[BindServiceToApplicationStep] Binding service instance "Insurance_claim_management-destination" to application "Insurance_claim_management-srv"...#
#2026 09 09 05:34:33.367#Z#DEBUG#125301ff-ac10-11f1-b39f-eeee0a9ef9bb.OPERATION#flowable-async-job-executor-thread-15317#
[BindServiceToApplicationStep] Binding service instance "Insurance_claim_management-destination" to application "Insurance_claim_management-srv" with parameters: { }#
#2026 09 09 05:34:33.481#Z#DEBUG#125301ff-ac10-11f1-b39f-eeee0a9ef9bb.OPERATION#flowable-async-job-executor-thread-15317#
Step "Bind Service to Application" finished#
#2026 09 09 05:34:33.077#Z#DEBUG#125301ff-ac10-11f1-b39f-eeee0a9ef9bb.OPERATION#flowable-async-job-executor-thread-9330#
[UploadAppStep] Executing task "uploadAppTask" of process "1e27e04c-ac10-11f1-9fee-eeee0a8f4579"...#
#2026 09 09 05:34:33.079#Z#DEBUG#125301ff-ac10-11f1-b39f-eeee0a9ef9bb.OPERATION#flowable-async-job-executor-thread-9330#
[UploadAppStep] Application upload timeout is default one: 3,600 seconds#
#2026 09 09 05:34:33.082#Z#DEBUG#125301ff-ac10-11f1-b39f-eeee0a9ef9bb.OPERATION#pool-14-thread-5#
[UploadAppStep] Upload of application: Insurance_claim_management-db-deployer started on instance: 1#
#2026 09 09 05:34:33.082#Z#DEBUG#125301ff-ac10-11f1-b39f-eeee0a9ef9bb.OPERATION#pool-14-thread-5#
[UploadAppStep] Uploading file "Insurance_claim_management-db-deployer/data.zip" for application "Insurance_claim_management-db-deployer"#
#2026 09 09 05:34:33.248#Z#INFO#125301ff-ac10-11f1-b39f-eeee0a9ef9bb.OPERATION#pool-14-thread-5#
[UploadAppStep] Time elapsed for app binary download: 165 in millis#
#2026 09 09 05:34:33.248#Z#INFO#125301ff-ac10-11f1-b39f-eeee0a9ef9bb.OPERATION#pool-14-thread-5#
[UploadAppStep] Size of app Insurance_claim_management-db-deployer is 2,471,492 bytes#
#2026 09 09 05:34:33.248#Z#DEBUG#125301ff-ac10-11f1-b39f-eeee0a9ef9bb.OPERATION#pool-14-thread-5#
[UploadAppStep] Asynchronously uploading binaries for application "Insurance_claim_management-db-deployer"...#
#2026 09 09 05:34:33.460#Z#INFO#125301ff-ac10-11f1-b39f-eeee0a9ef9bb.OPERATION#pool-14-thread-5#
[UploadAppStep] Started async upload of application "Insurance_claim_management-db-deployer"#
#2026 09 09 05:34:33.465#Z#INFO#125301ff-ac10-11f1-b39f-eeee0a9ef9bb.OPERATION#flowable-async-job-executor-thread-9330#
[UploadAppStep] Time elapsed for upload: 386 in millis#
#2026 09 09 05:34:33.465#Z#DEBUG#125301ff-ac10-11f1-b39f-eeee0a9ef9bb.OPERATION#flowable-async-job-executor-thread-9330#
[UploadAppStep] Getting application "Insurance_claim_management-db-deployer"...#
#2026 09 09 05:34:33.487#Z#DEBUG#125301ff-ac10-11f1-b39f-eeee0a9ef9bb.OPERATION#App upload monitor: 103ea9c9-18ae-4352-89e9-e8e6b468c947#
[UploadAppStep] Upload status: PROCESSING_UPLOAD#
#2026 09 09 05:34:33.500#Z#DEBUG#125301ff-ac10-11f1-b39f-eeee0a9ef9bb.OPERATION#flowable-async-job-executor-thread-9330#
[UploadAppStep] Getting environment of application "34352468-b085-4729-8d97-bdb72238eaed"...#
#2026 09 09 05:34:33.532#Z#DEBUG#125301ff-ac10-11f1-b39f-eeee0a9ef9bb.OPERATION#flowable-async-job-executor-thread-9330#
[UploadAppStep] Updating environment of application "Insurance_claim_management-db-deployer"#
#2026 09 09 05:34:33.608#Z#DEBUG#125301ff-ac10-11f1-b39f-eeee0a9ef9bb.OPERATION#flowable-async-job-executor-thread-9330#
Step "Upload App" finished#
#2026 09 09 05:34:43.120#Z#DEBUG#125301ff-ac10-11f1-b39f-eeee0a9ef9bb.OPERATION#flowable-async-job-executor-thread-15329#
[UploadAppStep] Executing task "uploadAppTask" of process "1e27e04c-ac10-11f1-9fee-eeee0a8f4579"...#
#2026 09 09 05:34:43.122#Z#DEBUG#125301ff-ac10-11f1-b39f-eeee0a9ef9bb.OPERATION#flowable-async-job-executor-thread-15329#
[UploadAppStep] Application upload timeout is default one: 3,600 seconds#
#2026 09 09 05:34:43.122#Z#DEBUG#125301ff-ac10-11f1-b39f-eeee0a9ef9bb.OPERATION#flowable-async-job-executor-thread-15329#
[UploadAppStep] Checking upload status of application "Insurance_claim_management-db-deployer"...#
#2026 09 09 05:34:43.123#Z#DEBUG#125301ff-ac10-11f1-b39f-eeee0a9ef9bb.OPERATION#flowable-async-job-executor-thread-15329#
[UploadAppStep] Getting package "103ea9c9-18ae-4352-89e9-e8e6b468c947"...#
#2026 09 09 05:34:43.159#Z#DEBUG#125301ff-ac10-11f1-b39f-eeee0a9ef9bb.OPERATION#flowable-async-job-executor-thread-15329#
[UploadAppStep] Application "Insurance_claim_management-db-deployer" uploaded#
#2026 09 09 05:34:43.160#Z#DEBUG#125301ff-ac10-11f1-b39f-eeee0a9ef9bb.OPERATION#flowable-async-job-executor-thread-15329#
Step "Upload App" finished#
#2026 09 09 05:34:43.092#Z#DEBUG#125301ff-ac10-11f1-b39f-eeee0a9ef9bb.OPERATION#flowable-async-job-executor-thread-9336#
[BindServiceToApplicationStep] Executing task "bindServiceToApplicationTask" of process "1f7c9b58-ac10-11f1-9fee-eeee0a8f4579"...#
#2026 09 09 05:34:43.094#Z#DEBUG#125301ff-ac10-11f1-b39f-eeee0a9ef9bb.OPERATION#flowable-async-job-executor-thread-9336#
[BindServiceToApplicationStep] Getting async job "d5ab5de3-b416-4e67-90d5-d61ffda231a0"#
#2026 09 09 05:34:43.095#Z#DEBUG#125301ff-ac10-11f1-b39f-eeee0a9ef9bb.OPERATION#flowable-async-job-executor-thread-9337#
[BindServiceToApplicationStep] Executing task "bindServiceToApplicationTask" of process "1eaa56c9-ac10-11f1-b39f-eeee0a9ef9bb"...#
#2026 09 09 05:34:43.097#Z#DEBUG#125301ff-ac10-11f1-b39f-eeee0a9ef9bb.OPERATION#flowable-async-job-executor-thread-9337#
[BindServiceToApplicationStep] Getting async job "50b9a335-7789-44af-994b-38f7ff2034c2"#
#2026 09 09 05:34:43.125#Z#DEBUG#125301ff-ac10-11f1-b39f-eeee0a9ef9bb.OPERATION#flowable-async-job-executor-thread-9337#
[BindServiceToApplicationStep] Getting service instance "Insurance_claim_management-destination"...#
#2026 09 09 05:34:43.141#Z#DEBUG#125301ff-ac10-11f1-b39f-eeee0a9ef9bb.OPERATION#flowable-async-job-executor-thread-9336#
[BindServiceToApplicationStep] Getting service instance "Insurance_claim_management-auth"...#
#2026 09 09 05:34:43.245#Z#DEBUG#125301ff-ac10-11f1-b39f-eeee0a9ef9bb.OPERATION#flowable-async-job-executor-thread-9337#
[BindServiceToApplicationStep] Async service binding operation with id "50b9a335-7789-44af-994b-38f7ff2034c2" finished#
#2026 09 09 05:34:43.247#Z#DEBUG#125301ff-ac10-11f1-b39f-eeee0a9ef9bb.OPERATION#flowable-async-job-executor-thread-9337#
Step "Bind Service to Application" finished#
#2026 09 09 05:34:43.193#Z#DEBUG#125301ff-ac10-11f1-b39f-eeee0a9ef9bb.OPERATION#flowable-async-job-executor-thread-15329#
[ScaleAppStep] Executing task "scaleAppTask" of process "1e27e04c-ac10-11f1-9fee-eeee0a8f4579"...#
#2026 09 09 05:34:43.195#Z#DEBUG#125301ff-ac10-11f1-b39f-eeee0a9ef9bb.OPERATION#flowable-async-job-executor-thread-15329#
[ScaleAppStep] Scaling application "Insurance_claim_management-db-deployer"...#
#2026 09 09 05:34:43.195#Z#DEBUG#125301ff-ac10-11f1-b39f-eeee0a9ef9bb.OPERATION#flowable-async-job-executor-thread-15329#
[ScaleAppStep] Getting application guid "Insurance_claim_management-db-deployer"...#
#2026 09 09 05:34:43.224#Z#DEBUG#125301ff-ac10-11f1-b39f-eeee0a9ef9bb.OPERATION#flowable-async-job-executor-thread-15329#
[ScaleAppStep] Getting process for application "34352468-b085-4729-8d97-bdb72238eaed"...#
#2026 09 09 05:34:43.252#Z#DEBUG#125301ff-ac10-11f1-b39f-eeee0a9ef9bb.OPERATION#flowable-async-job-executor-thread-15329#
[ScaleAppStep] Application "Insurance_claim_management-db-deployer" scaled#
#2026 09 09 05:34:43.252#Z#DEBUG#125301ff-ac10-11f1-b39f-eeee0a9ef9bb.OPERATION#flowable-async-job-executor-thread-15329#
Step "Scale App" finished#
#2026 09 09 05:34:43.117#Z#DEBUG#125301ff-ac10-11f1-b39f-eeee0a9ef9bb.OPERATION#flowable-async-job-executor-thread-15328#
[BindServiceToApplicationStep] Executing task "bindServiceToApplicationTask" of process "1e294001-ac10-11f1-9fee-eeee0a8f4579"...#
#2026 09 09 05:34:43.120#Z#DEBUG#125301ff-ac10-11f1-b39f-eeee0a9ef9bb.OPERATION#flowable-async-job-executor-thread-15328#
[BindServiceToApplicationStep] Getting async job "9ae4a1f6-d012-40f9-9286-d760e53773e2"#
#2026 09 09 05:34:43.143#Z#DEBUG#125301ff-ac10-11f1-b39f-eeee0a9ef9bb.OPERATION#flowable-async-job-executor-thread-15328#
[BindServiceToApplicationStep] Getting service instance "Insurance_claim_management-auth"...#
#2026 09 09 05:34:43.268#Z#DEBUG#125301ff-ac10-11f1-b39f-eeee0a9ef9bb.OPERATION#flowable-async-job-executor-thread-15328#
[BindServiceToApplicationStep] Async service binding operation with id "9ae4a1f6-d012-40f9-9286-d760e53773e2" finished#
#2026 09 09 05:34:43.270#Z#DEBUG#125301ff-ac10-11f1-b39f-eeee0a9ef9bb.OPERATION#flowable-async-job-executor-thread-15328#
Step "Bind Service to Application" finished#
#2026 09 09 05:34:43.269#Z#DEBUG#125301ff-ac10-11f1-b39f-eeee0a9ef9bb.OPERATION#flowable-async-job-executor-thread-9336#
[BindServiceToApplicationStep] Async service binding operation with id "d5ab5de3-b416-4e67-90d5-d61ffda231a0" finished#
#2026 09 09 05:34:43.271#Z#DEBUG#125301ff-ac10-11f1-b39f-eeee0a9ef9bb.OPERATION#flowable-async-job-executor-thread-9336#
Step "Bind Service to Application" finished#
#2026 09 09 05:34:43.278#Z#DEBUG#125301ff-ac10-11f1-b39f-eeee0a9ef9bb.OPERATION#flowable-async-job-executor-thread-15329#
[DetermineDesiredStateAchievingActionsStep] Executing task "determineDesiredStateAchievingActionsTask" of process "1e27e04c-ac10-11f1-9fee-eeee0a8f4579"...#
#2026 09 09 05:34:43.280#Z#DEBUG#125301ff-ac10-11f1-b39f-eeee0a9ef9bb.OPERATION#flowable-async-job-executor-thread-15329#
[DetermineDesiredStateAchievingActionsStep] Getting application "Insurance_claim_management-db-deployer"...#
#2026 09 09 05:34:43.308#Z#DEBUG#125301ff-ac10-11f1-b39f-eeee0a9ef9bb.OPERATION#flowable-async-job-executor-thread-15329#
[DetermineDesiredStateAchievingActionsStep] Getting instances for application "Insurance_claim_management-db-deployer"...#
#2026 09 09 05:34:43.308#Z#DEBUG#125301ff-ac10-11f1-b39f-eeee0a9ef9bb.OPERATION#flowable-async-job-executor-thread-15329#
[DetermineDesiredStateAchievingActionsStep] Getting environment of application "34352468-b085-4729-8d97-bdb72238eaed"...#
#2026 09 09 05:34:43.338#Z#DEBUG#125301ff-ac10-11f1-b39f-eeee0a9ef9bb.OPERATION#flowable-async-job-executor-thread-15329#
[DetermineDesiredStateAchievingActionsStep] Current state of application Insurance_claim_management-db-deployer: STOPPED#
#2026 09 09 05:34:43.338#Z#DEBUG#125301ff-ac10-11f1-b39f-eeee0a9ef9bb.OPERATION#flowable-async-job-executor-thread-15329#
[DetermineDesiredStateAchievingActionsStep] Desired state of application Insurance_claim_management-db-deployer: STOPPED#
#2026 09 09 05:34:43.338#Z#DEBUG#125301ff-ac10-11f1-b39f-eeee0a9ef9bb.OPERATION#flowable-async-job-executor-thread-15329#
[DetermineDesiredStateAchievingActionsStep] Actions that should be executed on application Insurance_claim_management-db-deployer: [STAGE]#
#2026 09 09 05:34:43.338#Z#DEBUG#125301ff-ac10-11f1-b39f-eeee0a9ef9bb.OPERATION#flowable-async-job-executor-thread-15329#
Step "Determine Desired State Achieving Actions" finished#
#2026 09 09 05:34:43.387#Z#DEBUG#125301ff-ac10-11f1-b39f-eeee0a9ef9bb.OPERATION#flowable-async-job-executor-thread-15328#
[DetermineVcapServicesPropertiesChangedStep] Executing task "determineVcapServicesPropertiesChangedTask" of process "290d2f5a-ac10-11f1-ac4f-eeee0a970c81"...#
#2026 09 09 05:34:43.389#Z#DEBUG#125301ff-ac10-11f1-b39f-eeee0a9ef9bb.OPERATION#flowable-async-job-executor-thread-15328#
[DetermineVcapServicesPropertiesChangedStep] VCAP_SERVICES properties for application "Insurance_claim_management" changed: true#
#2026 09 09 05:34:43.389#Z#DEBUG#125301ff-ac10-11f1-b39f-eeee0a9ef9bb.OPERATION#flowable-async-job-executor-thread-15328#
Step "Determine vcap services properties changed" finished#
#2026 09 09 05:34:43.416#Z#DEBUG#125301ff-ac10-11f1-b39f-eeee0a9ef9bb.OPERATION#flowable-async-job-executor-thread-15328#
[UploadAppStep] Executing task "uploadAppTask" of process "290d2f5a-ac10-11f1-ac4f-eeee0a970c81"...#
#2026 09 09 05:34:43.418#Z#DEBUG#125301ff-ac10-11f1-b39f-eeee0a9ef9bb.OPERATION#flowable-async-job-executor-thread-15328#
[UploadAppStep] Application upload timeout is default one: 3,600 seconds#
#2026 09 09 05:34:43.418#Z#INFO#125301ff-ac10-11f1-b39f-eeee0a9ef9bb.OPERATION#flowable-async-job-executor-thread-15328#
[UploadAppStep] Uploading application "Insurance_claim_management"...#
#2026 09 09 05:34:43.423#Z#DEBUG#125301ff-ac10-11f1-b39f-eeee0a9ef9bb.OPERATION#flowable-async-job-executor-thread-15328#
[UploadAppStep] Getting application "Insurance_claim_management"...#
#2026 09 09 05:34:43.451#Z#DEBUG#125301ff-ac10-11f1-b39f-eeee0a9ef9bb.OPERATION#flowable-async-job-executor-thread-15328#
[UploadAppStep] Getting environment of application "ee8268c6-5ffd-425a-b49a-ee1e2c76f442"...#
#2026 09 09 05:34:43.482#Z#INFO#125301ff-ac10-11f1-b39f-eeee0a9ef9bb.OPERATION#flowable-async-job-executor-thread-15328#
[UploadAppStep] Calculating application digest: "Insurance_claim_management"#
#2026 09 09 05:34:43.676#Z#DEBUG#125301ff-ac10-11f1-b39f-eeee0a9ef9bb.OPERATION#flowable-async-job-executor-thread-15328#
Step "Upload App" finished#
#2026 09 09 05:34:43.370#Z#DEBUG#125301ff-ac10-11f1-b39f-eeee0a9ef9bb.OPERATION#flowable-async-job-executor-thread-15329#
[StageAppStep] Executing task "stageAppTask" of process "1e27e04c-ac10-11f1-9fee-eeee0a8f4579"...#
#2026 09 09 05:34:43.372#Z#DEBUG#125301ff-ac10-11f1-b39f-eeee0a9ef9bb.OPERATION#flowable-async-job-executor-thread-15329#
[StageAppStep] Application stage timeout is default one: 3,600 seconds#
#2026 09 09 05:34:43.373#Z#INFO#125301ff-ac10-11f1-b39f-eeee0a9ef9bb.OPERATION#flowable-async-job-executor-thread-15329#
[StageAppStep] Staging application "Insurance_claim_management-db-deployer"...#
#2026 09 09 05:34:43.379#Z#DEBUG#125301ff-ac10-11f1-b39f-eeee0a9ef9bb.OPERATION#flowable-async-job-executor-thread-15329#
[StageAppStep] Creating build for package "103ea9c9-18ae-4352-89e9-e8e6b468c947"...#
#2026 09 09 05:34:43.762#Z#DEBUG#125301ff-ac10-11f1-b39f-eeee0a9ef9bb.OPERATION#flowable-async-job-executor-thread-15329#
Step "Stage App" finished#
#2026 09 09 05:34:45.443#Z#DEBUG#125301ff-ac10-11f1-b39f-eeee0a9ef9bb.OPERATION#flowable-async-job-executor-thread-6573#
[DetermineVcapServicesPropertiesChangedStep] Executing task "determineVcapServicesPropertiesChangedTask" of process "2a431764-ac10-11f1-9fee-eeee0a8f4579"...#
#2026 09 09 05:34:45.446#Z#DEBUG#125301ff-ac10-11f1-b39f-eeee0a9ef9bb.OPERATION#flowable-async-job-executor-thread-6573#
[DetermineVcapServicesPropertiesChangedStep] VCAP_SERVICES properties for application "Insurance_claim_management-srv" changed: true#
#2026 09 09 05:34:45.446#Z#DEBUG#125301ff-ac10-11f1-b39f-eeee0a9ef9bb.OPERATION#flowable-async-job-executor-thread-6573#
Step "Determine vcap services properties changed" finished#
#2026 09 09 05:34:45.487#Z#DEBUG#125301ff-ac10-11f1-b39f-eeee0a9ef9bb.OPERATION#flowable-async-job-executor-thread-6574#
[UploadAppStep] Executing task "uploadAppTask" of process "2a431764-ac10-11f1-9fee-eeee0a8f4579"...#
#2026 09 09 05:34:45.490#Z#DEBUG#125301ff-ac10-11f1-b39f-eeee0a9ef9bb.OPERATION#flowable-async-job-executor-thread-6574#
[UploadAppStep] Application upload timeout is default one: 3,600 seconds#
#2026 09 09 05:34:45.490#Z#INFO#125301ff-ac10-11f1-b39f-eeee0a9ef9bb.OPERATION#flowable-async-job-executor-thread-6574#
[UploadAppStep] Uploading application "Insurance_claim_management-srv"...#
#2026 09 09 05:34:45.497#Z#DEBUG#125301ff-ac10-11f1-b39f-eeee0a9ef9bb.OPERATION#flowable-async-job-executor-thread-6574#
[UploadAppStep] Getting application "Insurance_claim_management-srv"...#
#2026 09 09 05:34:45.527#Z#DEBUG#125301ff-ac10-11f1-b39f-eeee0a9ef9bb.OPERATION#flowable-async-job-executor-thread-6574#
[UploadAppStep] Getting environment of application "36814cef-ef5f-4c60-bb5c-9a0d13b8c81b"...#
#2026 09 09 05:34:45.557#Z#INFO#125301ff-ac10-11f1-b39f-eeee0a9ef9bb.OPERATION#flowable-async-job-executor-thread-6574#
[UploadAppStep] Calculating application digest: "Insurance_claim_management-srv"#
#2026 09 09 05:34:45.949#Z#DEBUG#125301ff-ac10-11f1-b39f-eeee0a9ef9bb.OPERATION#flowable-async-job-executor-thread-6574#
Step "Upload App" finished#
#2026 09 09 05:34:53.146#Z#DEBUG#125301ff-ac10-11f1-b39f-eeee0a9ef9bb.OPERATION#flowable-async-job-executor-thread-15337#
[StageAppStep] Executing task "stageAppTask" of process "1e27e04c-ac10-11f1-9fee-eeee0a8f4579"...#
#2026 09 09 05:34:53.147#Z#DEBUG#125301ff-ac10-11f1-b39f-eeee0a9ef9bb.OPERATION#flowable-async-job-executor-thread-15337#
[StageAppStep] Application stage timeout is default one: 3,600 seconds#
#2026 09 09 05:34:53.148#Z#DEBUG#125301ff-ac10-11f1-b39f-eeee0a9ef9bb.OPERATION#flowable-async-job-executor-thread-15337#
[StageAppStep] Checking status of application "Insurance_claim_management-db-deployer"...#
#2026 09 09 05:34:53.148#Z#DEBUG#125301ff-ac10-11f1-b39f-eeee0a9ef9bb.OPERATION#flowable-async-job-executor-thread-15337#
[StageAppStep] Getting build "c456cf06-9d96-4fd8-855b-59237472148c"...#
#2026 09 09 05:34:53.176#Z#DEBUG#125301ff-ac10-11f1-b39f-eeee0a9ef9bb.OPERATION#flowable-async-job-executor-thread-15337#
[StageAppStep] Staging status of application "Insurance_claim_management-db-deployer": PENDING#
#2026 09 09 05:34:53.177#Z#DEBUG#125301ff-ac10-11f1-b39f-eeee0a9ef9bb.OPERATION#flowable-async-job-executor-thread-15337#
[StageAppStep] Getting application guid "Insurance_claim_management-db-deployer"...#
#2026 09 09 05:34:53.258#Z#DEBUG#125301ff-ac10-11f1-b39f-eeee0a9ef9bb.OPERATION#flowable-async-job-executor-thread-15337#
Step "Stage App" finished#
#2026 09 09 05:34:53.129#Z#DEBUG#125301ff-ac10-11f1-b39f-eeee0a9ef9bb.OPERATION#flowable-async-job-executor-thread-15335#
[UploadAppStep] Executing task "uploadAppTask" of process "290d2f5a-ac10-11f1-ac4f-eeee0a970c81"...#
#2026 09 09 05:34:53.131#Z#DEBUG#125301ff-ac10-11f1-b39f-eeee0a9ef9bb.OPERATION#flowable-async-job-executor-thread-15335#
[UploadAppStep] Application upload timeout is default one: 3,600 seconds#
#2026 09 09 05:34:53.134#Z#DEBUG#125301ff-ac10-11f1-b39f-eeee0a9ef9bb.OPERATION#pool-14-thread-5#
[UploadAppStep] Upload of application: Insurance_claim_management started on instance: 0#
#2026 09 09 05:34:53.134#Z#DEBUG#125301ff-ac10-11f1-b39f-eeee0a9ef9bb.OPERATION#pool-14-thread-5#
[UploadAppStep] Uploading file "Insurance_claim_management/data.zip" for application "Insurance_claim_management"#
#2026 09 09 05:34:53.136#Z#DEBUG#125301ff-ac10-11f1-b39f-eeee0a9ef9bb.OPERATION#flowable-async-job-executor-thread-15336#
[UploadAppStep] Executing task "uploadAppTask" of process "2a431764-ac10-11f1-9fee-eeee0a8f4579"...#
#2026 09 09 05:34:53.138#Z#DEBUG#125301ff-ac10-11f1-b39f-eeee0a9ef9bb.OPERATION#flowable-async-job-executor-thread-15336#
[UploadAppStep] Application upload timeout is default one: 3,600 seconds#
#2026 09 09 05:34:53.139#Z#DEBUG#125301ff-ac10-11f1-b39f-eeee0a9ef9bb.OPERATION#pool-14-thread-1#
[UploadAppStep] Upload of application: Insurance_claim_management-srv started on instance: 0#
#2026 09 09 05:34:53.139#Z#DEBUG#125301ff-ac10-11f1-b39f-eeee0a9ef9bb.OPERATION#pool-14-thread-1#
[UploadAppStep] Uploading file "Insurance_claim_management-srv/data.zip" for application "Insurance_claim_management-srv"#
#2026 09 09 05:34:53.321#Z#INFO#125301ff-ac10-11f1-b39f-eeee0a9ef9bb.OPERATION#pool-14-thread-5#
[UploadAppStep] Time elapsed for app binary download: 186 in millis#
#2026 09 09 05:34:53.321#Z#INFO#125301ff-ac10-11f1-b39f-eeee0a9ef9bb.OPERATION#pool-14-thread-5#
[UploadAppStep] Size of app Insurance_claim_management is 7,631,563 bytes#
#2026 09 09 05:34:53.321#Z#DEBUG#125301ff-ac10-11f1-b39f-eeee0a9ef9bb.OPERATION#pool-14-thread-5#
[UploadAppStep] Asynchronously uploading binaries for application "Insurance_claim_management"...#
#2026 09 09 05:34:53.392#Z#INFO#125301ff-ac10-11f1-b39f-eeee0a9ef9bb.OPERATION#pool-14-thread-1#
[UploadAppStep] Time elapsed for app binary download: 252 in millis#
#2026 09 09 05:34:53.392#Z#INFO#125301ff-ac10-11f1-b39f-eeee0a9ef9bb.OPERATION#pool-14-thread-1#
[UploadAppStep] Size of app Insurance_claim_management-srv is 14,603,028 bytes#
#2026 09 09 05:34:53.392#Z#DEBUG#125301ff-ac10-11f1-b39f-eeee0a9ef9bb.OPERATION#pool-14-thread-1#
[UploadAppStep] Asynchronously uploading binaries for application "Insurance_claim_management-srv"...#
#2026 09 09 05:34:53.565#Z#INFO#125301ff-ac10-11f1-b39f-eeee0a9ef9bb.OPERATION#pool-14-thread-5#
[UploadAppStep] Started async upload of application "Insurance_claim_management"#
#2026 09 09 05:34:53.573#Z#INFO#125301ff-ac10-11f1-b39f-eeee0a9ef9bb.OPERATION#flowable-async-job-executor-thread-15335#
[UploadAppStep] Time elapsed for upload: 441 in millis#
#2026 09 09 05:34:53.573#Z#DEBUG#125301ff-ac10-11f1-b39f-eeee0a9ef9bb.OPERATION#flowable-async-job-executor-thread-15335#
[UploadAppStep] Getting application "Insurance_claim_management"...#
#2026 09 09 05:34:53.590#Z#DEBUG#125301ff-ac10-11f1-b39f-eeee0a9ef9bb.OPERATION#App upload monitor: c0e72e34-4226-46ba-88bf-9e4a46f35111#
[UploadAppStep] Upload status: PROCESSING_UPLOAD#
#2026 09 09 05:34:53.606#Z#DEBUG#125301ff-ac10-11f1-b39f-eeee0a9ef9bb.OPERATION#flowable-async-job-executor-thread-15335#
[UploadAppStep] Getting environment of application "ee8268c6-5ffd-425a-b49a-ee1e2c76f442"...#
#2026 09 09 05:34:53.644#Z#DEBUG#125301ff-ac10-11f1-b39f-eeee0a9ef9bb.OPERATION#flowable-async-job-executor-thread-15335#
[UploadAppStep] Updating environment of application "Insurance_claim_management"#
#2026 09 09 05:34:53.710#Z#DEBUG#125301ff-ac10-11f1-b39f-eeee0a9ef9bb.OPERATION#flowable-async-job-executor-thread-15335#
Step "Upload App" finished#
#2026 09 09 05:34:53.731#Z#INFO#125301ff-ac10-11f1-b39f-eeee0a9ef9bb.OPERATION#pool-14-thread-1#
[UploadAppStep] Started async upload of application "Insurance_claim_management-srv"#
#2026 09 09 05:34:53.737#Z#INFO#125301ff-ac10-11f1-b39f-eeee0a9ef9bb.OPERATION#flowable-async-job-executor-thread-15336#
[UploadAppStep] Time elapsed for upload: 598 in millis#
#2026 09 09 05:34:53.737#Z#DEBUG#125301ff-ac10-11f1-b39f-eeee0a9ef9bb.OPERATION#flowable-async-job-executor-thread-15336#
[UploadAppStep] Getting application "Insurance_claim_management-srv"...#
#2026 09 09 05:34:53.758#Z#DEBUG#125301ff-ac10-11f1-b39f-eeee0a9ef9bb.OPERATION#App upload monitor: 07b6538f-a82e-48bf-a2fb-8242373147a8#
[UploadAppStep] Upload status: PROCESSING_UPLOAD#
#2026 09 09 05:34:53.767#Z#DEBUG#125301ff-ac10-11f1-b39f-eeee0a9ef9bb.OPERATION#flowable-async-job-executor-thread-15336#
[UploadAppStep] Getting environment of application "36814cef-ef5f-4c60-bb5c-9a0d13b8c81b"...#
#2026 09 09 05:34:53.801#Z#DEBUG#125301ff-ac10-11f1-b39f-eeee0a9ef9bb.OPERATION#flowable-async-job-executor-thread-15336#
[UploadAppStep] Updating environment of application "Insurance_claim_management-srv"#
#2026 09 09 05:34:53.875#Z#DEBUG#125301ff-ac10-11f1-b39f-eeee0a9ef9bb.OPERATION#flowable-async-job-executor-thread-15336#
Step "Upload App" finished#
#2026 09 09 05:34:58.610#Z#DEBUG#125301ff-ac10-11f1-b39f-eeee0a9ef9bb.OPERATION#App upload monitor: c0e72e34-4226-46ba-88bf-9e4a46f35111#
[UploadAppStep] Upload status: PROCESSING_UPLOAD#
#2026 09 09 05:34:58.780#Z#DEBUG#125301ff-ac10-11f1-b39f-eeee0a9ef9bb.OPERATION#App upload monitor: 07b6538f-a82e-48bf-a2fb-8242373147a8#
[UploadAppStep] Upload status: PROCESSING_UPLOAD#
#2026 09 09 05:35:03.168#Z#DEBUG#125301ff-ac10-11f1-b39f-eeee0a9ef9bb.OPERATION#flowable-async-job-executor-thread-15345#
[UploadAppStep] Executing task "uploadAppTask" of process "2a431764-ac10-11f1-9fee-eeee0a8f4579"...#
#2026 09 09 05:35:03.177#Z#DEBUG#125301ff-ac10-11f1-b39f-eeee0a9ef9bb.OPERATION#flowable-async-job-executor-thread-15344#
[UploadAppStep] Executing task "uploadAppTask" of process "290d2f5a-ac10-11f1-ac4f-eeee0a970c81"...#
#2026 09 09 05:35:03.178#Z#DEBUG#125301ff-ac10-11f1-b39f-eeee0a9ef9bb.OPERATION#flowable-async-job-executor-thread-15345#
[UploadAppStep] Application upload timeout is default one: 3,600 seconds#
#2026 09 09 05:35:03.178#Z#DEBUG#125301ff-ac10-11f1-b39f-eeee0a9ef9bb.OPERATION#flowable-async-job-executor-thread-15345#
[UploadAppStep] Checking upload status of application "Insurance_claim_management-srv"...#
#2026 09 09 05:35:03.179#Z#DEBUG#125301ff-ac10-11f1-b39f-eeee0a9ef9bb.OPERATION#flowable-async-job-executor-thread-15345#
[UploadAppStep] Getting package "07b6538f-a82e-48bf-a2fb-8242373147a8"...#
#2026 09 09 05:35:03.180#Z#DEBUG#125301ff-ac10-11f1-b39f-eeee0a9ef9bb.OPERATION#flowable-async-job-executor-thread-15344#
[UploadAppStep] Application upload timeout is default one: 3,600 seconds#
#2026 09 09 05:35:03.180#Z#DEBUG#125301ff-ac10-11f1-b39f-eeee0a9ef9bb.OPERATION#flowable-async-job-executor-thread-15344#
[UploadAppStep] Checking upload status of application "Insurance_claim_management"...#
#2026 09 09 05:35:03.182#Z#DEBUG#125301ff-ac10-11f1-b39f-eeee0a9ef9bb.OPERATION#flowable-async-job-executor-thread-15344#
[UploadAppStep] Getting package "c0e72e34-4226-46ba-88bf-9e4a46f35111"...#
#2026 09 09 05:35:03.206#Z#DEBUG#125301ff-ac10-11f1-b39f-eeee0a9ef9bb.OPERATION#flowable-async-job-executor-thread-15344#
[UploadAppStep] Application "Insurance_claim_management" uploaded#
#2026 09 09 05:35:03.208#Z#DEBUG#125301ff-ac10-11f1-b39f-eeee0a9ef9bb.OPERATION#flowable-async-job-executor-thread-15344#
Step "Upload App" finished#
#2026 09 09 05:35:03.212#Z#DEBUG#125301ff-ac10-11f1-b39f-eeee0a9ef9bb.OPERATION#flowable-async-job-executor-thread-15345#
[UploadAppStep] Application "Insurance_claim_management-srv" uploaded#
#2026 09 09 05:35:03.213#Z#DEBUG#125301ff-ac10-11f1-b39f-eeee0a9ef9bb.OPERATION#flowable-async-job-executor-thread-15345#
Step "Upload App" finished#
#2026 09 09 05:35:03.156#Z#DEBUG#125301ff-ac10-11f1-b39f-eeee0a9ef9bb.OPERATION#flowable-async-job-executor-thread-15343#
[StageAppStep] Executing task "stageAppTask" of process "1e27e04c-ac10-11f1-9fee-eeee0a8f4579"...#
#2026 09 09 05:35:03.158#Z#DEBUG#125301ff-ac10-11f1-b39f-eeee0a9ef9bb.OPERATION#flowable-async-job-executor-thread-15343#
[StageAppStep] Application stage timeout is default one: 3,600 seconds#
#2026 09 09 05:35:03.159#Z#DEBUG#125301ff-ac10-11f1-b39f-eeee0a9ef9bb.OPERATION#flowable-async-job-executor-thread-15343#
[StageAppStep] Checking status of application "Insurance_claim_management-db-deployer"...#
#2026 09 09 05:35:03.159#Z#DEBUG#125301ff-ac10-11f1-b39f-eeee0a9ef9bb.OPERATION#flowable-async-job-executor-thread-15343#
[StageAppStep] Getting build "c456cf06-9d96-4fd8-855b-59237472148c"...#
#2026 09 09 05:35:03.197#Z#DEBUG#125301ff-ac10-11f1-b39f-eeee0a9ef9bb.OPERATION#flowable-async-job-executor-thread-15343#
[StageAppStep] Staging status of application "Insurance_claim_management-db-deployer": PENDING#
#2026 09 09 05:35:03.198#Z#DEBUG#125301ff-ac10-11f1-b39f-eeee0a9ef9bb.OPERATION#flowable-async-job-executor-thread-15343#
[StageAppStep] Getting application guid "Insurance_claim_management-db-deployer"...#
#2026 09 09 05:35:03.284#Z#DEBUG#125301ff-ac10-11f1-b39f-eeee0a9ef9bb.OPERATION#flowable-async-job-executor-thread-15343#
Step "Stage App" finished#
#2026 09 09 05:35:03.244#Z#DEBUG#125301ff-ac10-11f1-b39f-eeee0a9ef9bb.OPERATION#flowable-async-job-executor-thread-15345#
[ScaleAppStep] Executing task "scaleAppTask" of process "2a431764-ac10-11f1-9fee-eeee0a8f4579"...#
#2026 09 09 05:35:03.246#Z#DEBUG#125301ff-ac10-11f1-b39f-eeee0a9ef9bb.OPERATION#flowable-async-job-executor-thread-15345#
[ScaleAppStep] Scaling application "Insurance_claim_management-srv"...#
#2026 09 09 05:35:03.246#Z#DEBUG#125301ff-ac10-11f1-b39f-eeee0a9ef9bb.OPERATION#flowable-async-job-executor-thread-15345#
[ScaleAppStep] Getting application guid "Insurance_claim_management-srv"...#
#2026 09 09 05:35:03.254#Z#DEBUG#125301ff-ac10-11f1-b39f-eeee0a9ef9bb.OPERATION#flowable-async-job-executor-thread-15344#
[ScaleAppStep] Executing task "scaleAppTask" of process "290d2f5a-ac10-11f1-ac4f-eeee0a970c81"...#
#2026 09 09 05:35:03.258#Z#DEBUG#125301ff-ac10-11f1-b39f-eeee0a9ef9bb.OPERATION#flowable-async-job-executor-thread-15344#
[ScaleAppStep] Scaling application "Insurance_claim_management"...#
#2026 09 09 05:35:03.258#Z#DEBUG#125301ff-ac10-11f1-b39f-eeee0a9ef9bb.OPERATION#flowable-async-job-executor-thread-15344#
[ScaleAppStep] Getting application guid "Insurance_claim_management"...#
#2026 09 09 05:35:03.285#Z#DEBUG#125301ff-ac10-11f1-b39f-eeee0a9ef9bb.OPERATION#flowable-async-job-executor-thread-15344#
[ScaleAppStep] Getting process for application "ee8268c6-5ffd-425a-b49a-ee1e2c76f442"...#
#2026 09 09 05:35:03.296#Z#DEBUG#125301ff-ac10-11f1-b39f-eeee0a9ef9bb.OPERATION#flowable-async-job-executor-thread-15345#
[ScaleAppStep] Getting process for application "36814cef-ef5f-4c60-bb5c-9a0d13b8c81b"...#
#2026 09 09 05:35:03.314#Z#DEBUG#125301ff-ac10-11f1-b39f-eeee0a9ef9bb.OPERATION#flowable-async-job-executor-thread-15344#
[ScaleAppStep] Application "Insurance_claim_management" scaled#
#2026 09 09 05:35:03.314#Z#DEBUG#125301ff-ac10-11f1-b39f-eeee0a9ef9bb.OPERATION#flowable-async-job-executor-thread-15344#
Step "Scale App" finished#
#2026 09 09 05:35:03.325#Z#DEBUG#125301ff-ac10-11f1-b39f-eeee0a9ef9bb.OPERATION#flowable-async-job-executor-thread-15345#
[ScaleAppStep] Application "Insurance_claim_management-srv" scaled#
#2026 09 09 05:35:03.325#Z#DEBUG#125301ff-ac10-11f1-b39f-eeee0a9ef9bb.OPERATION#flowable-async-job-executor-thread-15345#
Step "Scale App" finished#
#2026 09 09 05:35:03.351#Z#DEBUG#125301ff-ac10-11f1-b39f-eeee0a9ef9bb.OPERATION#flowable-async-job-executor-thread-15344#
[DetermineDesiredStateAchievingActionsStep] Executing task "determineDesiredStateAchievingActionsTask" of process "290d2f5a-ac10-11f1-ac4f-eeee0a970c81"...#
#2026 09 09 05:35:03.354#Z#DEBUG#125301ff-ac10-11f1-b39f-eeee0a9ef9bb.OPERATION#flowable-async-job-executor-thread-15345#
[DetermineDesiredStateAchievingActionsStep] Executing task "determineDesiredStateAchievingActionsTask" of process "2a431764-ac10-11f1-9fee-eeee0a8f4579"...#
#2026 09 09 05:35:03.354#Z#DEBUG#125301ff-ac10-11f1-b39f-eeee0a9ef9bb.OPERATION#flowable-async-job-executor-thread-15344#
[DetermineDesiredStateAchievingActionsStep] Getting application "Insurance_claim_management"...#
#2026 09 09 05:35:03.355#Z#DEBUG#125301ff-ac10-11f1-b39f-eeee0a9ef9bb.OPERATION#flowable-async-job-executor-thread-15345#
[DetermineDesiredStateAchievingActionsStep] Getting application "Insurance_claim_management-srv"...#
#2026 09 09 05:35:03.383#Z#DEBUG#125301ff-ac10-11f1-b39f-eeee0a9ef9bb.OPERATION#flowable-async-job-executor-thread-15345#
[DetermineDesiredStateAchievingActionsStep] Getting instances for application "Insurance_claim_management-srv"...#
#2026 09 09 05:35:03.386#Z#DEBUG#125301ff-ac10-11f1-b39f-eeee0a9ef9bb.OPERATION#flowable-async-job-executor-thread-15344#
[DetermineDesiredStateAchievingActionsStep] Getting instances for application "Insurance_claim_management"...#
#2026 09 09 05:35:03.429#Z#DEBUG#125301ff-ac10-11f1-b39f-eeee0a9ef9bb.OPERATION#flowable-async-job-executor-thread-15344#
[DetermineDesiredStateAchievingActionsStep] Getting environment of application "ee8268c6-5ffd-425a-b49a-ee1e2c76f442"...#
#2026 09 09 05:35:03.440#Z#DEBUG#125301ff-ac10-11f1-b39f-eeee0a9ef9bb.OPERATION#flowable-async-job-executor-thread-15345#
[DetermineDesiredStateAchievingActionsStep] Getting environment of application "36814cef-ef5f-4c60-bb5c-9a0d13b8c81b"...#
#2026 09 09 05:35:03.463#Z#DEBUG#125301ff-ac10-11f1-b39f-eeee0a9ef9bb.OPERATION#flowable-async-job-executor-thread-15344#
[DetermineDesiredStateAchievingActionsStep] Current state of application Insurance_claim_management: STARTED#
#2026 09 09 05:35:03.463#Z#DEBUG#125301ff-ac10-11f1-b39f-eeee0a9ef9bb.OPERATION#flowable-async-job-executor-thread-15344#
[DetermineDesiredStateAchievingActionsStep] Desired state of application Insurance_claim_management: STARTED#
#2026 09 09 05:35:03.463#Z#DEBUG#125301ff-ac10-11f1-b39f-eeee0a9ef9bb.OPERATION#flowable-async-job-executor-thread-15344#
[DetermineDesiredStateAchievingActionsStep] Actions that should be executed on application Insurance_claim_management: [STOP, STAGE, START]#
#2026 09 09 05:35:03.463#Z#DEBUG#125301ff-ac10-11f1-b39f-eeee0a9ef9bb.OPERATION#flowable-async-job-executor-thread-15344#
Step "Determine Desired State Achieving Actions" finished#
#2026 09 09 05:35:03.475#Z#DEBUG#125301ff-ac10-11f1-b39f-eeee0a9ef9bb.OPERATION#flowable-async-job-executor-thread-15345#
[DetermineDesiredStateAchievingActionsStep] Current state of application Insurance_claim_management-srv: STARTED#
#2026 09 09 05:35:03.475#Z#DEBUG#125301ff-ac10-11f1-b39f-eeee0a9ef9bb.OPERATION#flowable-async-job-executor-thread-15345#
[DetermineDesiredStateAchievingActionsStep] Desired state of application Insurance_claim_management-srv: STARTED#
#2026 09 09 05:35:03.475#Z#DEBUG#125301ff-ac10-11f1-b39f-eeee0a9ef9bb.OPERATION#flowable-async-job-executor-thread-15345#
[DetermineDesiredStateAchievingActionsStep] Actions that should be executed on application Insurance_claim_management-srv: [STOP, STAGE, START]#
#2026 09 09 05:35:03.475#Z#DEBUG#125301ff-ac10-11f1-b39f-eeee0a9ef9bb.OPERATION#flowable-async-job-executor-thread-15345#
Step "Determine Desired State Achieving Actions" finished#
#2026 09 09 05:35:03.504#Z#DEBUG#125301ff-ac10-11f1-b39f-eeee0a9ef9bb.OPERATION#flowable-async-job-executor-thread-15344#
[StopAppStep] Executing task "stopAppTask" of process "290d2f5a-ac10-11f1-ac4f-eeee0a970c81"...#
#2026 09 09 05:35:03.505#Z#DEBUG#125301ff-ac10-11f1-b39f-eeee0a9ef9bb.OPERATION#flowable-async-job-executor-thread-15345#
[StopAppStep] Executing task "stopAppTask" of process "2a431764-ac10-11f1-9fee-eeee0a8f4579"...#
#2026 09 09 05:35:03.507#Z#INFO#125301ff-ac10-11f1-b39f-eeee0a9ef9bb.OPERATION#flowable-async-job-executor-thread-15344#
[StopAppStep] Stopping application "Insurance_claim_management"...#
#2026 09 09 05:35:03.508#Z#INFO#125301ff-ac10-11f1-b39f-eeee0a9ef9bb.OPERATION#flowable-async-job-executor-thread-15345#
[StopAppStep] Stopping application "Insurance_claim_management-srv"...#
#2026 09 09 05:35:03.512#Z#DEBUG#125301ff-ac10-11f1-b39f-eeee0a9ef9bb.OPERATION#flowable-async-job-executor-thread-15344#
[StopAppStep] Stopping application "Insurance_claim_management"...#
#2026 09 09 05:35:03.515#Z#DEBUG#125301ff-ac10-11f1-b39f-eeee0a9ef9bb.OPERATION#flowable-async-job-executor-thread-15345#
[StopAppStep] Stopping application "Insurance_claim_management-srv"...#
#2026 09 09 05:35:03.636#Z#DEBUG#125301ff-ac10-11f1-b39f-eeee0a9ef9bb.OPERATION#flowable-async-job-executor-thread-15344#
[StopAppStep] Application "Insurance_claim_management" stopped#
#2026 09 09 05:35:03.636#Z#DEBUG#125301ff-ac10-11f1-b39f-eeee0a9ef9bb.OPERATION#flowable-async-job-executor-thread-15344#
[StopAppStep] Getting environment of application "ee8268c6-5ffd-425a-b49a-ee1e2c76f442"...#
#2026 09 09 05:35:03.638#Z#DEBUG#125301ff-ac10-11f1-b39f-eeee0a9ef9bb.OPERATION#flowable-async-job-executor-thread-15345#
[StopAppStep] Application "Insurance_claim_management-srv" stopped#
#2026 09 09 05:35:03.638#Z#DEBUG#125301ff-ac10-11f1-b39f-eeee0a9ef9bb.OPERATION#flowable-async-job-executor-thread-15345#
[StopAppStep] Getting environment of application "36814cef-ef5f-4c60-bb5c-9a0d13b8c81b"...#
#2026 09 09 05:35:03.670#Z#DEBUG#125301ff-ac10-11f1-b39f-eeee0a9ef9bb.OPERATION#flowable-async-job-executor-thread-15345#
Step "Stop App" finished#
#2026 09 09 05:35:03.682#Z#DEBUG#125301ff-ac10-11f1-b39f-eeee0a9ef9bb.OPERATION#flowable-async-job-executor-thread-15344#
Step "Stop App" finished#
#2026 09 09 05:35:03.716#Z#DEBUG#125301ff-ac10-11f1-b39f-eeee0a9ef9bb.OPERATION#flowable-async-job-executor-thread-15345#
[StageAppStep] Executing task "stageAppTask" of process "352c0f38-ac10-11f1-ac4f-eeee0a970c81"...#
#2026 09 09 05:35:03.718#Z#DEBUG#125301ff-ac10-11f1-b39f-eeee0a9ef9bb.OPERATION#flowable-async-job-executor-thread-15345#
[StageAppStep] Application stage timeout is default one: 3,600 seconds#
#2026 09 09 05:35:03.720#Z#INFO#125301ff-ac10-11f1-b39f-eeee0a9ef9bb.OPERATION#flowable-async-job-executor-thread-15345#
[StageAppStep] Staging application "Insurance_claim_management-srv"...#
#2026 09 09 05:35:03.724#Z#DEBUG#125301ff-ac10-11f1-b39f-eeee0a9ef9bb.OPERATION#flowable-async-job-executor-thread-15345#
[StageAppStep] Creating build for package "07b6538f-a82e-48bf-a2fb-8242373147a8"...#
#2026 09 09 05:35:03.730#Z#DEBUG#125301ff-ac10-11f1-b39f-eeee0a9ef9bb.OPERATION#flowable-async-job-executor-thread-15344#
[StageAppStep] Executing task "stageAppTask" of process "352e8044-ac10-11f1-ac4f-eeee0a970c81"...#
#2026 09 09 05:35:03.732#Z#DEBUG#125301ff-ac10-11f1-b39f-eeee0a9ef9bb.OPERATION#flowable-async-job-executor-thread-15344#
[StageAppStep] Application stage timeout is default one: 3,600 seconds#
#2026 09 09 05:35:03.735#Z#INFO#125301ff-ac10-11f1-b39f-eeee0a9ef9bb.OPERATION#flowable-async-job-executor-thread-15344#
[StageAppStep] Staging application "Insurance_claim_management"...#
#2026 09 09 05:35:03.739#Z#DEBUG#125301ff-ac10-11f1-b39f-eeee0a9ef9bb.OPERATION#flowable-async-job-executor-thread-15344#
[StageAppStep] Creating build for package "c0e72e34-4226-46ba-88bf-9e4a46f35111"...#
#2026 09 09 05:35:04.112#Z#DEBUG#125301ff-ac10-11f1-b39f-eeee0a9ef9bb.OPERATION#flowable-async-job-executor-thread-15345#
Step "Stage App" finished#
#2026 09 09 05:35:05.022#Z#DEBUG#125301ff-ac10-11f1-b39f-eeee0a9ef9bb.OPERATION#flowable-async-job-executor-thread-15344#
Step "Stage App" finished#
#2026 09 09 05:35:13.185#Z#DEBUG#125301ff-ac10-11f1-b39f-eeee0a9ef9bb.OPERATION#flowable-async-job-executor-thread-15350#
[StageAppStep] Executing task "stageAppTask" of process "1e27e04c-ac10-11f1-9fee-eeee0a8f4579"...#
#2026 09 09 05:35:13.186#Z#DEBUG#125301ff-ac10-11f1-b39f-eeee0a9ef9bb.OPERATION#flowable-async-job-executor-thread-15351#
[StageAppStep] Executing task "stageAppTask" of process "352e8044-ac10-11f1-ac4f-eeee0a970c81"...#
#2026 09 09 05:35:13.187#Z#DEBUG#125301ff-ac10-11f1-b39f-eeee0a9ef9bb.OPERATION#flowable-async-job-executor-thread-15350#
[StageAppStep] Application stage timeout is default one: 3,600 seconds#
#2026 09 09 05:35:13.188#Z#DEBUG#125301ff-ac10-11f1-b39f-eeee0a9ef9bb.OPERATION#flowable-async-job-executor-thread-15350#
[StageAppStep] Checking status of application "Insurance_claim_management-db-deployer"...#
#2026 09 09 05:35:13.188#Z#DEBUG#125301ff-ac10-11f1-b39f-eeee0a9ef9bb.OPERATION#flowable-async-job-executor-thread-15350#
[StageAppStep] Getting build "c456cf06-9d96-4fd8-855b-59237472148c"...#
#2026 09 09 05:35:13.188#Z#DEBUG#125301ff-ac10-11f1-b39f-eeee0a9ef9bb.OPERATION#flowable-async-job-executor-thread-15351#
[StageAppStep] Application stage timeout is default one: 3,600 seconds#
#2026 09 09 05:35:13.189#Z#DEBUG#125301ff-ac10-11f1-b39f-eeee0a9ef9bb.OPERATION#flowable-async-job-executor-thread-15351#
[StageAppStep] Checking status of application "Insurance_claim_management"...#
#2026 09 09 05:35:13.189#Z#DEBUG#125301ff-ac10-11f1-b39f-eeee0a9ef9bb.OPERATION#flowable-async-job-executor-thread-15351#
[StageAppStep] Getting build "a0bdf042-12df-492f-acc9-380dd3df01fe"...#
#2026 09 09 05:35:13.210#Z#DEBUG#125301ff-ac10-11f1-b39f-eeee0a9ef9bb.OPERATION#flowable-async-job-executor-thread-15350#
[StageAppStep] Staging status of application "Insurance_claim_management-db-deployer": STAGED#
#2026 09 09 05:35:13.211#Z#DEBUG#125301ff-ac10-11f1-b39f-eeee0a9ef9bb.OPERATION#flowable-async-job-executor-thread-15350#
[StageAppStep] Getting application guid "Insurance_claim_management-db-deployer"...#
#2026 09 09 05:35:13.218#Z#DEBUG#125301ff-ac10-11f1-b39f-eeee0a9ef9bb.OPERATION#flowable-async-job-executor-thread-15351#
[StageAppStep] Staging status of application "Insurance_claim_management": PENDING#
#2026 09 09 05:35:13.218#Z#DEBUG#125301ff-ac10-11f1-b39f-eeee0a9ef9bb.OPERATION#flowable-async-job-executor-thread-15351#
[StageAppStep] Getting application guid "Insurance_claim_management"...#
#2026 09 09 05:35:13.290#Z#DEBUG#125301ff-ac10-11f1-b39f-eeee0a9ef9bb.OPERATION#flowable-async-job-executor-thread-15350#
[StageAppStep] Getting build "c456cf06-9d96-4fd8-855b-59237472148c"...#
#2026 09 09 05:35:13.300#Z#DEBUG#125301ff-ac10-11f1-b39f-eeee0a9ef9bb.OPERATION#flowable-async-job-executor-thread-15351#
Step "Stage App" finished#
#2026 09 09 05:35:13.197#Z#DEBUG#125301ff-ac10-11f1-b39f-eeee0a9ef9bb.OPERATION#flowable-async-job-executor-thread-6576#
[StageAppStep] Executing task "stageAppTask" of process "352c0f38-ac10-11f1-ac4f-eeee0a970c81"...#
#2026 09 09 05:35:13.200#Z#DEBUG#125301ff-ac10-11f1-b39f-eeee0a9ef9bb.OPERATION#flowable-async-job-executor-thread-6576#
[StageAppStep] Application stage timeout is default one: 3,600 seconds#
#2026 09 09 05:35:13.202#Z#DEBUG#125301ff-ac10-11f1-b39f-eeee0a9ef9bb.OPERATION#flowable-async-job-executor-thread-6576#
[StageAppStep] Checking status of application "Insurance_claim_management-srv"...#
#2026 09 09 05:35:13.202#Z#DEBUG#125301ff-ac10-11f1-b39f-eeee0a9ef9bb.OPERATION#flowable-async-job-executor-thread-6576#
[StageAppStep] Getting build "1bec3566-c153-49a8-bf29-1a1506cc42d8"...#
#2026 09 09 05:35:13.235#Z#DEBUG#125301ff-ac10-11f1-b39f-eeee0a9ef9bb.OPERATION#flowable-async-job-executor-thread-6576#
[StageAppStep] Staging status of application "Insurance_claim_management-srv": PENDING#
#2026 09 09 05:35:13.238#Z#DEBUG#125301ff-ac10-11f1-b39f-eeee0a9ef9bb.OPERATION#flowable-async-job-executor-thread-6576#
[StageAppStep] Getting application guid "Insurance_claim_management-srv"...#
#2026 09 09 05:35:13.334#Z#DEBUG#125301ff-ac10-11f1-b39f-eeee0a9ef9bb.OPERATION#flowable-async-job-executor-thread-6576#
Step "Stage App" finished#
#2026 09 09 05:35:13.318#Z#DEBUG#125301ff-ac10-11f1-b39f-eeee0a9ef9bb.OPERATION#flowable-async-job-executor-thread-15350#
[StageAppStep] Binding droplet "cf39d108-942e-4d06-bf24-023d03ab5cd7" to application "34352468-b085-4729-8d97-bdb72238eaed"...#
#2026 09 09 05:35:13.371#Z#INFO#125301ff-ac10-11f1-b39f-eeee0a9ef9bb.OPERATION#flowable-async-job-executor-thread-15350#
[StageAppStep] Application "Insurance_claim_management-db-deployer" staged#
#2026 09 09 05:35:13.377#Z#DEBUG#125301ff-ac10-11f1-b39f-eeee0a9ef9bb.OPERATION#flowable-async-job-executor-thread-15350#
Step "Stage App" finished#
#2026 09 09 05:35:13.447#Z#DEBUG#125301ff-ac10-11f1-b39f-eeee0a9ef9bb.OPERATION#flowable-async-job-executor-thread-15353#
[PrepareToExecuteTasksStep] Executing task "prepareToExecuteTasksTask" of process "3afa6b71-ac10-11f1-ac4f-eeee0a970c81"...#
#2026 09 09 05:35:13.448#Z#DEBUG#125301ff-ac10-11f1-b39f-eeee0a9ef9bb.OPERATION#flowable-async-job-executor-thread-15353#
Step "Prepare To Execute Tasks" finished#
#2026 09 09 05:35:13.475#Z#DEBUG#125301ff-ac10-11f1-b39f-eeee0a9ef9bb.OPERATION#flowable-async-job-executor-thread-15353#
[ExecuteTaskStep] Executing task "executeTaskTask" of process "3afa6b71-ac10-11f1-ac4f-eeee0a970c81"...#
#2026 09 09 05:35:13.477#Z#DEBUG#125301ff-ac10-11f1-b39f-eeee0a9ef9bb.OPERATION#flowable-async-job-executor-thread-15353#
[ExecuteTaskStep] Application task execution timeout is default one: 43,200 seconds#
#2026 09 09 05:35:13.479#Z#INFO#125301ff-ac10-11f1-b39f-eeee0a9ef9bb.OPERATION#flowable-async-job-executor-thread-15353#
[ExecuteTaskStep] Executing task "deploy" on application "Insurance_claim_management-db-deployer"...#
#2026 09 09 05:35:13.483#Z#DEBUG#125301ff-ac10-11f1-b39f-eeee0a9ef9bb.OPERATION#flowable-async-job-executor-thread-15353#
[ExecuteTaskStep] Running task on application "Insurance_claim_management-db-deployer": {
  "name" : "deploy",
  "command" : "npm start",
  "limits" : {
    "memory" : 256
  }
}#
#2026 09 09 05:35:13.770#Z#DEBUG#125301ff-ac10-11f1-b39f-eeee0a9ef9bb.OPERATION#flowable-async-job-executor-thread-15353#
Step "Execute Task" finished#
#2026 09 09 05:35:23.349#Z#DEBUG#125301ff-ac10-11f1-b39f-eeee0a9ef9bb.OPERATION#flowable-async-job-executor-thread-9344#
Step "Stage App" finished#
#2026 09 09 05:35:23.214#Z#DEBUG#125301ff-ac10-11f1-b39f-eeee0a9ef9bb.OPERATION#flowable-async-job-executor-thread-9344#
[StageAppStep] Executing task "stageAppTask" of process "352e8044-ac10-11f1-ac4f-eeee0a970c81"...#
#2026 09 09 05:35:23.216#Z#DEBUG#125301ff-ac10-11f1-b39f-eeee0a9ef9bb.OPERATION#flowable-async-job-executor-thread-9344#
[StageAppStep] Application stage timeout is default one: 3,600 seconds#
#2026 09 09 05:35:23.217#Z#DEBUG#125301ff-ac10-11f1-b39f-eeee0a9ef9bb.OPERATION#flowable-async-job-executor-thread-9344#
[StageAppStep] Checking status of application "Insurance_claim_management"...#
#2026 09 09 05:35:23.217#Z#DEBUG#125301ff-ac10-11f1-b39f-eeee0a9ef9bb.OPERATION#flowable-async-job-executor-thread-9344#
[StageAppStep] Getting build "a0bdf042-12df-492f-acc9-380dd3df01fe"...#
#2026 09 09 05:35:23.220#Z#DEBUG#125301ff-ac10-11f1-b39f-eeee0a9ef9bb.OPERATION#flowable-async-job-executor-thread-9345#
[StageAppStep] Executing task "stageAppTask" of process "352c0f38-ac10-11f1-ac4f-eeee0a970c81"...#
#2026 09 09 05:35:23.222#Z#DEBUG#125301ff-ac10-11f1-b39f-eeee0a9ef9bb.OPERATION#flowable-async-job-executor-thread-9345#
[StageAppStep] Application stage timeout is default one: 3,600 seconds#
#2026 09 09 05:35:23.224#Z#DEBUG#125301ff-ac10-11f1-b39f-eeee0a9ef9bb.OPERATION#flowable-async-job-executor-thread-9345#
[StageAppStep] Checking status of application "Insurance_claim_management-srv"...#
#2026 09 09 05:35:23.224#Z#DEBUG#125301ff-ac10-11f1-b39f-eeee0a9ef9bb.OPERATION#flowable-async-job-executor-thread-9345#
[StageAppStep] Getting build "1bec3566-c153-49a8-bf29-1a1506cc42d8"...#
#2026 09 09 05:35:23.250#Z#DEBUG#125301ff-ac10-11f1-b39f-eeee0a9ef9bb.OPERATION#flowable-async-job-executor-thread-9344#
[StageAppStep] Staging status of application "Insurance_claim_management": PENDING#
#2026 09 09 05:35:23.252#Z#DEBUG#125301ff-ac10-11f1-b39f-eeee0a9ef9bb.OPERATION#flowable-async-job-executor-thread-9344#
[StageAppStep] Getting application guid "Insurance_claim_management"...#
#2026 09 09 05:35:23.253#Z#DEBUG#125301ff-ac10-11f1-b39f-eeee0a9ef9bb.OPERATION#flowable-async-job-executor-thread-9345#
[StageAppStep] Staging status of application "Insurance_claim_management-srv": PENDING#
#2026 09 09 05:35:23.254#Z#DEBUG#125301ff-ac10-11f1-b39f-eeee0a9ef9bb.OPERATION#flowable-async-job-executor-thread-9345#
[StageAppStep] Getting application guid "Insurance_claim_management-srv"...#
#2026 09 09 05:35:23.348#Z#DEBUG#125301ff-ac10-11f1-b39f-eeee0a9ef9bb.OPERATION#flowable-async-job-executor-thread-9345#
Step "Stage App" finished#
#2026 09 09 05:35:23.208#Z#DEBUG#125301ff-ac10-11f1-b39f-eeee0a9ef9bb.OPERATION#flowable-async-job-executor-thread-9343#
[ExecuteTaskStep] Executing task "executeTaskTask" of process "3afa6b71-ac10-11f1-ac4f-eeee0a970c81"...#
#2026 09 09 05:35:23.211#Z#DEBUG#125301ff-ac10-11f1-b39f-eeee0a9ef9bb.OPERATION#flowable-async-job-executor-thread-9343#
[ExecuteTaskStep] Application task execution timeout is default one: 43,200 seconds#
#2026 09 09 05:35:23.212#Z#DEBUG#125301ff-ac10-11f1-b39f-eeee0a9ef9bb.OPERATION#flowable-async-job-executor-thread-9343#
[ExecuteTaskStep] Getting task "b7597397-2c9e-48d1-aaa1-360b3c4869f1"...#
#2026 09 09 05:35:23.238#Z#DEBUG#125301ff-ac10-11f1-b39f-eeee0a9ef9bb.OPERATION#flowable-async-job-executor-thread-9343#
[ExecuteTaskStep] Task execution status: running#
#2026 09 09 05:35:23.240#Z#DEBUG#125301ff-ac10-11f1-b39f-eeee0a9ef9bb.OPERATION#flowable-async-job-executor-thread-9343#
[ExecuteTaskStep] Getting application guid "Insurance_claim_management-db-deployer"...#
#2026 09 09 05:35:23.401#Z#DEBUG#125301ff-ac10-11f1-b39f-eeee0a9ef9bb.OPERATION#flowable-async-job-executor-thread-9343#
Step "Execute Task" finished#
#2026 09 09 05:35:33.227#Z#DEBUG#125301ff-ac10-11f1-b39f-eeee0a9ef9bb.OPERATION#flowable-async-job-executor-thread-9351#
[StageAppStep] Executing task "stageAppTask" of process "352c0f38-ac10-11f1-ac4f-eeee0a970c81"...#
#2026 09 09 05:35:33.230#Z#DEBUG#125301ff-ac10-11f1-b39f-eeee0a9ef9bb.OPERATION#flowable-async-job-executor-thread-9351#
[StageAppStep] Application stage timeout is default one: 3,600 seconds#
#2026 09 09 05:35:33.231#Z#DEBUG#125301ff-ac10-11f1-b39f-eeee0a9ef9bb.OPERATION#flowable-async-job-executor-thread-9351#
[StageAppStep] Checking status of application "Insurance_claim_management-srv"...#
#2026 09 09 05:35:33.231#Z#DEBUG#125301ff-ac10-11f1-b39f-eeee0a9ef9bb.OPERATION#flowable-async-job-executor-thread-9351#
[StageAppStep] Getting build "1bec3566-c153-49a8-bf29-1a1506cc42d8"...#
#2026 09 09 05:35:33.237#Z#DEBUG#125301ff-ac10-11f1-b39f-eeee0a9ef9bb.OPERATION#flowable-async-job-executor-thread-9352#
[StageAppStep] Executing task "stageAppTask" of process "352e8044-ac10-11f1-ac4f-eeee0a970c81"...#
#2026 09 09 05:35:33.239#Z#DEBUG#125301ff-ac10-11f1-b39f-eeee0a9ef9bb.OPERATION#flowable-async-job-executor-thread-9352#
[StageAppStep] Application stage timeout is default one: 3,600 seconds#
#2026 09 09 05:35:33.241#Z#DEBUG#125301ff-ac10-11f1-b39f-eeee0a9ef9bb.OPERATION#flowable-async-job-executor-thread-9352#
[StageAppStep] Checking status of application "Insurance_claim_management"...#
#2026 09 09 05:35:33.241#Z#DEBUG#125301ff-ac10-11f1-b39f-eeee0a9ef9bb.OPERATION#flowable-async-job-executor-thread-9352#
[StageAppStep] Getting build "a0bdf042-12df-492f-acc9-380dd3df01fe"...#
#2026 09 09 05:35:33.269#Z#DEBUG#125301ff-ac10-11f1-b39f-eeee0a9ef9bb.OPERATION#flowable-async-job-executor-thread-9352#
[StageAppStep] Staging status of application "Insurance_claim_management": PENDING#
#2026 09 09 05:35:33.270#Z#DEBUG#125301ff-ac10-11f1-b39f-eeee0a9ef9bb.OPERATION#flowable-async-job-executor-thread-9352#
[StageAppStep] Getting application guid "Insurance_claim_management"...#
#2026 09 09 05:35:33.271#Z#DEBUG#125301ff-ac10-11f1-b39f-eeee0a9ef9bb.OPERATION#flowable-async-job-executor-thread-9351#
[StageAppStep] Staging status of application "Insurance_claim_management-srv": PENDING#
#2026 09 09 05:35:33.272#Z#DEBUG#125301ff-ac10-11f1-b39f-eeee0a9ef9bb.OPERATION#flowable-async-job-executor-thread-9351#
[StageAppStep] Getting application guid "Insurance_claim_management-srv"...#
#2026 09 09 05:35:33.347#Z#DEBUG#125301ff-ac10-11f1-b39f-eeee0a9ef9bb.OPERATION#flowable-async-job-executor-thread-9352#
Step "Stage App" finished#
#2026 09 09 05:35:33.354#Z#DEBUG#125301ff-ac10-11f1-b39f-eeee0a9ef9bb.OPERATION#flowable-async-job-executor-thread-9351#
Step "Stage App" finished#
#2026 09 09 05:35:33.240#Z#DEBUG#125301ff-ac10-11f1-b39f-eeee0a9ef9bb.OPERATION#flowable-async-job-executor-thread-9353#
[ExecuteTaskStep] Executing task "executeTaskTask" of process "3afa6b71-ac10-11f1-ac4f-eeee0a970c81"...#
#2026 09 09 05:35:33.242#Z#DEBUG#125301ff-ac10-11f1-b39f-eeee0a9ef9bb.OPERATION#flowable-async-job-executor-thread-9353#
[ExecuteTaskStep] Application task execution timeout is default one: 43,200 seconds#
#2026 09 09 05:35:33.244#Z#DEBUG#125301ff-ac10-11f1-b39f-eeee0a9ef9bb.OPERATION#flowable-async-job-executor-thread-9353#
[ExecuteTaskStep] Getting task "b7597397-2c9e-48d1-aaa1-360b3c4869f1"...#
#2026 09 09 05:35:33.269#Z#DEBUG#125301ff-ac10-11f1-b39f-eeee0a9ef9bb.OPERATION#flowable-async-job-executor-thread-9353#
[ExecuteTaskStep] Task execution status: succeeded#
#2026 09 09 05:35:33.271#Z#DEBUG#125301ff-ac10-11f1-b39f-eeee0a9ef9bb.OPERATION#flowable-async-job-executor-thread-9353#
[ExecuteTaskStep] Getting application guid "Insurance_claim_management-db-deployer"...#
#2026 09 09 05:35:33.360#Z#DEBUG#125301ff-ac10-11f1-b39f-eeee0a9ef9bb.OPERATION#flowable-async-job-executor-thread-9353#
Step "Execute Task" finished#
#2026 09 09 05:35:33.393#Z#DEBUG#125301ff-ac10-11f1-b39f-eeee0a9ef9bb.OPERATION#flowable-async-job-executor-thread-9353#
[IncrementIndexStep] Executing task "incrementTaskIndexTask" of process "3afa6b71-ac10-11f1-ac4f-eeee0a970c81"...#
#2026 09 09 05:35:33.394#Z#DEBUG#125301ff-ac10-11f1-b39f-eeee0a9ef9bb.OPERATION#flowable-async-job-executor-thread-9353#
Step "Increment Task Index" finished#
#2026 09 09 05:35:33.457#Z#DEBUG#125301ff-ac10-11f1-b39f-eeee0a9ef9bb.OPERATION#flowable-async-job-executor-thread-9353#
[PublishConfigurationEntriesStep] Executing task "publishProvidedDependenciesTask" of process "1e27e04c-ac10-11f1-9fee-eeee0a8f4579"...#
#2026 09 09 05:35:33.458#Z#DEBUG#125301ff-ac10-11f1-b39f-eeee0a9ef9bb.OPERATION#flowable-async-job-executor-thread-9353#
[PublishConfigurationEntriesStep] Publishing public provided dependencies for application "Insurance_claim_management-db-deployer"...#
#2026 09 09 05:35:33.459#Z#DEBUG#125301ff-ac10-11f1-b39f-eeee0a9ef9bb.OPERATION#flowable-async-job-executor-thread-9353#
[PublishConfigurationEntriesStep] No public provided dependencies for publishing#
#2026 09 09 05:35:33.459#Z#DEBUG#125301ff-ac10-11f1-b39f-eeee0a9ef9bb.OPERATION#flowable-async-job-executor-thread-9353#
Step "Publish Provided Dependencies" finished#
#2026 09 09 05:35:33.491#Z#DEBUG#125301ff-ac10-11f1-b39f-eeee0a9ef9bb.OPERATION#flowable-async-job-executor-thread-9353#
[CreateOrUpdateServiceBrokerStep] Executing task "createOrUpdateServiceBrokerTask" of process "1e27e04c-ac10-11f1-9fee-eeee0a8f4579"...#
#2026 09 09 05:35:33.493#Z#DEBUG#125301ff-ac10-11f1-b39f-eeee0a9ef9bb.OPERATION#flowable-async-job-executor-thread-9353#
[CreateOrUpdateServiceBrokerStep] Creating service brokers...#
#2026 09 09 05:35:33.494#Z#DEBUG#125301ff-ac10-11f1-b39f-eeee0a9ef9bb.OPERATION#flowable-async-job-executor-thread-9353#
Step "Create Or Update Service Broker " finished#
#2026 09 09 05:35:43.245#Z#DEBUG#125301ff-ac10-11f1-b39f-eeee0a9ef9bb.OPERATION#flowable-async-job-executor-thread-15359#
[StageAppStep] Executing task "stageAppTask" of process "352c0f38-ac10-11f1-ac4f-eeee0a970c81"...#
#2026 09 09 05:35:43.247#Z#DEBUG#125301ff-ac10-11f1-b39f-eeee0a9ef9bb.OPERATION#flowable-async-job-executor-thread-15359#
[StageAppStep] Application stage timeout is default one: 3,600 seconds#
#2026 09 09 05:35:43.247#Z#DEBUG#125301ff-ac10-11f1-b39f-eeee0a9ef9bb.OPERATION#flowable-async-job-executor-thread-15359#
[StageAppStep] Checking status of application "Insurance_claim_management-srv"...#
#2026 09 09 05:35:43.247#Z#DEBUG#125301ff-ac10-11f1-b39f-eeee0a9ef9bb.OPERATION#flowable-async-job-executor-thread-15359#
[StageAppStep] Getting build "1bec3566-c153-49a8-bf29-1a1506cc42d8"...#
#2026 09 09 05:35:43.251#Z#DEBUG#125301ff-ac10-11f1-b39f-eeee0a9ef9bb.OPERATION#flowable-async-job-executor-thread-15360#
[StageAppStep] Executing task "stageAppTask" of process "352e8044-ac10-11f1-ac4f-eeee0a970c81"...#
#2026 09 09 05:35:43.254#Z#DEBUG#125301ff-ac10-11f1-b39f-eeee0a9ef9bb.OPERATION#flowable-async-job-executor-thread-15360#
[StageAppStep] Application stage timeout is default one: 3,600 seconds#
#2026 09 09 05:35:43.255#Z#DEBUG#125301ff-ac10-11f1-b39f-eeee0a9ef9bb.OPERATION#flowable-async-job-executor-thread-15360#
[StageAppStep] Checking status of application "Insurance_claim_management"...#
#2026 09 09 05:35:43.255#Z#DEBUG#125301ff-ac10-11f1-b39f-eeee0a9ef9bb.OPERATION#flowable-async-job-executor-thread-15360#
[StageAppStep] Getting build "a0bdf042-12df-492f-acc9-380dd3df01fe"...#
#2026 09 09 05:35:43.278#Z#DEBUG#125301ff-ac10-11f1-b39f-eeee0a9ef9bb.OPERATION#flowable-async-job-executor-thread-15360#
[StageAppStep] Staging status of application "Insurance_claim_management": STAGED#
#2026 09 09 05:35:43.279#Z#DEBUG#125301ff-ac10-11f1-b39f-eeee0a9ef9bb.OPERATION#flowable-async-job-executor-thread-15360#
[StageAppStep] Getting application guid "Insurance_claim_management"...#
#2026 09 09 05:35:43.280#Z#DEBUG#125301ff-ac10-11f1-b39f-eeee0a9ef9bb.OPERATION#flowable-async-job-executor-thread-15359#
[StageAppStep] Staging status of application "Insurance_claim_management-srv": STAGED#
#2026 09 09 05:35:43.281#Z#DEBUG#125301ff-ac10-11f1-b39f-eeee0a9ef9bb.OPERATION#flowable-async-job-executor-thread-15359#
[StageAppStep] Getting application guid "Insurance_claim_management-srv"...#
#2026 09 09 05:35:43.339#Z#DEBUG#125301ff-ac10-11f1-b39f-eeee0a9ef9bb.OPERATION#flowable-async-job-executor-thread-15359#
[StageAppStep] Getting build "1bec3566-c153-49a8-bf29-1a1506cc42d8"...#
#2026 09 09 05:35:43.366#Z#DEBUG#125301ff-ac10-11f1-b39f-eeee0a9ef9bb.OPERATION#flowable-async-job-executor-thread-15360#
[StageAppStep] Getting build "a0bdf042-12df-492f-acc9-380dd3df01fe"...#
#2026 09 09 05:35:43.368#Z#DEBUG#125301ff-ac10-11f1-b39f-eeee0a9ef9bb.OPERATION#flowable-async-job-executor-thread-15359#
[StageAppStep] Binding droplet "bb31e147-bd5d-4231-8ff2-8653711cff33" to application "36814cef-ef5f-4c60-bb5c-9a0d13b8c81b"...#
#2026 09 09 05:35:43.395#Z#DEBUG#125301ff-ac10-11f1-b39f-eeee0a9ef9bb.OPERATION#flowable-async-job-executor-thread-15360#
[StageAppStep] Binding droplet "247c7601-8beb-4172-b0bd-f9f966597db5" to application "ee8268c6-5ffd-425a-b49a-ee1e2c76f442"...#
#2026 09 09 05:35:43.418#Z#INFO#125301ff-ac10-11f1-b39f-eeee0a9ef9bb.OPERATION#flowable-async-job-executor-thread-15359#
[StageAppStep] Application "Insurance_claim_management-srv" staged#
#2026 09 09 05:35:43.424#Z#DEBUG#125301ff-ac10-11f1-b39f-eeee0a9ef9bb.OPERATION#flowable-async-job-executor-thread-15359#
Step "Stage App" finished#
#2026 09 09 05:35:43.445#Z#INFO#125301ff-ac10-11f1-b39f-eeee0a9ef9bb.OPERATION#flowable-async-job-executor-thread-15360#
[StageAppStep] Application "Insurance_claim_management" staged#
#2026 09 09 05:35:43.451#Z#DEBUG#125301ff-ac10-11f1-b39f-eeee0a9ef9bb.OPERATION#flowable-async-job-executor-thread-15360#
Step "Stage App" finished#
#2026 09 09 05:35:43.458#Z#DEBUG#125301ff-ac10-11f1-b39f-eeee0a9ef9bb.OPERATION#flowable-async-job-executor-thread-15359#
[RestartAppStep] Executing task "startAppTask" of process "352c0f38-ac10-11f1-ac4f-eeee0a970c81"...#
#2026 09 09 05:35:43.462#Z#DEBUG#125301ff-ac10-11f1-b39f-eeee0a9ef9bb.OPERATION#flowable-async-job-executor-thread-15359#
[RestartAppStep] Application start timeout is default one: 3,600 seconds#
#2026 09 09 05:35:43.470#Z#DEBUG#125301ff-ac10-11f1-b39f-eeee0a9ef9bb.OPERATION#flowable-async-job-executor-thread-15359#
[RestartAppStep] Getting application "Insurance_claim_management-srv"...#
#2026 09 09 05:35:43.491#Z#DEBUG#125301ff-ac10-11f1-b39f-eeee0a9ef9bb.OPERATION#flowable-async-job-executor-thread-15360#
[RestartAppStep] Executing task "startAppTask" of process "352e8044-ac10-11f1-ac4f-eeee0a970c81"...#
#2026 09 09 05:35:43.494#Z#DEBUG#125301ff-ac10-11f1-b39f-eeee0a9ef9bb.OPERATION#flowable-async-job-executor-thread-15360#
[RestartAppStep] Application start timeout is default one: 3,600 seconds#
#2026 09 09 05:35:43.499#Z#INFO#125301ff-ac10-11f1-b39f-eeee0a9ef9bb.OPERATION#flowable-async-job-executor-thread-15359#
[RestartAppStep] Starting application "Insurance_claim_management-srv"...#
#2026 09 09 05:35:43.502#Z#DEBUG#125301ff-ac10-11f1-b39f-eeee0a9ef9bb.OPERATION#flowable-async-job-executor-thread-15360#
[RestartAppStep] Getting application "Insurance_claim_management"...#
#2026 09 09 05:35:43.505#Z#DEBUG#125301ff-ac10-11f1-b39f-eeee0a9ef9bb.OPERATION#flowable-async-job-executor-thread-15359#
[RestartAppStep] Starting application "Insurance_claim_management-srv"...#
#2026 09 09 05:35:43.531#Z#INFO#125301ff-ac10-11f1-b39f-eeee0a9ef9bb.OPERATION#flowable-async-job-executor-thread-15360#
[RestartAppStep] Starting application "Insurance_claim_management"...#
#2026 09 09 05:35:43.536#Z#DEBUG#125301ff-ac10-11f1-b39f-eeee0a9ef9bb.OPERATION#flowable-async-job-executor-thread-15360#
[RestartAppStep] Starting application "Insurance_claim_management"...#
#2026 09 09 05:35:43.754#Z#DEBUG#125301ff-ac10-11f1-b39f-eeee0a9ef9bb.OPERATION#flowable-async-job-executor-thread-15359#
Step "Start App" finished#
#2026 09 09 05:35:43.866#Z#DEBUG#125301ff-ac10-11f1-b39f-eeee0a9ef9bb.OPERATION#flowable-async-job-executor-thread-15360#
Step "Start App" finished#
#2026 09 09 05:35:53.263#Z#DEBUG#125301ff-ac10-11f1-b39f-eeee0a9ef9bb.OPERATION#flowable-async-job-executor-thread-15366#
[RestartAppStep] Executing task "startAppTask" of process "4d21a2cd-ac10-11f1-ac4f-eeee0a970c81"...#
#2026 09 09 05:35:53.265#Z#DEBUG#125301ff-ac10-11f1-b39f-eeee0a9ef9bb.OPERATION#flowable-async-job-executor-thread-15367#
[RestartAppStep] Executing task "startAppTask" of process "4d1064a8-ac10-11f1-ac4f-eeee0a970c81"...#
#2026 09 09 05:35:53.266#Z#DEBUG#125301ff-ac10-11f1-b39f-eeee0a9ef9bb.OPERATION#flowable-async-job-executor-thread-15366#
[RestartAppStep] Application start timeout is default one: 3,600 seconds#
#2026 09 09 05:35:53.267#Z#DEBUG#125301ff-ac10-11f1-b39f-eeee0a9ef9bb.OPERATION#flowable-async-job-executor-thread-15366#
[RestartAppStep] Checking status of application "Insurance_claim_management"...#
#2026 09 09 05:35:53.267#Z#DEBUG#125301ff-ac10-11f1-b39f-eeee0a9ef9bb.OPERATION#flowable-async-job-executor-thread-15366#
[RestartAppStep] Getting application "Insurance_claim_management"...#
#2026 09 09 05:35:53.267#Z#DEBUG#125301ff-ac10-11f1-b39f-eeee0a9ef9bb.OPERATION#flowable-async-job-executor-thread-15367#
[RestartAppStep] Application start timeout is default one: 3,600 seconds#
#2026 09 09 05:35:53.268#Z#DEBUG#125301ff-ac10-11f1-b39f-eeee0a9ef9bb.OPERATION#flowable-async-job-executor-thread-15367#
[RestartAppStep] Checking status of application "Insurance_claim_management-srv"...#
#2026 09 09 05:35:53.268#Z#DEBUG#125301ff-ac10-11f1-b39f-eeee0a9ef9bb.OPERATION#flowable-async-job-executor-thread-15367#
[RestartAppStep] Getting application "Insurance_claim_management-srv"...#
#2026 09 09 05:35:53.290#Z#DEBUG#125301ff-ac10-11f1-b39f-eeee0a9ef9bb.OPERATION#flowable-async-job-executor-thread-15366#
[RestartAppStep] Getting instances for application "Insurance_claim_management"...#
#2026 09 09 05:35:53.293#Z#DEBUG#125301ff-ac10-11f1-b39f-eeee0a9ef9bb.OPERATION#flowable-async-job-executor-thread-15367#
[RestartAppStep] Getting instances for application "Insurance_claim_management-srv"...#
#2026 09 09 05:35:53.334#Z#DEBUG#125301ff-ac10-11f1-b39f-eeee0a9ef9bb.OPERATION#flowable-async-job-executor-thread-15367#
[RestartAppStep] Application "Insurance_claim_management-srv": 0 of 1 instances running (1 starting)#
#2026 09 09 05:35:53.362#Z#DEBUG#125301ff-ac10-11f1-b39f-eeee0a9ef9bb.OPERATION#flowable-async-job-executor-thread-15366#
[RestartAppStep] Application "Insurance_claim_management": 0 of 1 instances running (1 starting)#
#2026 09 09 05:35:53.368#Z#DEBUG#125301ff-ac10-11f1-b39f-eeee0a9ef9bb.OPERATION#flowable-async-job-executor-thread-15367#
Step "Start App" finished#
#2026 09 09 05:35:53.388#Z#DEBUG#125301ff-ac10-11f1-b39f-eeee0a9ef9bb.OPERATION#flowable-async-job-executor-thread-15366#
Step "Start App" finished#
#2026 09 09 05:36:03.276#Z#DEBUG#125301ff-ac10-11f1-b39f-eeee0a9ef9bb.OPERATION#flowable-async-job-executor-thread-15373#
[RestartAppStep] Executing task "startAppTask" of process "52cb5ebf-ac10-11f1-ac4f-eeee0a970c81"...#
#2026 09 09 05:36:03.279#Z#DEBUG#125301ff-ac10-11f1-b39f-eeee0a9ef9bb.OPERATION#flowable-async-job-executor-thread-15373#
[RestartAppStep] Application start timeout is default one: 3,600 seconds#
#2026 09 09 05:36:03.280#Z#DEBUG#125301ff-ac10-11f1-b39f-eeee0a9ef9bb.OPERATION#flowable-async-job-executor-thread-15373#
[RestartAppStep] Checking status of application "Insurance_claim_management-srv"...#
#2026 09 09 05:36:03.281#Z#DEBUG#125301ff-ac10-11f1-b39f-eeee0a9ef9bb.OPERATION#flowable-async-job-executor-thread-15373#
[RestartAppStep] Getting instances for application "Insurance_claim_management-srv"...#
#2026 09 09 05:36:03.295#Z#DEBUG#125301ff-ac10-11f1-b39f-eeee0a9ef9bb.OPERATION#flowable-async-job-executor-thread-15372#
[RestartAppStep] Executing task "startAppTask" of process "52ce6c06-ac10-11f1-ac4f-eeee0a970c81"...#
#2026 09 09 05:36:03.298#Z#DEBUG#125301ff-ac10-11f1-b39f-eeee0a9ef9bb.OPERATION#flowable-async-job-executor-thread-15372#
[RestartAppStep] Application start timeout is default one: 3,600 seconds#
#2026 09 09 05:36:03.299#Z#DEBUG#125301ff-ac10-11f1-b39f-eeee0a9ef9bb.OPERATION#flowable-async-job-executor-thread-15372#
[RestartAppStep] Checking status of application "Insurance_claim_management"...#
#2026 09 09 05:36:03.299#Z#DEBUG#125301ff-ac10-11f1-b39f-eeee0a9ef9bb.OPERATION#flowable-async-job-executor-thread-15372#
[RestartAppStep] Getting instances for application "Insurance_claim_management"...#
#2026 09 09 05:36:03.329#Z#DEBUG#125301ff-ac10-11f1-b39f-eeee0a9ef9bb.OPERATION#flowable-async-job-executor-thread-15373#
[RestartAppStep] Application "Insurance_claim_management-srv": 0 of 1 instances running (1 starting)#
#2026 09 09 05:36:03.346#Z#DEBUG#125301ff-ac10-11f1-b39f-eeee0a9ef9bb.OPERATION#flowable-async-job-executor-thread-15372#
[RestartAppStep] Application "Insurance_claim_management": 1 of 1 instances running (1 running)#
#2026 09 09 05:36:03.388#Z#DEBUG#125301ff-ac10-11f1-b39f-eeee0a9ef9bb.OPERATION#flowable-async-job-executor-thread-15373#
Step "Start App" finished#
#2026 09 09 05:36:03.408#Z#DEBUG#125301ff-ac10-11f1-b39f-eeee0a9ef9bb.OPERATION#flowable-async-job-executor-thread-15372#
[RestartAppStep] Getting routes for application "ee8268c6-5ffd-425a-b49a-ee1e2c76f442"...#
#2026 09 09 05:36:03.438#Z#INFO#125301ff-ac10-11f1-b39f-eeee0a9ef9bb.OPERATION#flowable-async-job-executor-thread-15372#
[RestartAppStep] Application "Insurance_claim_management" started and available at "547c31aatrial-dev-insurance-claim-management.cfapps.us10-001.hana.ondemand.com"#
#2026 09 09 05:36:03.445#Z#DEBUG#125301ff-ac10-11f1-b39f-eeee0a9ef9bb.OPERATION#flowable-async-job-executor-thread-15372#
Step "Start App" finished#
#2026 09 09 05:36:13.311#Z#DEBUG#125301ff-ac10-11f1-b39f-eeee0a9ef9bb.OPERATION#flowable-async-job-executor-thread-15370#
[RestartAppStep] Executing task "startAppTask" of process "58c47431-ac10-11f1-ac4f-eeee0a970c81"...#
#2026 09 09 05:36:13.315#Z#DEBUG#125301ff-ac10-11f1-b39f-eeee0a9ef9bb.OPERATION#flowable-async-job-executor-thread-15370#
[RestartAppStep] Application start timeout is default one: 3,600 seconds#
#2026 09 09 05:36:13.316#Z#DEBUG#125301ff-ac10-11f1-b39f-eeee0a9ef9bb.OPERATION#flowable-async-job-executor-thread-15370#
[RestartAppStep] Checking status of application "Insurance_claim_management-srv"...#
#2026 09 09 05:36:13.317#Z#DEBUG#125301ff-ac10-11f1-b39f-eeee0a9ef9bb.OPERATION#flowable-async-job-executor-thread-15370#
[RestartAppStep] Getting instances for application "Insurance_claim_management-srv"...#
#2026 09 09 05:36:13.328#Z#DEBUG#125301ff-ac10-11f1-b39f-eeee0a9ef9bb.OPERATION#flowable-async-job-executor-thread-15379#
[RestartAppStep] Executing task "startAppTask" of process "58ccffdb-ac10-11f1-ac4f-eeee0a970c81"...#
#2026 09 09 05:36:13.331#Z#DEBUG#125301ff-ac10-11f1-b39f-eeee0a9ef9bb.OPERATION#flowable-async-job-executor-thread-15379#
[RestartAppStep] Application start timeout is default one: 3,600 seconds#
#2026 09 09 05:36:13.333#Z#DEBUG#125301ff-ac10-11f1-b39f-eeee0a9ef9bb.OPERATION#flowable-async-job-executor-thread-15379#
Step "Start App" finished#
#2026 09 09 05:36:13.363#Z#DEBUG#125301ff-ac10-11f1-b39f-eeee0a9ef9bb.OPERATION#flowable-async-job-executor-thread-15370#
[RestartAppStep] Application "Insurance_claim_management-srv": 0 of 1 instances running (1 starting)#
#2026 09 09 05:36:13.396#Z#DEBUG#125301ff-ac10-11f1-b39f-eeee0a9ef9bb.OPERATION#flowable-async-job-executor-thread-15370#
Step "Start App" finished#
#2026 09 09 05:36:13.413#Z#DEBUG#125301ff-ac10-11f1-b39f-eeee0a9ef9bb.OPERATION#flowable-async-job-executor-thread-15379#
[PrepareToExecuteTasksStep] Executing task "prepareToExecuteTasksTask" of process "5eb7e50b-ac10-11f1-ac4f-eeee0a970c81"...#
#2026 09 09 05:36:13.414#Z#DEBUG#125301ff-ac10-11f1-b39f-eeee0a9ef9bb.OPERATION#flowable-async-job-executor-thread-15379#
Step "Prepare To Execute Tasks" finished#
#2026 09 09 05:36:13.475#Z#DEBUG#125301ff-ac10-11f1-b39f-eeee0a9ef9bb.OPERATION#flowable-async-job-executor-thread-15379#
[PublishConfigurationEntriesStep] Executing task "publishProvidedDependenciesTask" of process "5eb1f177-ac10-11f1-ac4f-eeee0a970c81"...#
#2026 09 09 05:36:13.476#Z#DEBUG#125301ff-ac10-11f1-b39f-eeee0a9ef9bb.OPERATION#flowable-async-job-executor-thread-15379#
[PublishConfigurationEntriesStep] Publishing public provided dependencies for application "Insurance_claim_management"...#
#2026 09 09 05:36:13.477#Z#DEBUG#125301ff-ac10-11f1-b39f-eeee0a9ef9bb.OPERATION#flowable-async-job-executor-thread-15379#
[PublishConfigurationEntriesStep] No public provided dependencies for publishing#
#2026 09 09 05:36:13.477#Z#DEBUG#125301ff-ac10-11f1-b39f-eeee0a9ef9bb.OPERATION#flowable-async-job-executor-thread-15379#
Step "Publish Provided Dependencies" finished#
#2026 09 09 05:36:13.540#Z#DEBUG#125301ff-ac10-11f1-b39f-eeee0a9ef9bb.OPERATION#flowable-async-job-executor-thread-15383#
[CreateOrUpdateServiceBrokerStep] Executing task "createOrUpdateServiceBrokerTask" of process "5eb1f177-ac10-11f1-ac4f-eeee0a970c81"...#
#2026 09 09 05:36:13.542#Z#DEBUG#125301ff-ac10-11f1-b39f-eeee0a9ef9bb.OPERATION#flowable-async-job-executor-thread-15383#
[CreateOrUpdateServiceBrokerStep] Creating service brokers...#
#2026 09 09 05:36:13.543#Z#DEBUG#125301ff-ac10-11f1-b39f-eeee0a9ef9bb.OPERATION#flowable-async-job-executor-thread-15383#
Step "Create Or Update Service Broker " finished#
#2026 09 09 05:36:23.360#Z#DEBUG#125301ff-ac10-11f1-b39f-eeee0a9ef9bb.OPERATION#flowable-async-job-executor-thread-15387#
[RestartAppStep] Executing task "startAppTask" of process "5ebb8d92-ac10-11f1-ac4f-eeee0a970c81"...#
#2026 09 09 05:36:23.366#Z#DEBUG#125301ff-ac10-11f1-b39f-eeee0a9ef9bb.OPERATION#flowable-async-job-executor-thread-15387#
[RestartAppStep] Application start timeout is default one: 3,600 seconds#
#2026 09 09 05:36:23.367#Z#DEBUG#125301ff-ac10-11f1-b39f-eeee0a9ef9bb.OPERATION#flowable-async-job-executor-thread-15387#
[RestartAppStep] Checking status of application "Insurance_claim_management-srv"...#
#2026 09 09 05:36:23.368#Z#DEBUG#125301ff-ac10-11f1-b39f-eeee0a9ef9bb.OPERATION#flowable-async-job-executor-thread-15387#
[RestartAppStep] Getting instances for application "Insurance_claim_management-srv"...#
#2026 09 09 05:36:23.414#Z#DEBUG#125301ff-ac10-11f1-b39f-eeee0a9ef9bb.OPERATION#flowable-async-job-executor-thread-15387#
[RestartAppStep] Application "Insurance_claim_management-srv": 0 of 1 instances running (1 starting)#
#2026 09 09 05:36:23.489#Z#DEBUG#125301ff-ac10-11f1-b39f-eeee0a9ef9bb.OPERATION#flowable-async-job-executor-thread-15387#
Step "Start App" finished#
#2026 09 09 05:36:33.409#Z#DEBUG#125301ff-ac10-11f1-b39f-eeee0a9ef9bb.OPERATION#flowable-async-job-executor-thread-15396#
[RestartAppStep] Executing task "startAppTask" of process "64bfc6e2-ac10-11f1-ac4f-eeee0a970c81"...#
#2026 09 09 05:36:33.412#Z#DEBUG#125301ff-ac10-11f1-b39f-eeee0a9ef9bb.OPERATION#flowable-async-job-executor-thread-15396#
[RestartAppStep] Application start timeout is default one: 3,600 seconds#
#2026 09 09 05:36:33.413#Z#DEBUG#125301ff-ac10-11f1-b39f-eeee0a9ef9bb.OPERATION#flowable-async-job-executor-thread-15396#
[RestartAppStep] Checking status of application "Insurance_claim_management-srv"...#
#2026 09 09 05:36:33.414#Z#DEBUG#125301ff-ac10-11f1-b39f-eeee0a9ef9bb.OPERATION#flowable-async-job-executor-thread-15396#
[RestartAppStep] Getting instances for application "Insurance_claim_management-srv"...#
#2026 09 09 05:36:33.473#Z#DEBUG#125301ff-ac10-11f1-b39f-eeee0a9ef9bb.OPERATION#flowable-async-job-executor-thread-15396#
[RestartAppStep] Application "Insurance_claim_management-srv": 0 of 1 instances running (1 crashed)#
#2026 09 09 05:36:33.520#Z#ERROR#125301ff-ac10-11f1-b39f-eeee0a9ef9bb.OPERATION#flowable-async-job-executor-thread-15396#
[RestartAppStep] Error starting application "Insurance_claim_management-srv": Some instances have crashed. Check the application logs of your application for details.#
#2026 09 09 05:36:33.527#Z#INFO#125301ff-ac10-11f1-b39f-eeee0a9ef9bb.OPERATION#flowable-async-job-executor-thread-15396#
[RestartAppStep] Download the MTA operation logs for more details.#
#2026 09 09 05:36:33.533#Z#DEBUG#125301ff-ac10-11f1-b39f-eeee0a9ef9bb.OPERATION#flowable-async-job-executor-thread-15396#
Step "Start App" finished#
#2026 09 09 05:36:34.445#Z#DEBUG#125301ff-ac10-11f1-b39f-eeee0a9ef9bb.OPERATION#flowable-async-job-executor-thread-6607#
[RestartAppStep] Executing task "startAppTask" of process "64bfc6e2-ac10-11f1-ac4f-eeee0a970c81"...#
#2026 09 09 05:36:34.451#Z#DEBUG#125301ff-ac10-11f1-b39f-eeee0a9ef9bb.OPERATION#flowable-async-job-executor-thread-6607#
[RestartAppStep] Application start timeout is default one: 3,600 seconds#
#2026 09 09 05:36:34.465#Z#DEBUG#125301ff-ac10-11f1-b39f-eeee0a9ef9bb.OPERATION#flowable-async-job-executor-thread-6607#
[RestartAppStep] Getting application "Insurance_claim_management-srv"...#
#2026 09 09 05:36:34.492#Z#INFO#125301ff-ac10-11f1-b39f-eeee0a9ef9bb.OPERATION#flowable-async-job-executor-thread-6607#
[RestartAppStep] Stopping application "Insurance_claim_management-srv"...#
#2026 09 09 05:36:34.499#Z#DEBUG#125301ff-ac10-11f1-b39f-eeee0a9ef9bb.OPERATION#flowable-async-job-executor-thread-6607#
[RestartAppStep] Stopping application "Insurance_claim_management-srv"...#
#2026 09 09 05:36:34.650#Z#INFO#125301ff-ac10-11f1-b39f-eeee0a9ef9bb.OPERATION#flowable-async-job-executor-thread-6607#
[RestartAppStep] Starting application "Insurance_claim_management-srv"...#
#2026 09 09 05:36:34.658#Z#DEBUG#125301ff-ac10-11f1-b39f-eeee0a9ef9bb.OPERATION#flowable-async-job-executor-thread-6607#
[RestartAppStep] Starting application "Insurance_claim_management-srv"...#
#2026 09 09 05:36:34.875#Z#DEBUG#125301ff-ac10-11f1-b39f-eeee0a9ef9bb.OPERATION#flowable-async-job-executor-thread-6607#
Step "Start App" finished#
#2026 09 09 05:36:43.423#Z#DEBUG#125301ff-ac10-11f1-b39f-eeee0a9ef9bb.OPERATION#flowable-async-job-executor-thread-15405#
[RestartAppStep] Executing task "startAppTask" of process "6b894b1d-ac10-11f1-9fee-eeee0a8f4579"...#
#2026 09 09 05:36:43.426#Z#DEBUG#125301ff-ac10-11f1-b39f-eeee0a9ef9bb.OPERATION#flowable-async-job-executor-thread-15405#
[RestartAppStep] Application start timeout is default one: 3,600 seconds#
#2026 09 09 05:36:43.489#Z#DEBUG#125301ff-ac10-11f1-b39f-eeee0a9ef9bb.OPERATION#flowable-async-job-executor-thread-15405#
[RestartAppStep] Checking status of application "Insurance_claim_management-srv"...#
#2026 09 09 05:36:43.490#Z#DEBUG#125301ff-ac10-11f1-b39f-eeee0a9ef9bb.OPERATION#flowable-async-job-executor-thread-15405#
[RestartAppStep] Getting instances for application "Insurance_claim_management-srv"...#
#2026 09 09 05:36:43.545#Z#DEBUG#125301ff-ac10-11f1-b39f-eeee0a9ef9bb.OPERATION#flowable-async-job-executor-thread-15405#
[RestartAppStep] Application "Insurance_claim_management-srv": 0 of 1 instances running (1 starting)#
#2026 09 09 05:36:43.602#Z#DEBUG#125301ff-ac10-11f1-b39f-eeee0a9ef9bb.OPERATION#flowable-async-job-executor-thread-15405#
Step "Start App" finished#
#2026 09 09 05:36:53.457#Z#DEBUG#125301ff-ac10-11f1-b39f-eeee0a9ef9bb.OPERATION#flowable-async-job-executor-thread-15413#
[RestartAppStep] Executing task "startAppTask" of process "70bca01c-ac10-11f1-ac4f-eeee0a970c81"...#
#2026 09 09 05:36:53.459#Z#DEBUG#125301ff-ac10-11f1-b39f-eeee0a9ef9bb.OPERATION#flowable-async-job-executor-thread-15413#
[RestartAppStep] Application start timeout is default one: 3,600 seconds#
#2026 09 09 05:36:53.460#Z#DEBUG#125301ff-ac10-11f1-b39f-eeee0a9ef9bb.OPERATION#flowable-async-job-executor-thread-15413#
[RestartAppStep] Checking status of application "Insurance_claim_management-srv"...#
#2026 09 09 05:36:53.461#Z#DEBUG#125301ff-ac10-11f1-b39f-eeee0a9ef9bb.OPERATION#flowable-async-job-executor-thread-15413#
[RestartAppStep] Getting instances for application "Insurance_claim_management-srv"...#
#2026 09 09 05:36:53.503#Z#DEBUG#125301ff-ac10-11f1-b39f-eeee0a9ef9bb.OPERATION#flowable-async-job-executor-thread-15413#
[RestartAppStep] Application "Insurance_claim_management-srv": 0 of 1 instances running (1 starting)#
#2026 09 09 05:36:53.555#Z#DEBUG#125301ff-ac10-11f1-b39f-eeee0a9ef9bb.OPERATION#flowable-async-job-executor-thread-15413#
Step "Start App" finished#
#2026 09 09 05:37:03.481#Z#DEBUG#125301ff-ac10-11f1-b39f-eeee0a9ef9bb.OPERATION#flowable-async-job-executor-thread-15421#
[RestartAppStep] Executing task "startAppTask" of process "76ab548f-ac10-11f1-ac4f-eeee0a970c81"...#
#2026 09 09 05:37:03.484#Z#DEBUG#125301ff-ac10-11f1-b39f-eeee0a9ef9bb.OPERATION#flowable-async-job-executor-thread-15421#
[RestartAppStep] Application start timeout is default one: 3,600 seconds#
#2026 09 09 05:37:03.485#Z#DEBUG#125301ff-ac10-11f1-b39f-eeee0a9ef9bb.OPERATION#flowable-async-job-executor-thread-15421#
[RestartAppStep] Checking status of application "Insurance_claim_management-srv"...#
#2026 09 09 05:37:03.486#Z#DEBUG#125301ff-ac10-11f1-b39f-eeee0a9ef9bb.OPERATION#flowable-async-job-executor-thread-15421#
[RestartAppStep] Getting instances for application "Insurance_claim_management-srv"...#
#2026 09 09 05:37:03.526#Z#DEBUG#125301ff-ac10-11f1-b39f-eeee0a9ef9bb.OPERATION#flowable-async-job-executor-thread-15421#
[RestartAppStep] Application "Insurance_claim_management-srv": 0 of 1 instances running (1 starting)#
#2026 09 09 05:37:03.585#Z#DEBUG#125301ff-ac10-11f1-b39f-eeee0a9ef9bb.OPERATION#flowable-async-job-executor-thread-15421#
Step "Start App" finished#
#2026 09 09 05:37:13.509#Z#DEBUG#125301ff-ac10-11f1-b39f-eeee0a9ef9bb.OPERATION#flowable-async-job-executor-thread-15427#
[RestartAppStep] Executing task "startAppTask" of process "7ca5f0f2-ac10-11f1-ac4f-eeee0a970c81"...#
#2026 09 09 05:37:13.511#Z#DEBUG#125301ff-ac10-11f1-b39f-eeee0a9ef9bb.OPERATION#flowable-async-job-executor-thread-15427#
[RestartAppStep] Application start timeout is default one: 3,600 seconds#
#2026 09 09 05:37:13.512#Z#DEBUG#125301ff-ac10-11f1-b39f-eeee0a9ef9bb.OPERATION#flowable-async-job-executor-thread-15427#
[RestartAppStep] Checking status of application "Insurance_claim_management-srv"...#
#2026 09 09 05:37:13.513#Z#DEBUG#125301ff-ac10-11f1-b39f-eeee0a9ef9bb.OPERATION#flowable-async-job-executor-thread-15427#
[RestartAppStep] Getting instances for application "Insurance_claim_management-srv"...#
#2026 09 09 05:37:13.588#Z#DEBUG#125301ff-ac10-11f1-b39f-eeee0a9ef9bb.OPERATION#flowable-async-job-executor-thread-15427#
[RestartAppStep] Application "Insurance_claim_management-srv": 0 of 1 instances running (1 starting)#
#2026 09 09 05:37:13.618#Z#DEBUG#125301ff-ac10-11f1-b39f-eeee0a9ef9bb.OPERATION#flowable-async-job-executor-thread-15427#
Step "Start App" finished#
#2026 09 09 05:37:23.520#Z#DEBUG#125301ff-ac10-11f1-b39f-eeee0a9ef9bb.OPERATION#flowable-async-job-executor-thread-15433#
[RestartAppStep] Executing task "startAppTask" of process "82a0b3a8-ac10-11f1-ac4f-eeee0a970c81"...#
#2026 09 09 05:37:23.523#Z#DEBUG#125301ff-ac10-11f1-b39f-eeee0a9ef9bb.OPERATION#flowable-async-job-executor-thread-15433#
[RestartAppStep] Application start timeout is default one: 3,600 seconds#
#2026 09 09 05:37:23.524#Z#DEBUG#125301ff-ac10-11f1-b39f-eeee0a9ef9bb.OPERATION#flowable-async-job-executor-thread-15433#
[RestartAppStep] Checking status of application "Insurance_claim_management-srv"...#
#2026 09 09 05:37:23.525#Z#DEBUG#125301ff-ac10-11f1-b39f-eeee0a9ef9bb.OPERATION#flowable-async-job-executor-thread-15433#
[RestartAppStep] Getting instances for application "Insurance_claim_management-srv"...#
#2026 09 09 05:37:23.584#Z#DEBUG#125301ff-ac10-11f1-b39f-eeee0a9ef9bb.OPERATION#flowable-async-job-executor-thread-15433#
[RestartAppStep] Application "Insurance_claim_management-srv": 0 of 1 instances running (1 crashed)#
#2026 09 09 05:37:23.623#Z#ERROR#125301ff-ac10-11f1-b39f-eeee0a9ef9bb.OPERATION#flowable-async-job-executor-thread-15433#
[RestartAppStep] Error starting application "Insurance_claim_management-srv": Some instances have crashed. Check the application logs of your application for details.#
#2026 09 09 05:37:23.627#Z#INFO#125301ff-ac10-11f1-b39f-eeee0a9ef9bb.OPERATION#flowable-async-job-executor-thread-15433#
[RestartAppStep] Download the MTA operation logs for more details.#
#2026 09 09 05:37:23.631#Z#DEBUG#125301ff-ac10-11f1-b39f-eeee0a9ef9bb.OPERATION#flowable-async-job-executor-thread-15433#
Step "Start App" finished#
#2026 09 09 05:37:26.274#Z#DEBUG#125301ff-ac10-11f1-b39f-eeee0a9ef9bb.OPERATION#flowable-async-job-executor-thread-6621#
[RestartAppStep] Executing task "startAppTask" of process "82a0b3a8-ac10-11f1-ac4f-eeee0a970c81"...#
#2026 09 09 05:37:26.281#Z#DEBUG#125301ff-ac10-11f1-b39f-eeee0a9ef9bb.OPERATION#flowable-async-job-executor-thread-6621#
[RestartAppStep] Application start timeout is default one: 3,600 seconds#
#2026 09 09 05:37:26.294#Z#DEBUG#125301ff-ac10-11f1-b39f-eeee0a9ef9bb.OPERATION#flowable-async-job-executor-thread-6621#
[RestartAppStep] Getting application "Insurance_claim_management-srv"...#
#2026 09 09 05:37:26.319#Z#INFO#125301ff-ac10-11f1-b39f-eeee0a9ef9bb.OPERATION#flowable-async-job-executor-thread-6621#
[RestartAppStep] Stopping application "Insurance_claim_management-srv"...#
#2026 09 09 05:37:26.327#Z#DEBUG#125301ff-ac10-11f1-b39f-eeee0a9ef9bb.OPERATION#flowable-async-job-executor-thread-6621#
[RestartAppStep] Stopping application "Insurance_claim_management-srv"...#
#2026 09 09 05:37:26.461#Z#INFO#125301ff-ac10-11f1-b39f-eeee0a9ef9bb.OPERATION#flowable-async-job-executor-thread-6621#
[RestartAppStep] Starting application "Insurance_claim_management-srv"...#
#2026 09 09 05:37:26.467#Z#DEBUG#125301ff-ac10-11f1-b39f-eeee0a9ef9bb.OPERATION#flowable-async-job-executor-thread-6621#
[RestartAppStep] Starting application "Insurance_claim_management-srv"...#
#2026 09 09 05:37:26.671#Z#DEBUG#125301ff-ac10-11f1-b39f-eeee0a9ef9bb.OPERATION#flowable-async-job-executor-thread-6621#
Step "Start App" finished#
#2026 09 09 05:37:33.537#Z#DEBUG#125301ff-ac10-11f1-b39f-eeee0a9ef9bb.OPERATION#flowable-async-job-executor-thread-15438#
[RestartAppStep] Executing task "startAppTask" of process "8a689592-ac10-11f1-9fee-eeee0a8f4579"...#
#2026 09 09 05:37:33.539#Z#DEBUG#125301ff-ac10-11f1-b39f-eeee0a9ef9bb.OPERATION#flowable-async-job-executor-thread-15438#
[RestartAppStep] Application start timeout is default one: 3,600 seconds#
#2026 09 09 05:37:33.598#Z#DEBUG#125301ff-ac10-11f1-b39f-eeee0a9ef9bb.OPERATION#flowable-async-job-executor-thread-15438#
[RestartAppStep] Checking status of application "Insurance_claim_management-srv"...#
#2026 09 09 05:37:33.599#Z#DEBUG#125301ff-ac10-11f1-b39f-eeee0a9ef9bb.OPERATION#flowable-async-job-executor-thread-15438#
[RestartAppStep] Getting instances for application "Insurance_claim_management-srv"...#
#2026 09 09 05:37:33.668#Z#DEBUG#125301ff-ac10-11f1-b39f-eeee0a9ef9bb.OPERATION#flowable-async-job-executor-thread-15438#
[RestartAppStep] Application "Insurance_claim_management-srv": 0 of 1 instances running (1 starting)#
#2026 09 09 05:37:33.726#Z#DEBUG#125301ff-ac10-11f1-b39f-eeee0a9ef9bb.OPERATION#flowable-async-job-executor-thread-15438#
Step "Start App" finished#
#2026 09 09 05:37:43.547#Z#DEBUG#125301ff-ac10-11f1-b39f-eeee0a9ef9bb.OPERATION#flowable-async-job-executor-thread-15444#
[RestartAppStep] Executing task "startAppTask" of process "8e9cf0f9-ac10-11f1-ac4f-eeee0a970c81"...#
#2026 09 09 05:37:43.550#Z#DEBUG#125301ff-ac10-11f1-b39f-eeee0a9ef9bb.OPERATION#flowable-async-job-executor-thread-15444#
[RestartAppStep] Application start timeout is default one: 3,600 seconds#
#2026 09 09 05:37:43.551#Z#DEBUG#125301ff-ac10-11f1-b39f-eeee0a9ef9bb.OPERATION#flowable-async-job-executor-thread-15444#
[RestartAppStep] Checking status of application "Insurance_claim_management-srv"...#
#2026 09 09 05:37:43.551#Z#DEBUG#125301ff-ac10-11f1-b39f-eeee0a9ef9bb.OPERATION#flowable-async-job-executor-thread-15444#
[RestartAppStep] Getting instances for application "Insurance_claim_management-srv"...#
#2026 09 09 05:37:43.591#Z#DEBUG#125301ff-ac10-11f1-b39f-eeee0a9ef9bb.OPERATION#flowable-async-job-executor-thread-15444#
[RestartAppStep] Application "Insurance_claim_management-srv": 0 of 1 instances running (1 starting)#
#2026 09 09 05:37:43.631#Z#DEBUG#125301ff-ac10-11f1-b39f-eeee0a9ef9bb.OPERATION#flowable-async-job-executor-thread-15444#
Step "Start App" finished#
#2026 09 09 05:37:53.560#Z#DEBUG#125301ff-ac10-11f1-b39f-eeee0a9ef9bb.OPERATION#flowable-async-job-executor-thread-15446#
[RestartAppStep] Executing task "startAppTask" of process "94845293-ac10-11f1-ac4f-eeee0a970c81"...#
#2026 09 09 05:37:53.563#Z#DEBUG#125301ff-ac10-11f1-b39f-eeee0a9ef9bb.OPERATION#flowable-async-job-executor-thread-15446#
[RestartAppStep] Application start timeout is default one: 3,600 seconds#
#2026 09 09 05:37:53.564#Z#DEBUG#125301ff-ac10-11f1-b39f-eeee0a9ef9bb.OPERATION#flowable-async-job-executor-thread-15446#
[RestartAppStep] Checking status of application "Insurance_claim_management-srv"...#
#2026 09 09 05:37:53.564#Z#DEBUG#125301ff-ac10-11f1-b39f-eeee0a9ef9bb.OPERATION#flowable-async-job-executor-thread-15446#
[RestartAppStep] Getting instances for application "Insurance_claim_management-srv"...#
#2026 09 09 05:37:53.606#Z#DEBUG#125301ff-ac10-11f1-b39f-eeee0a9ef9bb.OPERATION#flowable-async-job-executor-thread-15446#
[RestartAppStep] Application "Insurance_claim_management-srv": 0 of 1 instances running (1 starting)#
#2026 09 09 05:37:53.641#Z#DEBUG#125301ff-ac10-11f1-b39f-eeee0a9ef9bb.OPERATION#flowable-async-job-executor-thread-15446#
Step "Start App" finished#
#2026 09 09 05:38:03.577#Z#DEBUG#125301ff-ac10-11f1-b39f-eeee0a9ef9bb.OPERATION#flowable-async-job-executor-thread-9387#
[RestartAppStep] Executing task "startAppTask" of process "9a7bba40-ac10-11f1-ac4f-eeee0a970c81"...#
#2026 09 09 05:38:03.580#Z#DEBUG#125301ff-ac10-11f1-b39f-eeee0a9ef9bb.OPERATION#flowable-async-job-executor-thread-9387#
[RestartAppStep] Application start timeout is default one: 3,600 seconds#
#2026 09 09 05:38:03.581#Z#DEBUG#125301ff-ac10-11f1-b39f-eeee0a9ef9bb.OPERATION#flowable-async-job-executor-thread-9387#
[RestartAppStep] Checking status of application "Insurance_claim_management-srv"...#
#2026 09 09 05:38:03.582#Z#DEBUG#125301ff-ac10-11f1-b39f-eeee0a9ef9bb.OPERATION#flowable-async-job-executor-thread-9387#
[RestartAppStep] Getting instances for application "Insurance_claim_management-srv"...#
#2026 09 09 05:38:03.639#Z#DEBUG#125301ff-ac10-11f1-b39f-eeee0a9ef9bb.OPERATION#flowable-async-job-executor-thread-9387#
[RestartAppStep] Application "Insurance_claim_management-srv": 0 of 1 instances running (1 starting)#
#2026 09 09 05:38:03.669#Z#DEBUG#125301ff-ac10-11f1-b39f-eeee0a9ef9bb.OPERATION#flowable-async-job-executor-thread-9387#
Step "Start App" finished#
#2026 09 09 05:38:13.583#Z#DEBUG#125301ff-ac10-11f1-b39f-eeee0a9ef9bb.OPERATION#flowable-async-job-executor-thread-15460#
[RestartAppStep] Executing task "startAppTask" of process "a07607c5-ac10-11f1-b39f-eeee0a9ef9bb"...#
#2026 09 09 05:38:13.585#Z#DEBUG#125301ff-ac10-11f1-b39f-eeee0a9ef9bb.OPERATION#flowable-async-job-executor-thread-15460#
[RestartAppStep] Application start timeout is default one: 3,600 seconds#
#2026 09 09 05:38:13.586#Z#DEBUG#125301ff-ac10-11f1-b39f-eeee0a9ef9bb.OPERATION#flowable-async-job-executor-thread-15460#
[RestartAppStep] Checking status of application "Insurance_claim_management-srv"...#
#2026 09 09 05:38:13.587#Z#DEBUG#125301ff-ac10-11f1-b39f-eeee0a9ef9bb.OPERATION#flowable-async-job-executor-thread-15460#
[RestartAppStep] Getting instances for application "Insurance_claim_management-srv"...#
#2026 09 09 05:38:13.634#Z#DEBUG#125301ff-ac10-11f1-b39f-eeee0a9ef9bb.OPERATION#flowable-async-job-executor-thread-15460#
[RestartAppStep] Application "Insurance_claim_management-srv": 0 of 1 instances running (1 crashed)#
#2026 09 09 05:38:13.712#Z#ERROR#125301ff-ac10-11f1-b39f-eeee0a9ef9bb.OPERATION#flowable-async-job-executor-thread-15460#
[RestartAppStep] Error starting application "Insurance_claim_management-srv": Some instances have crashed. Check the application logs of your application for details.#
#2026 09 09 05:38:13.716#Z#INFO#125301ff-ac10-11f1-b39f-eeee0a9ef9bb.OPERATION#flowable-async-job-executor-thread-15460#
[RestartAppStep] Download the MTA operation logs for more details.#
#2026 09 09 05:38:13.719#Z#DEBUG#125301ff-ac10-11f1-b39f-eeee0a9ef9bb.OPERATION#flowable-async-job-executor-thread-15460#
Step "Start App" finished#
#2026 09 09 05:38:15.028#Z#DEBUG#125301ff-ac10-11f1-b39f-eeee0a9ef9bb.OPERATION#flowable-async-job-executor-thread-15461#
[RestartAppStep] Executing task "startAppTask" of process "a07607c5-ac10-11f1-b39f-eeee0a9ef9bb"...#
#2026 09 09 05:38:15.031#Z#DEBUG#125301ff-ac10-11f1-b39f-eeee0a9ef9bb.OPERATION#flowable-async-job-executor-thread-15461#
[RestartAppStep] Application start timeout is default one: 3,600 seconds#
#2026 09 09 05:38:15.116#Z#DEBUG#125301ff-ac10-11f1-b39f-eeee0a9ef9bb.OPERATION#flowable-async-job-executor-thread-15461#
[RestartAppStep] Getting application "Insurance_claim_management-srv"...#
#2026 09 09 05:38:15.160#Z#INFO#125301ff-ac10-11f1-b39f-eeee0a9ef9bb.OPERATION#flowable-async-job-executor-thread-15461#
[RestartAppStep] Stopping application "Insurance_claim_management-srv"...#
#2026 09 09 05:38:15.164#Z#DEBUG#125301ff-ac10-11f1-b39f-eeee0a9ef9bb.OPERATION#flowable-async-job-executor-thread-15461#
[RestartAppStep] Stopping application "Insurance_claim_management-srv"...#
#2026 09 09 05:38:15.302#Z#INFO#125301ff-ac10-11f1-b39f-eeee0a9ef9bb.OPERATION#flowable-async-job-executor-thread-15461#
[RestartAppStep] Starting application "Insurance_claim_management-srv"...#
#2026 09 09 05:38:15.306#Z#DEBUG#125301ff-ac10-11f1-b39f-eeee0a9ef9bb.OPERATION#flowable-async-job-executor-thread-15461#
[RestartAppStep] Starting application "Insurance_claim_management-srv"...#
#2026 09 09 05:38:15.575#Z#DEBUG#125301ff-ac10-11f1-b39f-eeee0a9ef9bb.OPERATION#flowable-async-job-executor-thread-15461#
Step "Start App" finished#
#2026 09 09 05:38:23.631#Z#DEBUG#125301ff-ac10-11f1-b39f-eeee0a9ef9bb.OPERATION#flowable-async-job-executor-thread-6642#
[RestartAppStep] Executing task "startAppTask" of process "a78e96b6-ac10-11f1-ac4f-eeee0a970c81"...#
#2026 09 09 05:38:23.635#Z#DEBUG#125301ff-ac10-11f1-b39f-eeee0a9ef9bb.OPERATION#flowable-async-job-executor-thread-6642#
[RestartAppStep] Application start timeout is default one: 3,600 seconds#
#2026 09 09 05:38:23.636#Z#DEBUG#125301ff-ac10-11f1-b39f-eeee0a9ef9bb.OPERATION#flowable-async-job-executor-thread-6642#
[RestartAppStep] Checking status of application "Insurance_claim_management-srv"...#
#2026 09 09 05:38:23.638#Z#DEBUG#125301ff-ac10-11f1-b39f-eeee0a9ef9bb.OPERATION#flowable-async-job-executor-thread-6642#
[RestartAppStep] Getting instances for application "Insurance_claim_management-srv"...#
#2026 09 09 05:38:23.690#Z#DEBUG#125301ff-ac10-11f1-b39f-eeee0a9ef9bb.OPERATION#flowable-async-job-executor-thread-6642#
[RestartAppStep] Application "Insurance_claim_management-srv": 0 of 1 instances running (1 starting)#
#2026 09 09 05:38:23.735#Z#DEBUG#125301ff-ac10-11f1-b39f-eeee0a9ef9bb.OPERATION#flowable-async-job-executor-thread-6642#
Step "Start App" finished#
#2026 09 09 05:38:33.617#Z#DEBUG#125301ff-ac10-11f1-b39f-eeee0a9ef9bb.OPERATION#flowable-async-job-executor-thread-15474#
[RestartAppStep] Executing task "startAppTask" of process "ac6c5189-ac10-11f1-9fee-eeee0a8f4579"...#
#2026 09 09 05:38:33.620#Z#DEBUG#125301ff-ac10-11f1-b39f-eeee0a9ef9bb.OPERATION#flowable-async-job-executor-thread-15474#
[RestartAppStep] Application start timeout is default one: 3,600 seconds#
#2026 09 09 05:38:33.621#Z#DEBUG#125301ff-ac10-11f1-b39f-eeee0a9ef9bb.OPERATION#flowable-async-job-executor-thread-15474#
[RestartAppStep] Checking status of application "Insurance_claim_management-srv"...#
#2026 09 09 05:38:33.621#Z#DEBUG#125301ff-ac10-11f1-b39f-eeee0a9ef9bb.OPERATION#flowable-async-job-executor-thread-15474#
[RestartAppStep] Getting instances for application "Insurance_claim_management-srv"...#
#2026 09 09 05:38:33.676#Z#DEBUG#125301ff-ac10-11f1-b39f-eeee0a9ef9bb.OPERATION#flowable-async-job-executor-thread-15474#
[RestartAppStep] Application "Insurance_claim_management-srv": 0 of 1 instances running (1 starting)#
#2026 09 09 05:38:33.730#Z#DEBUG#125301ff-ac10-11f1-b39f-eeee0a9ef9bb.OPERATION#flowable-async-job-executor-thread-15474#
Step "Start App" finished#
#2026 09 09 05:38:43.680#Z#DEBUG#125301ff-ac10-11f1-b39f-eeee0a9ef9bb.OPERATION#flowable-async-job-executor-thread-15482#
[RestartAppStep] Executing task "startAppTask" of process "b260ab69-ac10-11f1-ac4f-eeee0a970c81"...#
#2026 09 09 05:38:43.683#Z#DEBUG#125301ff-ac10-11f1-b39f-eeee0a9ef9bb.OPERATION#flowable-async-job-executor-thread-15482#
[RestartAppStep] Application start timeout is default one: 3,600 seconds#
#2026 09 09 05:38:43.684#Z#DEBUG#125301ff-ac10-11f1-b39f-eeee0a9ef9bb.OPERATION#flowable-async-job-executor-thread-15482#
[RestartAppStep] Checking status of application "Insurance_claim_management-srv"...#
#2026 09 09 05:38:43.685#Z#DEBUG#125301ff-ac10-11f1-b39f-eeee0a9ef9bb.OPERATION#flowable-async-job-executor-thread-15482#
[RestartAppStep] Getting instances for application "Insurance_claim_management-srv"...#
#2026 09 09 05:38:43.731#Z#DEBUG#125301ff-ac10-11f1-b39f-eeee0a9ef9bb.OPERATION#flowable-async-job-executor-thread-15482#
[RestartAppStep] Application "Insurance_claim_management-srv": 0 of 1 instances running (1 starting)#
#2026 09 09 05:38:43.777#Z#DEBUG#125301ff-ac10-11f1-b39f-eeee0a9ef9bb.OPERATION#flowable-async-job-executor-thread-15482#
Step "Start App" finished#
#2026 09 09 05:38:53.715#Z#DEBUG#125301ff-ac10-11f1-b39f-eeee0a9ef9bb.OPERATION#flowable-async-job-executor-thread-9416#
[RestartAppStep] Executing task "startAppTask" of process "b85e0706-ac10-11f1-ac4f-eeee0a970c81"...#
#2026 09 09 05:38:53.718#Z#DEBUG#125301ff-ac10-11f1-b39f-eeee0a9ef9bb.OPERATION#flowable-async-job-executor-thread-9416#
[RestartAppStep] Application start timeout is default one: 3,600 seconds#
#2026 09 09 05:38:53.720#Z#DEBUG#125301ff-ac10-11f1-b39f-eeee0a9ef9bb.OPERATION#flowable-async-job-executor-thread-9416#
[RestartAppStep] Checking status of application "Insurance_claim_management-srv"...#
#2026 09 09 05:38:53.722#Z#DEBUG#125301ff-ac10-11f1-b39f-eeee0a9ef9bb.OPERATION#flowable-async-job-executor-thread-9416#
[RestartAppStep] Getting instances for application "Insurance_claim_management-srv"...#
#2026 09 09 05:38:53.779#Z#DEBUG#125301ff-ac10-11f1-b39f-eeee0a9ef9bb.OPERATION#flowable-async-job-executor-thread-9416#
[RestartAppStep] Application "Insurance_claim_management-srv": 0 of 1 instances running (1 starting)#
#2026 09 09 05:38:53.811#Z#DEBUG#125301ff-ac10-11f1-b39f-eeee0a9ef9bb.OPERATION#flowable-async-job-executor-thread-9416#
Step "Start App" finished#
#2026 09 09 05:39:03.744#Z#DEBUG#125301ff-ac10-11f1-b39f-eeee0a9ef9bb.OPERATION#flowable-async-job-executor-thread-9423#
[RestartAppStep] Executing task "startAppTask" of process "be58f14b-ac10-11f1-b39f-eeee0a9ef9bb"...#
#2026 09 09 05:39:03.748#Z#DEBUG#125301ff-ac10-11f1-b39f-eeee0a9ef9bb.OPERATION#flowable-async-job-executor-thread-9423#
[RestartAppStep] Application start timeout is default one: 3,600 seconds#
#2026 09 09 05:39:03.749#Z#DEBUG#125301ff-ac10-11f1-b39f-eeee0a9ef9bb.OPERATION#flowable-async-job-executor-thread-9423#
[RestartAppStep] Checking status of application "Insurance_claim_management-srv"...#
#2026 09 09 05:39:03.749#Z#DEBUG#125301ff-ac10-11f1-b39f-eeee0a9ef9bb.OPERATION#flowable-async-job-executor-thread-9423#
[RestartAppStep] Getting instances for application "Insurance_claim_management-srv"...#
#2026 09 09 05:39:03.809#Z#DEBUG#125301ff-ac10-11f1-b39f-eeee0a9ef9bb.OPERATION#flowable-async-job-executor-thread-9423#
[RestartAppStep] Application "Insurance_claim_management-srv": 0 of 1 instances running (1 crashed)#
#2026 09 09 05:39:03.845#Z#ERROR#125301ff-ac10-11f1-b39f-eeee0a9ef9bb.OPERATION#flowable-async-job-executor-thread-9423#
[RestartAppStep] Error starting application "Insurance_claim_management-srv": Some instances have crashed. Check the application logs of your application for details.#
#2026 09 09 05:39:03.850#Z#INFO#125301ff-ac10-11f1-b39f-eeee0a9ef9bb.OPERATION#flowable-async-job-executor-thread-9423#
[RestartAppStep] Download the MTA operation logs for more details.#
#2026 09 09 05:39:03.854#Z#DEBUG#125301ff-ac10-11f1-b39f-eeee0a9ef9bb.OPERATION#flowable-async-job-executor-thread-9423#
Step "Start App" finished#
